report_id,template_group,crime_type
INF-0042057,informal-Assault-1,Assault
INF-0010724,informal-Fraud-8,Fraud
INF-0032025,informal-Assault-7,Assault
INF-0001190,informal-Theft-4,Theft
INF-0009936,informal-Arson-0,Arson
SYN-0007762,Theft-2-layout1,Theft
INF-0044267,informal-Cybercrime-7,Cybercrime
SYN-0002841,Robbery-3-layout2,Robbery
INF-0017929,informal-Assault-9,Assault
SYN-0011605,Cybercrime-2-layout1,Cybercrime
SYN-0000672,Burglary-4-layout4,Burglary
SYN-0009815,Arson-2-layout3,Arson
INF-0041656,informal-Arson-5,Arson
INF-0021240,informal-Arson-9,Arson
SYN-0010781,Cybercrime-3-layout0,Cybercrime
SYN-0003521,Robbery-0-layout1,Robbery
INF-0039320,informal-Arson-1,Arson
INF-0003332,informal-Fraud-2,Fraud
INF-0016745,informal-Assault-5,Assault
SYN-0003331,Assault-0-layout4,Assault
INF-0025391,informal-Vandalism-5,Vandalism
INF-0027584,informal-Arson-10,Arson
INF-0009526,informal-Theft-2,Theft
INF-0025550,informal-Theft-7,Theft
INF-0032625,informal-Assault-10,Assault
INF-0005238,informal-Theft-6,Theft
INF-0003921,informal-Assault-4,Assault
INF-0041674,informal-Burglary-7,Burglary
SYN-0003940,Fraud-4-layout1,Fraud
SYN-0002125,Cybercrime-1-layout3,Cybercrime
INF-0004503,informal-Vandalism-4,Vandalism
INF-0031028,informal-Fraud-8,Fraud
INF-0000351,informal-Vandalism-7,Vandalism
INF-0025263,informal-Vandalism-7,Vandalism
INF-0022415,informal-Vandalism-11,Vandalism
INF-0010859,informal-Cybercrime-7,Cybercrime
SYN-0006809,Robbery-3-layout4,Robbery
INF-0031006,informal-Theft-5,Theft
INF-0026797,informal-Robbery-1,Robbery
INF-0015625,informal-Assault-9,Assault
INF-0029154,informal-Burglary-8,Burglary
INF-0042862,informal-Theft-11,Theft
INF-0021669,informal-Robbery-8,Robbery
SYN-0002882,Theft-0-layout3,Theft
INF-0015922,informal-Burglary-10,Burglary
INF-0045403,informal-Cybercrime-5,Cybercrime
INF-0026931,informal-Cybercrime-0,Cybercrime
INF-0010735,informal-Vandalism-9,Vandalism
INF-0040325,informal-Robbery-0,Robbery
SYN-0007887,Arson-1-layout3,Arson
INF-0013970,informal-Burglary-0,Burglary
INF-0028143,informal-Vandalism-7,Vandalism
SYN-0011969,Robbery-0-layout1,Robbery
INF-0008647,informal-Vandalism-0,Vandalism
SYN-0004882,Theft-2-layout4,Theft
SYN-0007747,Assault-0-layout1,Assault
INF-0032915,informal-Cybercrime-10,Cybercrime
INF-0042095,informal-Vandalism-5,Vandalism
INF-0044263,informal-Vandalism-6,Vandalism
INF-0019951,informal-Vandalism-9,Vandalism
INF-0025141,informal-Robbery-10,Robbery
INF-0012395,informal-Cybercrime-1,Cybercrime
INF-0025081,informal-Assault-3,Assault
INF-0007418,informal-Burglary-9,Burglary
INF-0031198,informal-Theft-11,Theft
SYN-0007715,Assault-4-layout0,Assault
INF-0006077,informal-Robbery-3,Robbery
INF-0007394,informal-Burglary-6,Burglary
INF-0033208,informal-Arson-11,Arson
SYN-0002754,Theft-0-layout1,Theft
INF-0007505,informal-Assault-2,Assault
INF-0020612,informal-Fraud-2,Fraud
SYN-0006094,Vandalism-1-layout5,Vandalism
SYN-0010016,Burglary-4-layout0,Burglary
INF-0001099,informal-Cybercrime-11,Cybercrime
INF-0038104,informal-Arson-11,Arson
INF-0046093,informal-Robbery-1,Robbery
SYN-0001110,Vandalism-2-layout5,Vandalism
SYN-0000995,Assault-4-layout3,Assault
INF-0006915,informal-Cybercrime-0,Cybercrime
INF-0046232,informal-Arson-1,Arson
INF-0004514,informal-Burglary-6,Burglary
SYN-0002852,Fraud-4-layout2,Fraud
INF-0039074,informal-Burglary-6,Burglary
INF-0003501,informal-Robbery-5,Robbery
INF-0003677,informal-Robbery-9,Robbery
INF-0002974,informal-Theft-11,Theft
SYN-0006723,Assault-0-layout3,Assault
INF-0031173,informal-Robbery-8,Robbery
INF-0027216,informal-Arson-0,Arson
SYN-0011981,Cybercrime-1-layout1,Cybercrime
INF-0002023,informal-Vandalism-0,Vandalism
INF-0031422,informal-Theft-3,Theft
INF-0037455,informal-Vandalism-1,Vandalism
INF-0038766,informal-Theft-3,Theft
INF-0008001,informal-Assault-10,Assault
INF-0015854,informal-Theft-1,Theft
INF-0015039,informal-Vandalism-7,Vandalism
INF-0029028,informal-Fraud-10,Fraud
INF-0003642,informal-Burglary-5,Burglary
INF-0012621,informal-Robbery-11,Robbery
INF-0037815,informal-Vandalism-10,Vandalism
INF-0016749,informal-Robbery-5,Robbery
INF-0001154,informal-Burglary-0,Burglary
SYN-0003223,Arson-2-layout2,Arson
INF-0004216,informal-Arson-5,Arson
INF-0014043,informal-Cybercrime-9,Cybercrime
INF-0034717,informal-Robbery-1,Robbery
INF-0037599,informal-Vandalism-1,Vandalism
INF-0000360,informal-Arson-9,Arson
INF-0015159,informal-Vandalism-4,Vandalism
INF-0039392,informal-Arson-10,Arson
INF-0033867,informal-Cybercrime-3,Cybercrime
INF-0028090,informal-Burglary-1,Burglary
INF-0005092,informal-Fraud-6,Fraud
INF-0039458,informal-Burglary-0,Burglary
INF-0024050,informal-Burglary-0,Burglary
INF-0008105,informal-Assault-5,Assault
SYN-0000576,Burglary-0-layout3,Burglary
INF-0019235,informal-Cybercrime-10,Cybercrime
INF-0020025,informal-Assault-1,Assault
INF-0002742,informal-Theft-0,Theft
INF-0017611,informal-Cybercrime-5,Cybercrime
INF-0042375,informal-Vandalism-4,Vandalism
INF-0034765,informal-Robbery-7,Robbery
INF-0009432,informal-Arson-9,Arson
SYN-0003941,Cybercrime-4-layout1,Cybercrime
INF-0027955,informal-Cybercrime-2,Cybercrime
INF-0019238,informal-Theft-10,Theft
INF-0038225,informal-Assault-8,Assault
INF-0033610,informal-Burglary-7,Burglary
INF-0002783,informal-Vandalism-5,Vandalism
INF-0022071,informal-Vandalism-4,Vandalism
INF-0009098,informal-Burglary-3,Burglary
INF-0010658,informal-Burglary-0,Burglary
INF-0043811,informal-Cybercrime-4,Cybercrime
INF-0043370,informal-Burglary-3,Burglary
SYN-0002266,Theft-3-layout5,Theft
INF-0046833,informal-Assault-4,Assault
INF-0044117,informal-Robbery-6,Robbery
SYN-0009368,Burglary-3-layout2,Burglary
INF-0005088,informal-Arson-6,Arson
INF-0030024,informal-Arson-9,Arson
SYN-0001174,Vandalism-2-layout0,Vandalism
SYN-0003868,Fraud-3-layout0,Fraud
INF-0000523,informal-Cybercrime-11,Cybercrime
SYN-0010592,Burglary-4-layout3,Burglary
INF-0003119,informal-Vandalism-11,Vandalism
INF-0017033,informal-Assault-5,Assault
INF-0013717,informal-Robbery-4,Robbery
INF-0009136,informal-Arson-8,Arson
INF-0044870,informal-Theft-10,Theft
INF-0003406,informal-Theft-11,Theft
INF-0021026,informal-Burglary-0,Burglary
INF-0008007,informal-Vandalism-10,Vandalism
SYN-0007324,Fraud-3-layout0,Fraud
INF-0007421,informal-Robbery-9,Robbery
INF-0011954,informal-Burglary-0,Burglary
SYN-0004232,Burglary-1-layout0,Burglary
INF-0015860,informal-Fraud-2,Fraud
SYN-0007585,Robbery-4-layout4,Robbery
INF-0001013,informal-Robbery-0,Robbery
INF-0014626,informal-Burglary-10,Burglary
SYN-0007772,Fraud-3-layout1,Fraud
SYN-0006372,Fraud-4-layout3,Fraud
INF-0018792,informal-Arson-9,Arson
INF-0028136,informal-Arson-7,Arson
INF-0019040,informal-Arson-4,Arson
SYN-0008021,Cybercrime-2-layout5,Cybercrime
SYN-0011419,Assault-3-layout4,Assault
INF-0040780,informal-Fraud-3,Fraud
INF-0043923,informal-Cybercrime-0,Cybercrime
INF-0002502,informal-Theft-6,Theft
INF-0022689,informal-Assault-10,Assault
SYN-0000645,Cybercrime-0-layout4,Cybercrime
INF-0002076,informal-Fraud-7,Fraud
INF-0019465,informal-Assault-3,Assault
INF-0043937,informal-Assault-2,Assault
INF-0043835,informal-Cybercrime-7,Cybercrime
INF-0006698,informal-Burglary-9,Burglary
INF-0019920,informal-Arson-6,Arson
INF-0031003,informal-Cybercrime-5,Cybercrime
INF-0036768,informal-Arson-6,Arson
INF-0005094,informal-Theft-6,Theft
INF-0029678,informal-Theft-1,Theft
INF-0019521,informal-Assault-10,Assault
SYN-0009825,Robbery-4-layout3,Robbery
INF-0025401,informal-Assault-7,Assault
INF-0034285,informal-Robbery-1,Robbery
SYN-0000669,Cybercrime-3-layout4,Cybercrime
INF-0012554,informal-Burglary-3,Burglary
INF-0036524,informal-Fraud-11,Fraud
INF-0035452,informal-Fraud-3,Fraud
INF-0033995,informal-Cybercrime-1,Cybercrime
INF-0031546,informal-Burglary-1,Burglary
INF-0030618,informal-Burglary-11,Burglary
INF-0042819,informal-Cybercrime-6,Cybercrime
INF-0003543,informal-Vandalism-10,Vandalism
INF-0019306,informal-Burglary-1,Burglary
SYN-0007637,Cybercrime-2-layout5,Cybercrime
INF-0027977,informal-Assault-5,Assault
SYN-0005855,Arson-3-layout1,Arson
INF-0015059,informal-Cybercrime-10,Cybercrime
SYN-0002257,Robbery-2-layout5,Robbery
INF-0037231,informal-Vandalism-9,Vandalism
INF-0026288,informal-Arson-10,Arson
INF-0043834,informal-Burglary-7,Burglary
INF-0012435,informal-Cybercrime-6,Cybercrime
INF-0022473,informal-Assault-1,Assault
INF-0008803,informal-Cybercrime-2,Cybercrime
INF-0026144,informal-Arson-10,Arson
SYN-0009421,Cybercrime-1-layout3,Cybercrime
INF-0028960,informal-Arson-2,Arson
SYN-0011681,Robbery-4-layout2,Robbery
INF-0024213,informal-Robbery-2,Robbery
INF-0044444,informal-Fraud-11,Fraud
INF-0027225,informal-Assault-1,Assault
INF-0007241,informal-Assault-5,Assault
INF-0027679,informal-Vandalism-3,Vandalism
INF-0033450,informal-Burglary-5,Burglary
INF-0039755,informal-Cybercrime-1,Cybercrime
INF-0020943,informal-Vandalism-7,Vandalism
INF-0002231,informal-Vandalism-8,Vandalism
INF-0047468,informal-Fraud-11,Fraud
INF-0029462,informal-Theft-10,Theft
SYN-0007116,Fraud-1-layout3,Fraud
INF-0023344,informal-Arson-2,Arson
INF-0006487,informal-Vandalism-0,Vandalism
INF-0008945,informal-Assault-2,Assault
INF-0034461,informal-Robbery-5,Robbery
INF-0018309,informal-Robbery-2,Robbery
INF-0044438,informal-Theft-10,Theft
INF-0018797,informal-Robbery-9,Robbery
SYN-0011602,Theft-2-layout1,Theft
INF-0005199,informal-Vandalism-1,Vandalism
INF-0031769,informal-Assault-11,Assault
INF-0000306,informal-Burglary-2,Burglary
INF-0011296,informal-Arson-8,Arson
INF-0036217,informal-Assault-9,Assault
INF-0025365,informal-Robbery-2,Robbery
INF-0044266,informal-Burglary-7,Burglary
INF-0036931,informal-Cybercrime-8,Cybercrime
SYN-0002534,Vandalism-4-layout3,Vandalism
INF-0031174,informal-Theft-8,Theft
INF-0033495,informal-Vandalism-10,Vandalism
INF-0034751,informal-Vandalism-5,Vandalism
INF-0002940,informal-Fraud-7,Fraud
SYN-0010790,Vandalism-4-layout0,Vandalism
SYN-0008595,Assault-2-layout2,Assault
INF-0011304,informal-Arson-9,Arson
INF-0014881,informal-Assault-6,Assault
INF-0024841,informal-Assault-9,Assault
INF-0031971,informal-Cybercrime-0,Cybercrime
SYN-0003019,Assault-1-layout5,Assault
INF-0036587,informal-Cybercrime-1,Cybercrime
INF-0006994,informal-Burglary-10,Burglary
INF-0021058,informal-Burglary-4,Burglary
INF-0009522,informal-Burglary-2,Burglary
INF-0036288,informal-Arson-0,Arson
INF-0019050,informal-Burglary-5,Burglary
INF-0040415,informal-Vandalism-11,Vandalism
INF-0011308,informal-Fraud-9,Fraud
INF-0012587,informal-Cybercrime-7,Cybercrime
INF-0000234,informal-Burglary-11,Burglary
SYN-0010200,Burglary-3-layout3,Burglary
INF-0041765,informal-Robbery-0,Robbery
INF-0047143,informal-Vandalism-6,Vandalism
INF-0015206,informal-Theft-10,Theft
INF-0045944,informal-Arson-1,Arson
SYN-0011102,Vandalism-3-layout5,Vandalism
INF-0010732,informal-Fraud-9,Fraud
SYN-0003023,Arson-1-layout5,Arson
INF-0001641,informal-Assault-7,Assault
INF-0018041,informal-Assault-5,Assault
INF-0008426,informal-Burglary-9,Burglary
INF-0013339,informal-Cybercrime-11,Cybercrime
INF-0047859,informal-Cybercrime-6,Cybercrime
INF-0019054,informal-Theft-5,Theft
SYN-0001922,Theft-0-layout0,Theft
INF-0013146,informal-Burglary-5,Burglary
INF-0006800,informal-Arson-4,Arson
INF-0003251,informal-Cybercrime-10,Cybercrime
INF-0022343,informal-Vandalism-2,Vandalism
INF-0031767,informal-Vandalism-10,Vandalism
SYN-0010899,Assault-2-layout2,Assault
INF-0025438,informal-Theft-11,Theft
SYN-0000969,Robbery-1-layout3,Robbery
INF-0042267,informal-Cybercrime-9,Cybercrime
INF-0018624,informal-Arson-6,Arson
INF-0028270,informal-Theft-5,Theft
INF-0033847,informal-Vandalism-0,Vandalism
SYN-0008729,Robbery-3-layout4,Robbery
INF-0042644,informal-Fraud-2,Fraud
INF-0017630,informal-Theft-7,Theft
INF-0041088,informal-Arson-6,Arson
INF-0029249,informal-Assault-2,Assault
INF-0002250,informal-Burglary-11,Burglary
INF-0012432,informal-Arson-6,Arson
INF-0009964,informal-Fraud-3,Fraud
SYN-0010783,Arson-3-layout0,Arson
INF-0016139,informal-Cybercrime-1,Cybercrime
INF-0017217,informal-Assault-10,Assault
INF-0006200,informal-Arson-1,Arson
INF-0038176,informal-Arson-2,Arson
INF-0027957,informal-Robbery-2,Robbery
INF-0047307,informal-Cybercrime-9,Cybercrime
SYN-0010949,Cybercrime-0-layout3,Cybercrime
INF-0023645,informal-Robbery-3,Robbery
INF-0005812,informal-Fraud-6,Fraud
INF-0012872,informal-Arson-7,Arson
INF-0035323,informal-Cybercrime-5,Cybercrime
INF-0021960,informal-Arson-9,Arson
INF-0005843,informal-Cybercrime-10,Cybercrime
INF-0043424,informal-Arson-10,Arson
INF-0012243,informal-Cybercrime-0,Cybercrime
INF-0031194,informal-Burglary-11,Burglary
INF-0000206,informal-Theft-7,Theft
INF-0037069,informal-Robbery-7,Robbery
INF-0031719,informal-Vandalism-4,Vandalism
SYN-0008002,Theft-0-layout5,Theft
INF-0027733,informal-Robbery-10,Robbery
INF-0004228,informal-Fraud-6,Fraud
INF-0047573,informal-Robbery-6,Robbery
SYN-0009445,Cybercrime-4-layout3,Cybercrime
SYN-0000774,Vandalism-0-layout0,Vandalism
INF-0017006,informal-Theft-1,Theft
SYN-0011977,Robbery-1-layout1,Robbery
INF-0029399,informal-Vandalism-2,Vandalism
INF-0000502,informal-Theft-8,Theft
INF-0042649,informal-Assault-3,Assault
INF-0019798,informal-Theft-8,Theft
INF-0026070,informal-Theft-0,Theft
INF-0029712,informal-Arson-6,Arson
INF-0014159,informal-Vandalism-5,Vandalism
INF-0044432,informal-Arson-10,Arson
INF-0027217,informal-Assault-0,Assault
INF-0016037,informal-Robbery-6,Robbery
SYN-0007769,Robbery-3-layout1,Robbery
INF-0011552,informal-Arson-4,Arson
INF-0014322,informal-Burglary-8,Burglary
INF-0047962,informal-Burglary-1,Burglary
INF-0033993,informal-Assault-1,Assault
INF-0018355,informal-Cybercrime-8,Cybercrime
INF-0029977,informal-Assault-3,Assault
INF-0017789,informal-Robbery-9,Robbery
INF-0046122,informal-Burglary-5,Burglary
SYN-0006107,Assault-3-layout5,Assault
SYN-0007311,Arson-1-layout0,Arson
INF-0016015,informal-Vandalism-3,Vandalism
SYN-0009037,Cybercrime-1-layout3,Cybercrime
INF-0021320,informal-Arson-1,Arson
INF-0031048,informal-Arson-11,Arson
INF-0008679,informal-Vandalism-4,Vandalism
INF-0029809,informal-Assault-0,Assault
SYN-0009496,Burglary-3-layout4,Burglary
INF-0040907,informal-Cybercrime-1,Cybercrime
INF-0008728,informal-Arson-11,Arson
INF-0009149,informal-Robbery-9,Robbery
INF-0006105,informal-Assault-7,Assault
INF-0000874,informal-Burglary-1,Burglary
INF-0034465,informal-Assault-6,Assault
INF-0029839,informal-Vandalism-3,Vandalism
INF-0006392,informal-Arson-7,Arson
INF-0031713,informal-Assault-4,Assault
INF-0041677,informal-Robbery-7,Robbery
INF-0027419,informal-Cybercrime-7,Cybercrime
SYN-0007506,Theft-2-layout3,Theft
INF-0006774,informal-Theft-0,Theft
SYN-0007619,Assault-0-layout5,Assault
INF-0020885,informal-Robbery-0,Robbery
INF-0045220,informal-Fraud-0,Fraud
INF-0036501,informal-Robbery-8,Robbery
SYN-0010896,Burglary-2-layout2,Burglary
INF-0001082,informal-Burglary-9,Burglary
SYN-0004360,Burglary-1-layout2,Burglary
INF-0020198,informal-Theft-4,Theft
SYN-0001163,Assault-1-layout0,Assault
INF-0037934,informal-Theft-7,Theft
INF-0001189,informal-Robbery-4,Robbery
INF-0032872,informal-Arson-5,Arson
INF-0007724,informal-Fraud-11,Fraud
INF-0009387,informal-Cybercrime-3,Cybercrime
INF-0029026,informal-Burglary-10,Burglary
INF-0043146,informal-Burglary-11,Burglary
INF-0044710,informal-Theft-8,Theft
SYN-0004564,Fraud-2-layout5,Fraud
INF-0037466,informal-Burglary-3,Burglary
INF-0024257,informal-Assault-8,Assault
SYN-0008970,Theft-1-layout2,Theft
INF-0006210,informal-Burglary-2,Burglary
INF-0015033,informal-Assault-7,Assault
INF-0003498,informal-Burglary-5,Burglary
SYN-0000199,Arson-0-layout3,Arson
INF-0019188,informal-Fraud-4,Fraud
INF-0037452,informal-Fraud-1,Fraud
INF-0042950,informal-Theft-4,Theft
INF-0043715,informal-Cybercrime-10,Cybercrime
INF-0032328,informal-Arson-9,Arson
INF-0026658,informal-Burglary-2,Burglary
SYN-0007239,Arson-0-layout5,Arson
INF-0018958,informal-Theft-11,Theft
INF-0031054,informal-Theft-11,Theft
SYN-0005852,Fraud-3-layout1,Fraud
INF-0035375,informal-Vandalism-11,Vandalism
INF-0039624,informal-Arson-3,Arson
INF-0012437,informal-Robbery-6,Robbery
INF-0029719,informal-Vandalism-6,Vandalism
INF-0039465,informal-Assault-1,Assault
INF-0030401,informal-Assault-2,Assault
INF-0030619,informal-Cybercrime-11,Cybercrime
INF-0026667,informal-Cybercrime-3,Cybercrime
INF-0021665,informal-Assault-8,Assault
INF-0021030,informal-Theft-0,Theft
INF-0037786,informal-Burglary-7,Burglary
INF-0025282,informal-Burglary-10,Burglary
INF-0038939,informal-Cybercrime-7,Cybercrime
INF-0032171,informal-Cybercrime-7,Cybercrime
SYN-0005888,Burglary-0-layout2,Burglary
INF-0003922,informal-Burglary-4,Burglary
INF-0047602,informal-Burglary-10,Burglary
SYN-0001860,Fraud-0-layout5,Fraud
INF-0015856,informal-Arson-2,Arson
INF-0020830,informal-Theft-11,Theft
INF-0025362,informal-Burglary-2,Burglary
INF-0028966,informal-Theft-2,Theft
INF-0030877,informal-Robbery-7,Robbery
INF-0001158,informal-Theft-0,Theft
INF-0008869,informal-Robbery-10,Robbery
INF-0004967,informal-Vandalism-8,Vandalism
INF-0031481,informal-Assault-11,Assault
INF-0043824,informal-Arson-6,Arson
INF-0011305,informal-Assault-9,Assault
INF-0046261,informal-Robbery-4,Robbery
INF-0019503,informal-Vandalism-7,Vandalism
INF-0002333,informal-Robbery-3,Robbery
INF-0016134,informal-Theft-0,Theft
INF-0026499,informal-Cybercrime-0,Cybercrime
INF-0022905,informal-Assault-1,Assault
INF-0029267,informal-Cybercrime-4,Cybercrime
SYN-0002966,Vandalism-2-layout4,Vandalism
INF-0018603,informal-Cybercrime-3,Cybercrime
INF-0035495,informal-Vandalism-8,Vandalism
INF-0031169,informal-Assault-8,Assault
INF-0003767,informal-Vandalism-2,Vandalism
INF-0017214,informal-Theft-9,Theft
INF-0039464,informal-Arson-1,Arson
INF-0017074,informal-Burglary-10,Burglary
INF-0030554,informal-Burglary-3,Burglary
INF-0017346,informal-Burglary-8,Burglary
SYN-0002982,Vandalism-4-layout4,Vandalism
SYN-0004617,Robbery-1-layout0,Robbery
INF-0038085,informal-Robbery-8,Robbery
INF-0014887,informal-Vandalism-6,Vandalism
INF-0004203,informal-Cybercrime-3,Cybercrime
SYN-0000784,Burglary-2-layout0,Burglary
INF-0013194,informal-Burglary-11,Burglary
INF-0008868,informal-Fraud-10,Fraud
INF-0000500,informal-Fraud-8,Fraud
INF-0017220,informal-Fraud-10,Fraud
SYN-0007048,Burglary-1-layout2,Burglary
INF-0001338,informal-Burglary-5,Burglary
INF-0019364,informal-Fraud-8,Fraud
INF-0032594,informal-Burglary-6,Burglary
SYN-0006668,Fraud-1-layout2,Fraud
INF-0039259,informal-Cybercrime-11,Cybercrime
INF-0006635,informal-Cybercrime-1,Cybercrime
INF-0028265,informal-Assault-5,Assault
INF-0023076,informal-Fraud-4,Fraud
INF-0041265,informal-Assault-10,Assault
SYN-0007043,Assault-0-layout2,Assault
INF-0018026,informal-Burglary-3,Burglary
INF-0013770,informal-Burglary-11,Burglary
SYN-0008791,Arson-2-layout5,Arson
INF-0033772,informal-Fraud-9,Fraud
INF-0034487,informal-Vandalism-8,Vandalism
SYN-0009691,Assault-3-layout1,Assault
SYN-0000195,Assault-0-layout3,Assault
INF-0020398,informal-Theft-11,Theft
INF-0038765,informal-Robbery-3,Robbery
INF-0012116,informal-Fraud-2,Fraud
INF-0038083,informal-Cybercrime-8,Cybercrime
INF-0045232,informal-Arson-2,Arson
SYN-0009302,Vandalism-2-layout1,Vandalism
INF-0031845,informal-Robbery-2,Robbery
INF-0028541,informal-Robbery-3,Robbery
INF-0014197,informal-Robbery-10,Robbery
INF-0037012,informal-Fraud-0,Fraud
INF-0046584,informal-Arson-9,Arson
INF-0008297,informal-Assault-11,Assault
INF-0012878,informal-Theft-7,Theft
SYN-0011968,Burglary-0-layout1,Burglary
INF-0018796,informal-Fraud-9,Fraud
SYN-0005574,Vandalism-0-layout3,Vandalism
INF-0011996,informal-Fraud-5,Fraud
INF-0035175,informal-Vandalism-4,Vandalism
INF-0003828,informal-Fraud-10,Fraud
INF-0031184,informal-Arson-10,Arson
INF-0012585,informal-Assault-7,Assault
INF-0003679,informal-Vandalism-9,Vandalism
INF-0035041,informal-Assault-6,Assault
INF-0035489,informal-Assault-8,Assault
INF-0020968,informal-Arson-11,Arson
INF-0004806,informal-Theft-6,Theft
SYN-0001378,Theft-4-layout3,Theft
INF-0042269,informal-Robbery-9,Robbery
INF-0009699,informal-Cybercrime-6,Cybercrime
INF-0007560,informal-Arson-9,Arson
INF-0036590,informal-Theft-1,Theft
INF-0034642,informal-Burglary-10,Burglary
SYN-0004934,Vandalism-0-layout5,Vandalism
INF-0022807,informal-Vandalism-6,Vandalism
SYN-0001026,Theft-0-layout4,Theft
INF-0008682,informal-Burglary-5,Burglary
SYN-0010573,Cybercrime-1-layout3,Cybercrime
SYN-0008931,Assault-4-layout1,Assault
INF-0042673,informal-Assault-6,Assault
INF-0045268,informal-Fraud-6,Fraud
INF-0002308,informal-Fraud-0,Fraud
INF-0018037,informal-Robbery-4,Robbery
SYN-0011586,Theft-0-layout1,Theft
INF-0019383,informal-Vandalism-10,Vandalism
INF-0017761,informal-Assault-6,Assault
INF-0012712,informal-Arson-5,Arson
INF-0002073,informal-Assault-7,Assault
INF-0046606,informal-Theft-11,Theft
INF-0047863,informal-Vandalism-6,Vandalism
INF-0018452,informal-Fraud-2,Fraud
INF-0046601,informal-Assault-11,Assault
INF-0026795,informal-Cybercrime-1,Cybercrime
SYN-0003084,Fraud-1-layout0,Fraud
INF-0003792,informal-Arson-6,Arson
INF-0020904,informal-Arson-3,Arson
INF-0000520,informal-Arson-11,Arson
INF-0029401,informal-Assault-3,Assault
SYN-0009374,Vandalism-3-layout2,Vandalism
INF-0040950,informal-Theft-6,Theft
INF-0023559,informal-Vandalism-10,Vandalism
INF-0019440,informal-Arson-0,Arson
INF-0041267,informal-Cybercrime-10,Cybercrime
INF-0035507,informal-Cybercrime-10,Cybercrime
SYN-0005137,Robbery-2-layout2,Robbery
INF-0017881,informal-Assault-3,Assault
INF-0010285,informal-Robbery-7,Robbery
INF-0031833,informal-Assault-1,Assault
INF-0019172,informal-Fraud-2,Fraud
INF-0039323,informal-Cybercrime-1,Cybercrime
INF-0042637,informal-Robbery-1,Robbery
INF-0008986,informal-Burglary-7,Burglary
INF-0045951,informal-Vandalism-1,Vandalism
INF-0018956,informal-Fraud-11,Fraud
INF-0018310,informal-Theft-2,Theft
INF-0019469,informal-Robbery-3,Robbery
INF-0024211,informal-Cybercrime-2,Cybercrime
INF-0011977,informal-Assault-3,Assault
INF-0026664,informal-Arson-3,Arson
INF-0002745,informal-Assault-1,Assault
INF-0042090,informal-Burglary-5,Burglary
INF-0018657,informal-Assault-10,Assault
INF-0027139,informal-Cybercrime-8,Cybercrime
SYN-0007770,Theft-3-layout1,Theft
INF-0012396,informal-Fraud-1,Fraud
INF-0006061,informal-Robbery-1,Robbery
INF-0043383,informal-Vandalism-4,Vandalism
INF-0002184,informal-Arson-3,Arson
INF-0030128,informal-Arson-4,Arson
SYN-0002825,Robbery-1-layout2,Robbery
SYN-0009026,Theft-0-layout3,Theft
SYN-0010884,Fraud-0-layout2,Fraud
SYN-0008088,Burglary-3-layout0,Burglary
SYN-0004936,Burglary-1-layout5,Burglary
INF-0005647,informal-Vandalism-3,Vandalism
SYN-0000101,Cybercrime-4-layout1,Cybercrime
INF-0042275,informal-Cybercrime-10,Cybercrime
INF-0018307,informal-Cybercrime-2,Cybercrime
INF-0035170,informal-Burglary-4,Burglary
SYN-0007633,Robbery-2-layout5,Robbery
INF-0018063,informal-Vandalism-7,Vandalism
INF-0006966,informal-Theft-6,Theft
INF-0004803,informal-Cybercrime-6,Cybercrime
INF-0001061,informal-Robbery-6,Robbery
INF-0013754,informal-Burglary-9,Burglary
INF-0014401,informal-Assault-0,Assault
INF-0021060,informal-Fraud-4,Fraud
INF-0016872,informal-Arson-3,Arson
INF-0002352,informal-Arson-6,Arson
SYN-0010372,Fraud-0-layout0,Fraud
INF-0009679,informal-Vandalism-3,Vandalism
SYN-0002983,Arson-4-layout4,Arson
INF-0014748,informal-Fraud-7,Fraud
INF-0047232,informal-Arson-0,Arson
INF-0010831,informal-Vandalism-3,Vandalism
INF-0008145,informal-Assault-10,Assault
INF-0022103,informal-Vandalism-8,Vandalism
INF-0022824,informal-Arson-9,Arson
INF-0040196,informal-Fraud-2,Fraud
INF-0042229,informal-Robbery-4,Robbery
INF-0009527,informal-Vandalism-2,Vandalism
INF-0045216,informal-Arson-0,Arson
INF-0034137,informal-Assault-1,Assault
SYN-0007046,Vandalism-0-layout2,Vandalism
SYN-0002897,Robbery-2-layout3,Robbery
SYN-0001030,Vandalism-0-layout4,Vandalism
INF-0023788,informal-Fraud-3,Fraud
INF-0017725,informal-Robbery-1,Robbery
INF-0037784,informal-Arson-7,Arson
INF-0037611,informal-Cybercrime-3,Cybercrime
INF-0031579,informal-Cybercrime-5,Cybercrime
INF-0031854,informal-Theft-3,Theft
INF-0023640,informal-Arson-3,Arson
INF-0047004,informal-Fraud-7,Fraud
INF-0019350,informal-Theft-6,Theft
INF-0005549,informal-Robbery-9,Robbery
INF-0013417,informal-Assault-3,Assault
INF-0026005,informal-Robbery-10,Robbery
SYN-0009813,Cybercrime-2-layout3,Cybercrime
INF-0042645,informal-Robbery-2,Robbery
SYN-0002647,Arson-2-layout5,Arson
INF-0045282,informal-Burglary-8,Burglary
SYN-0002645,Cybercrime-2-layout5,Cybercrime
INF-0026398,informal-Theft-5,Theft
INF-0002535,informal-Vandalism-10,Vandalism
INF-0016653,informal-Robbery-11,Robbery
SYN-0004057,Robbery-3-layout3,Robbery
INF-0034872,informal-Arson-3,Arson
INF-0001588,informal-Fraud-0,Fraud
SYN-0000775,Arson-0-layout0,Arson
INF-0014193,informal-Assault-10,Assault
INF-0036588,informal-Fraud-1,Fraud
INF-0030395,informal-Cybercrime-1,Cybercrime
INF-0042693,informal-Robbery-8,Robbery
INF-0026397,informal-Robbery-5,Robbery
INF-0017883,informal-Cybercrime-3,Cybercrime
INF-0019096,informal-Arson-11,Arson
INF-0033203,informal-Cybercrime-10,Cybercrime
INF-0010260,informal-Fraud-4,Fraud
INF-0027586,informal-Burglary-10,Burglary
INF-0025140,informal-Fraud-10,Fraud
SYN-0010255,Arson-1-layout4,Arson
INF-0010284,informal-Fraud-7,Fraud
SYN-0003551,Arson-3-layout1,Arson
SYN-0007880,Burglary-1-layout3,Burglary
SYN-0002320,Burglary-2-layout0,Burglary
INF-0044657,informal-Assault-2,Assault
INF-0038060,informal-Fraud-5,Fraud
INF-0034272,informal-Arson-0,Arson
INF-0001321,informal-Assault-3,Assault
INF-0011980,informal-Fraud-3,Fraud
INF-0002305,informal-Assault-0,Assault
INF-0002069,informal-Robbery-6,Robbery
INF-0014045,informal-Robbery-9,Robbery
INF-0043379,informal-Cybercrime-4,Cybercrime
INF-0014898,informal-Burglary-8,Burglary
INF-0009595,informal-Cybercrime-11,Cybercrime
INF-0009128,informal-Arson-7,Arson
SYN-0011724,Fraud-1-layout3,Fraud
INF-0047452,informal-Fraud-9,Fraud
INF-0000873,informal-Assault-1,Assault
INF-0014334,informal-Theft-9,Theft
INF-0014482,informal-Burglary-10,Burglary
INF-0002685,informal-Robbery-11,Robbery
SYN-0006480,Burglary-2-layout5,Burglary
SYN-0008598,Vandalism-2-layout2,Vandalism
INF-0031587,informal-Cybercrime-6,Cybercrime
INF-0043924,informal-Fraud-0,Fraud
INF-0003330,informal-Burglary-2,Burglary
INF-0025390,informal-Theft-5,Theft
INF-0037783,informal-Vandalism-6,Vandalism
INF-0038227,informal-Cybercrime-8,Cybercrime
INF-0045707,informal-Cybercrime-7,Cybercrime
INF-0015447,informal-Vandalism-4,Vandalism
SYN-0006501,Cybercrime-4-layout5,Cybercrime
INF-0016654,informal-Theft-11,Theft
INF-0022695,informal-Vandalism-10,Vandalism
INF-0011891,informal-Cybercrime-10,Cybercrime
SYN-0003546,Theft-3-layout1,Theft
SYN-0011031,Arson-2-layout4,Arson
SYN-0003469,Cybercrime-1-layout0,Cybercrime
INF-0045971,informal-Cybercrime-4,Cybercrime
INF-0027674,informal-Burglary-3,Burglary
INF-0038029,informal-Robbery-1,Robbery
INF-0004944,informal-Arson-6,Arson
INF-0035284,informal-Fraud-0,Fraud
INF-0042674,informal-Burglary-6,Burglary
SYN-0006425,Robbery-3-layout4,Robbery
INF-0009677,informal-Robbery-3,Robbery
INF-0029159,informal-Vandalism-8,Vandalism
INF-0039752,informal-Arson-1,Arson
SYN-0007513,Robbery-3-layout3,Robbery
INF-0026519,informal-Vandalism-2,Vandalism
SYN-0010980,Fraud-4-layout3,Fraud
INF-0036382,informal-Theft-11,Theft
INF-0011144,informal-Arson-7,Arson
INF-0002779,informal-Cybercrime-5,Cybercrime
INF-0012464,informal-Arson-10,Arson
INF-0030246,informal-Theft-0,Theft
INF-0046018,informal-Burglary-10,Burglary
INF-0045270,informal-Theft-6,Theft
INF-0013320,informal-Arson-9,Arson
INF-0021399,informal-Vandalism-10,Vandalism
SYN-0006814,Vandalism-3-layout4,Vandalism
SYN-0005222,Vandalism-4-layout3,Vandalism
INF-0000797,informal-Robbery-9,Robbery
INF-0044663,informal-Vandalism-2,Vandalism
INF-0036589,informal-Robbery-1,Robbery
INF-0016856,informal-Arson-1,Arson
INF-0025283,informal-Cybercrime-10,Cybercrime
INF-0022682,informal-Burglary-9,Burglary
SYN-0002907,Assault-3-layout3,Assault
SYN-0005795,Assault-4-layout0,Assault
INF-0012401,informal-Assault-2,Assault
INF-0020397,informal-Robbery-11,Robbery
INF-0030177,informal-Assault-10,Assault
INF-0003816,informal-Arson-9,Arson
INF-0037071,informal-Vandalism-7,Vandalism
INF-0024387,informal-Cybercrime-6,Cybercrime
INF-0041266,informal-Burglary-10,Burglary
SYN-0007115,Assault-1-layout3,Assault
SYN-0009758,Vandalism-3-layout2,Vandalism
INF-0003024,informal-Arson-0,Arson
INF-0000501,informal-Robbery-8,Robbery
SYN-0007174,Vandalism-0-layout4,Vandalism
INF-0001096,informal-Arson-11,Arson
SYN-0003658,Theft-1-layout3,Theft
INF-0037787,informal-Cybercrime-7,Cybercrime
INF-0043368,informal-Arson-3,Arson
SYN-0002979,Assault-4-layout4,Assault
INF-0014751,informal-Vandalism-7,Vandalism
INF-0008792,informal-Arson-1,Arson
INF-0021951,informal-Vandalism-7,Vandalism
INF-0033182,informal-Theft-7,Theft
INF-0014550,informal-Theft-0,Theft
INF-0046157,informal-Robbery-9,Robbery
INF-0047234,informal-Burglary-0,Burglary
INF-0028716,informal-Fraud-7,Fraud
SYN-0002052,Fraud-0-layout2,Fraud
INF-0031186,informal-Burglary-10,Burglary
INF-0043927,informal-Vandalism-0,Vandalism
INF-0029585,informal-Assault-8,Assault
INF-0039517,informal-Robbery-7,Robbery
SYN-0008971,Assault-1-layout2,Assault
SYN-0003663,Arson-1-layout3,Arson
INF-0020050,informal-Burglary-4,Burglary
INF-0005920,informal-Arson-2,Arson
INF-0010094,informal-Theft-1,Theft
INF-0000788,informal-Fraud-8,Fraud
INF-0020029,informal-Robbery-1,Robbery
INF-0027276,informal-Fraud-7,Fraud
INF-0015153,informal-Assault-4,Assault
SYN-0003999,Arson-3-layout2,Arson
INF-0019375,informal-Vandalism-9,Vandalism
INF-0022909,informal-Robbery-1,Robbery
INF-0017056,informal-Arson-8,Arson
INF-0016748,informal-Fraud-5,Fraud
INF-0021366,informal-Theft-6,Theft
INF-0016912,informal-Arson-8,Arson
INF-0037634,informal-Burglary-6,Burglary
SYN-0005220,Fraud-4-layout3,Fraud
INF-0013734,informal-Theft-6,Theft
SYN-0011685,Cybercrime-4-layout2,Cybercrime
INF-0034484,informal-Fraud-8,Fraud
INF-0003762,informal-Burglary-2,Burglary
INF-0044245,informal-Robbery-4,Robbery
INF-0024630,informal-Theft-0,Theft
INF-0009599,informal-Vandalism-11,Vandalism
INF-0001778,informal-Burglary-6,Burglary
INF-0042791,informal-Vandalism-2,Vandalism
INF-0012278,informal-Theft-4,Theft
INF-0040816,informal-Arson-8,Arson
INF-0003252,informal-Fraud-10,Fraud
INF-0030476,informal-Fraud-11,Fraud
INF-0035287,informal-Vandalism-0,Vandalism
INF-0029407,informal-Vandalism-3,Vandalism
INF-0028526,informal-Theft-1,Theft
SYN-0010753,Robbery-0-layout0,Robbery
INF-0024666,informal-Burglary-5,Burglary
INF-0044571,informal-Cybercrime-9,Cybercrime
INF-0011556,informal-Fraud-4,Fraud
INF-0007511,informal-Vandalism-2,Vandalism
INF-0007121,informal-Assault-8,Assault
INF-0002682,informal-Burglary-11,Burglary
SYN-0005001,Robbery-1-layout0,Robbery
INF-0003480,informal-Arson-3,Arson
INF-0031018,informal-Burglary-7,Burglary
INF-0012999,informal-Vandalism-4,Vandalism
INF-0044282,informal-Burglary-9,Burglary
INF-0013327,informal-Vandalism-9,Vandalism
INF-0009979,informal-Cybercrime-5,Cybercrime
INF-0000363,informal-Cybercrime-9,Cybercrime
SYN-0011994,Theft-3-layout1,Theft
SYN-0004620,Fraud-1-layout0,Fraud
INF-0005236,informal-Fraud-6,Fraud
INF-0002530,informal-Burglary-10,Burglary
INF-0037777,informal-Assault-6,Assault
INF-0031272,informal-Arson-3,Arson
INF-0007491,informal-Cybercrime-0,Cybercrime
INF-0043784,informal-Arson-1,Arson
SYN-0006470,Vandalism-0-layout5,Vandalism
INF-0000787,informal-Cybercrime-8,Cybercrime
INF-0047555,informal-Cybercrime-4,Cybercrime
INF-0015185,informal-Assault-8,Assault
INF-0018752,informal-Arson-4,Arson
INF-0005931,informal-Cybercrime-3,Cybercrime
INF-0037065,informal-Assault-7,Assault
INF-0006398,informal-Theft-7,Theft
INF-0030403,informal-Cybercrime-2,Cybercrime
INF-0008947,informal-Cybercrime-2,Cybercrime
SYN-0009025,Robbery-0-layout3,Robbery
SYN-0005973,Cybercrime-2-layout3,Cybercrime
INF-0001647,informal-Vandalism-7,Vandalism
INF-0000925,informal-Robbery-7,Robbery
INF-0036054,informal-Theft-6,Theft
SYN-0008214,Vandalism-2-layout2,Vandalism
INF-0016713,informal-Assault-1,Assault
INF-0001443,informal-Cybercrime-0,Cybercrime
INF-0009135,informal-Vandalism-7,Vandalism
SYN-0001921,Robbery-0-layout0,Robbery
INF-0043494,informal-Theft-0,Theft
INF-0024628,informal-Fraud-0,Fraud
INF-0010537,informal-Assault-3,Assault
SYN-0009929,Robbery-1-layout5,Robbery
INF-0035429,informal-Robbery-0,Robbery
INF-0002396,informal-Fraud-11,Fraud
INF-0011999,informal-Vandalism-5,Vandalism
SYN-0008386,Theft-0-layout5,Theft
SYN-0011278,Vandalism-1-layout2,Vandalism
INF-0042670,informal-Theft-5,Theft
INF-0039457,informal-Assault-0,Assault
INF-0007422,informal-Theft-9,Theft
INF-0028093,informal-Robbery-1,Robbery
SYN-0002842,Theft-3-layout2,Theft
INF-0003045,informal-Robbery-2,Robbery
INF-0000307,informal-Cybercrime-2,Cybercrime
INF-0023415,informal-Vandalism-10,Vandalism
INF-0018363,informal-Cybercrime-9,Cybercrime
INF-0021326,informal-Theft-1,Theft
INF-0003115,informal-Cybercrime-11,Cybercrime
SYN-0001051,Assault-3-layout4,Assault
INF-0013713,informal-Assault-4,Assault
INF-0037613,informal-Robbery-3,Robbery
INF-0008794,informal-Burglary-1,Burglary
INF-0045385,informal-Assault-3,Assault
INF-0022062,informal-Theft-3,Theft
INF-0028149,informal-Robbery-8,Robbery
INF-0040411,informal-Cybercrime-11,Cybercrime
INF-0033902,informal-Theft-7,Theft
INF-0030173,informal-Robbery-9,Robbery
INF-0022537,informal-Assault-9,Assault
INF-0047002,informal-Burglary-7,Burglary
SYN-0001170,Theft-2-layout0,Theft
SYN-0011076,Fraud-0-layout5,Fraud
INF-0002627,informal-Cybercrime-4,Cybercrime
INF-0008283,informal-Cybercrime-9,Cybercrime
INF-0014776,informal-Arson-11,Arson
INF-0032266,informal-Burglary-1,Burglary
INF-0033641,informal-Assault-11,Assault
INF-0003112,informal-Arson-11,Arson
SYN-0000098,Theft-4-layout1,Theft
INF-0036775,informal-Vandalism-6,Vandalism
SYN-0008784,Burglary-2-layout5,Burglary
SYN-0000402,Theft-2-layout0,Theft
INF-0042264,informal-Arson-9,Arson
INF-0036228,informal-Fraud-10,Fraud
INF-0034063,informal-Vandalism-9,Vandalism
INF-0020250,informal-Burglary-11,Burglary
INF-0030397,informal-Robbery-1,Robbery
INF-0003046,informal-Theft-2,Theft
INF-0028533,informal-Robbery-2,Robbery
SYN-0001938,Theft-2-layout0,Theft
INF-0034061,informal-Robbery-9,Robbery
INF-0037197,informal-Robbery-5,Robbery
INF-0019514,informal-Burglary-9,Burglary
SYN-0009767,Arson-4-layout2,Arson
INF-0009132,informal-Fraud-7,Fraud
INF-0009588,informal-Fraud-10,Fraud
INF-0003775,informal-Vandalism-3,Vandalism
INF-0004638,informal-Theft-3,Theft
INF-0028851,informal-Cybercrime-6,Cybercrime
INF-0014016,informal-Arson-6,Arson
INF-0035451,informal-Cybercrime-3,Cybercrime
INF-0045981,informal-Robbery-5,Robbery
INF-0002738,informal-Burglary-0,Burglary
INF-0015034,informal-Burglary-7,Burglary
INF-0032265,informal-Assault-1,Assault
INF-0023784,informal-Arson-3,Arson
INF-0002829,informal-Robbery-11,Robbery
INF-0047746,informal-Burglary-10,Burglary
INF-0004961,informal-Assault-8,Assault
INF-0023651,informal-Cybercrime-4,Cybercrime
INF-0010554,informal-Burglary-5,Burglary
INF-0022843,informal-Cybercrime-11,Cybercrime
INF-0006632,informal-Arson-1,Arson
INF-0012861,informal-Robbery-5,Robbery
INF-0033493,informal-Robbery-10,Robbery
INF-0039908,informal-Fraud-2,Fraud
SYN-0007564,Fraud-1-layout4,Fraud
INF-0000353,informal-Assault-8,Assault
INF-0024664,informal-Arson-5,Arson
INF-0011389,informal-Robbery-1,Robbery
INF-0001058,informal-Burglary-6,Burglary
INF-0016877,informal-Robbery-3,Robbery
INF-0030153,informal-Assault-7,Assault
INF-0012995,informal-Cybercrime-4,Cybercrime
INF-0005930,informal-Burglary-3,Burglary
INF-0009100,informal-Fraud-3,Fraud
INF-0016500,informal-Fraud-10,Fraud
INF-0011108,informal-Fraud-2,Fraud
INF-0037225,informal-Assault-9,Assault
INF-0036916,informal-Fraud-6,Fraud
INF-0018606,informal-Theft-3,Theft
SYN-0002652,Fraud-3-layout5,Fraud
INF-0019356,informal-Fraud-7,Fraud
INF-0027294,informal-Theft-9,Theft
INF-0037889,informal-Assault-2,Assault
INF-0007222,informal-Theft-2,Theft
INF-0042769,informal-Assault-0,Assault
INF-0029461,informal-Robbery-10,Robbery
INF-0041418,informal-Burglary-11,Burglary
INF-0017315,informal-Cybercrime-4,Cybercrime
INF-0002824,informal-Arson-11,Arson
SYN-0006369,Robbery-4-layout3,Robbery
INF-0027284,informal-Fraud-8,Fraud
SYN-0010950,Vandalism-0-layout3,Vandalism
INF-0011998,informal-Theft-5,Theft
INF-0021254,informal-Theft-10,Theft
INF-0027426,informal-Burglary-8,Burglary
INF-0008731,informal-Cybercrime-11,Cybercrime
INF-0021048,informal-Arson-3,Arson
INF-0040332,informal-Fraud-1,Fraud
SYN-0000469,Cybercrime-2-layout1,Cybercrime
INF-0033490,informal-Burglary-10,Burglary
SYN-0002648,Burglary-3-layout5,Burglary
SYN-0006679,Arson-2-layout2,Arson
INF-0004515,informal-Cybercrime-6,Cybercrime
INF-0031591,informal-Vandalism-6,Vandalism
INF-0013593,informal-Assault-7,Assault
INF-0026116,informal-Fraud-6,Fraud
SYN-0003993,Robbery-3-layout2,Robbery
SYN-0002978,Theft-4-layout4,Theft
INF-0008140,informal-Fraud-9,Fraud
SYN-0005159,Arson-4-layout2,Arson
INF-0005546,informal-Burglary-9,Burglary
INF-0007071,informal-Vandalism-1,Vandalism
INF-0006650,informal-Burglary-3,Burglary
INF-0013324,informal-Fraud-9,Fraud
INF-0010969,informal-Assault-3,Assault
INF-0005621,informal-Robbery-0,Robbery
INF-0046662,informal-Theft-0,Theft
INF-0026943,informal-Vandalism-1,Vandalism
INF-0029452,informal-Fraud-9,Fraud
INF-0006073,informal-Assault-3,Assault
INF-0009673,informal-Assault-3,Assault
INF-0034620,informal-Fraud-7,Fraud
INF-0020533,informal-Robbery-10,Robbery
INF-0032029,informal-Robbery-7,Robbery
INF-0028142,informal-Theft-7,Theft
SYN-0009111,Arson-2-layout4,Arson
INF-0013044,informal-Fraud-10,Fraud
INF-0037917,informal-Robbery-5,Robbery
SYN-0008785,Robbery-2-layout5,Robbery
SYN-0003841,Robbery-0-layout0,Robbery
INF-0041089,informal-Assault-6,Assault
INF-0036503,informal-Vandalism-8,Vandalism
INF-0017950,informal-Theft-11,Theft
INF-0019174,informal-Theft-2,Theft
INF-0002109,informal-Robbery-11,Robbery
INF-0020624,informal-Arson-4,Arson
SYN-0009999,Arson-1-layout0,Arson
INF-0026668,informal-Fraud-3,Fraud
INF-0041270,informal-Theft-10,Theft
INF-0033183,informal-Vandalism-7,Vandalism
INF-0037913,informal-Assault-5,Assault
INF-0043099,informal-Cybercrime-5,Cybercrime
SYN-0009032,Burglary-1-layout3,Burglary
INF-0033204,informal-Fraud-10,Fraud
INF-0042821,informal-Robbery-6,Robbery
INF-0047733,informal-Robbery-8,Robbery
INF-0047556,informal-Fraud-4,Fraud
INF-0004682,informal-Burglary-9,Burglary
INF-0041567,informal-Vandalism-11,Vandalism
INF-0030178,informal-Burglary-10,Burglary
SYN-0011683,Assault-4-layout2,Assault
INF-0036918,informal-Theft-6,Theft
INF-0003538,informal-Burglary-10,Burglary
INF-0032876,informal-Fraud-5,Fraud
INF-0029449,informal-Assault-9,Assault
SYN-0006686,Vandalism-3-layout2,Vandalism
SYN-0002755,Assault-0-layout1,Assault
SYN-0001104,Burglary-2-layout5,Burglary
INF-0016466,informal-Burglary-6,Burglary
INF-0040534,informal-Theft-8,Theft
INF-0018623,informal-Vandalism-5,Vandalism
INF-0046125,informal-Robbery-5,Robbery
INF-0008285,informal-Robbery-9,Robbery
INF-0000188,informal-Fraud-5,Fraud
INF-0008730,informal-Burglary-11,Burglary
INF-0002035,informal-Cybercrime-2,Cybercrime
INF-0002310,informal-Theft-0,Theft
INF-0039658,informal-Burglary-7,Burglary
INF-0034745,informal-Assault-5,Assault
INF-0047896,informal-Arson-11,Arson
INF-0009586,informal-Burglary-10,Burglary
SYN-0007052,Fraud-1-layout2,Fraud
INF-0047751,informal-Vandalism-10,Vandalism
INF-0019168,informal-Arson-2,Arson
INF-0013450,informal-Burglary-7,Burglary
INF-0038306,informal-Burglary-0,Burglary
INF-0045969,informal-Assault-4,Assault
SYN-0011590,Vandalism-0-layout1,Vandalism
INF-0043675,informal-Cybercrime-5,Cybercrime
INF-0001790,informal-Theft-7,Theft
INF-0039539,informal-Cybercrime-10,Cybercrime
INF-0009020,informal-Fraud-11,Fraud
SYN-0007567,Arson-1-layout4,Arson
INF-0018162,informal-Burglary-2,Burglary
INF-0009555,informal-Cybercrime-6,Cybercrime
INF-0021241,informal-Assault-9,Assault
INF-0008681,informal-Assault-5,Assault
INF-0039461,informal-Robbery-0,Robbery
INF-0045858,informal-Burglary-8,Burglary
INF-0004516,informal-Fraud-6,Fraud
INF-0032436,informal-Fraud-4,Fraud
INF-0028991,informal-Vandalism-5,Vandalism
INF-0008126,informal-Theft-7,Theft
INF-0017204,informal-Fraud-8,Fraud
INF-0021470,informal-Theft-1,Theft
INF-0035601,informal-Assault-4,Assault
SYN-0007050,Theft-1-layout2,Theft
INF-0038941,informal-Robbery-7,Robbery
INF-0032270,informal-Theft-1,Theft
INF-0004912,informal-Arson-2,Arson
SYN-0008024,Burglary-3-layout5,Burglary
SYN-0009182,Vandalism-3-layout5,Vandalism
INF-0026787,informal-Cybercrime-0,Cybercrime
INF-0044704,informal-Arson-8,Arson
INF-0009417,informal-Assault-7,Assault
INF-0041948,informal-Fraud-5,Fraud
INF-0037348,informal-Fraud-6,Fraud
INF-0028095,informal-Vandalism-1,Vandalism
INF-0009446,informal-Theft-10,Theft
INF-0028745,informal-Assault-11,Assault
INF-0003404,informal-Fraud-11,Fraud
SYN-0002644,Fraud-2-layout5,Fraud
INF-0007412,informal-Fraud-8,Fraud
INF-0001157,informal-Robbery-0,Robbery
INF-0017036,informal-Fraud-5,Fraud
SYN-0010199,Arson-2-layout3,Arson
INF-0001236,informal-Fraud-10,Fraud
INF-0031424,informal-Arson-4,Arson
INF-0002504,informal-Arson-7,Arson
INF-0037899,informal-Cybercrime-3,Cybercrime
INF-0007139,informal-Cybercrime-10,Cybercrime
INF-0017209,informal-Assault-9,Assault
INF-0039967,informal-Vandalism-9,Vandalism
INF-0004226,informal-Burglary-6,Burglary
INF-0044429,informal-Robbery-9,Robbery
INF-0006286,informal-Theft-11,Theft
INF-0047970,informal-Burglary-2,Burglary
INF-0005517,informal-Robbery-5,Robbery
INF-0042546,informal-Burglary-8,Burglary
SYN-0005446,Vandalism-0-layout1,Vandalism
SYN-0003813,Cybercrime-4-layout5,Cybercrime
SYN-0000470,Vandalism-2-layout1,Vandalism
SYN-0005442,Theft-0-layout1,Theft
INF-0015270,informal-Theft-0,Theft
SYN-0007965,Cybercrime-3-layout4,Cybercrime
INF-0002226,informal-Burglary-8,Burglary
INF-0042800,informal-Arson-4,Arson
SYN-0011238,Vandalism-4-layout1,Vandalism
INF-0047968,informal-Arson-2,Arson
SYN-0000578,Theft-0-layout3,Theft
INF-0025825,informal-Assault-6,Assault
SYN-0000679,Arson-4-layout4,Arson
INF-0003830,informal-Theft-10,Theft
INF-0026691,informal-Cybercrime-6,Cybercrime
INF-0003405,informal-Robbery-11,Robbery
INF-0016861,informal-Robbery-1,Robbery
INF-0030752,informal-Arson-10,Arson
SYN-0008972,Fraud-1-layout2,Fraud
INF-0013735,informal-Vandalism-6,Vandalism
INF-0020327,informal-Vandalism-2,Vandalism
SYN-0002640,Burglary-2-layout5,Burglary
INF-0008643,informal-Cybercrime-0,Cybercrime
INF-0031975,informal-Vandalism-0,Vandalism
INF-0020388,informal-Fraud-10,Fraud
INF-0013543,informal-Vandalism-0,Vandalism
SYN-0000021,Cybercrime-2-layout0,Cybercrime
INF-0001333,informal-Robbery-4,Robbery
INF-0037367,informal-Vandalism-8,Vandalism
INF-0014573,informal-Robbery-3,Robbery
INF-0008675,informal-Cybercrime-4,Cybercrime
INF-0005853,informal-Robbery-11,Robbery
INF-0038196,informal-Fraud-4,Fraud
INF-0007067,informal-Cybercrime-1,Cybercrime
SYN-0010757,Cybercrime-0-layout0,Cybercrime
SYN-0004930,Theft-0-layout5,Theft
INF-0022631,informal-Vandalism-2,Vandalism
INF-0021799,informal-Vandalism-6,Vandalism
INF-0047235,informal-Cybercrime-0,Cybercrime
INF-0027396,informal-Fraud-4,Fraud
INF-0009577,informal-Assault-9,Assault
SYN-0004357,Cybercrime-0-layout2,Cybercrime
INF-0007692,informal-Fraud-7,Fraud
SYN-0005002,Theft-1-layout0,Theft
INF-0041711,informal-Vandalism-11,Vandalism
INF-0030473,informal-Assault-11,Assault
SYN-0004490,Theft-1-layout4,Theft
INF-0014544,informal-Arson-0,Arson
SYN-0003468,Fraud-1-layout0,Fraud
SYN-0003845,Cybercrime-0-layout0,Cybercrime
INF-0044271,informal-Vandalism-7,Vandalism
INF-0013903,informal-Vandalism-9,Vandalism
INF-0007507,informal-Cybercrime-2,Cybercrime
INF-0000803,informal-Cybercrime-10,Cybercrime
INF-0039212,informal-Fraud-5,Fraud
SYN-0008419,Assault-4-layout5,Assault
INF-0031278,informal-Theft-3,Theft
INF-0005922,informal-Burglary-2,Burglary
INF-0043358,informal-Theft-1,Theft
INF-0002532,informal-Fraud-10,Fraud
INF-0039911,informal-Vandalism-2,Vandalism
INF-0038049,informal-Assault-4,Assault
INF-0022908,informal-Fraud-1,Fraud
INF-0031545,informal-Assault-1,Assault
INF-0026669,informal-Robbery-3,Robbery
INF-0047136,informal-Arson-6,Arson
INF-0013758,informal-Theft-9,Theft
SYN-0010064,Burglary-2-layout1,Burglary
INF-0025086,informal-Theft-3,Theft
INF-0026833,informal-Assault-6,Assault
INF-0039523,informal-Cybercrime-8,Cybercrime
INF-0042636,informal-Fraud-1,Fraud
SYN-0003811,Assault-4-layout5,Assault
INF-0024241,informal-Assault-6,Assault
INF-0045973,informal-Robbery-4,Robbery
INF-0036913,informal-Assault-6,Assault
INF-0014749,informal-Robbery-7,Robbery
SYN-0005140,Fraud-2-layout2,Fraud
INF-0033488,informal-Arson-10,Arson
INF-0014333,informal-Robbery-9,Robbery
INF-0046152,informal-Arson-9,Arson
SYN-0005392,Burglary-2-layout0,Burglary
INF-0047979,informal-Cybercrime-3,Cybercrime
INF-0014038,informal-Theft-8,Theft
INF-0047569,informal-Assault-6,Assault
INF-0042679,informal-Vandalism-6,Vandalism
INF-0035449,informal-Assault-3,Assault
INF-0034622,informal-Theft-7,Theft
SYN-0010893,Cybercrime-1-layout2,Cybercrime
INF-0028844,informal-Fraud-5,Fraud
SYN-0001166,Vandalism-1-layout0,Vandalism
INF-0005652,informal-Fraud-4,Fraud
INF-0007370,informal-Burglary-3,Burglary
INF-0007371,informal-Cybercrime-3,Cybercrime
INF-0018014,informal-Theft-1,Theft
INF-0041086,informal-Theft-5,Theft
INF-0014327,informal-Vandalism-8,Vandalism
INF-0006804,informal-Fraud-4,Fraud
SYN-0006749,Cybercrime-3-layout3,Cybercrime
INF-0030700,informal-Fraud-3,Fraud
INF-0018654,informal-Theft-9,Theft
SYN-0004880,Burglary-2-layout4,Burglary
INF-0039463,informal-Vandalism-0,Vandalism
INF-0016432,informal-Arson-2,Arson
INF-0008733,informal-Robbery-11,Robbery
INF-0035283,informal-Cybercrime-0,Cybercrime
INF-0024935,informal-Vandalism-2,Vandalism
INF-0002255,informal-Vandalism-11,Vandalism
INF-0000733,informal-Robbery-1,Robbery
INF-0001882,informal-Burglary-1,Burglary
INF-0035575,informal-Vandalism-0,Vandalism
INF-0006066,informal-Burglary-2,Burglary
INF-0024629,informal-Robbery-0,Robbery
INF-0018507,informal-Cybercrime-9,Cybercrime
INF-0034878,informal-Theft-3,Theft
INF-0023190,informal-Theft-0,Theft
INF-0032624,informal-Arson-10,Arson
INF-0012178,informal-Burglary-10,Burglary
INF-0007220,informal-Fraud-2,Fraud
INF-0007818,informal-Burglary-5,Burglary
INF-0037018,informal-Burglary-1,Burglary
INF-0014059,informal-Cybercrime-11,Cybercrime
INF-0036222,informal-Theft-9,Theft
INF-0027583,informal-Vandalism-9,Vandalism
INF-0017930,informal-Burglary-9,Burglary
INF-0045386,informal-Burglary-3,Burglary
INF-0030159,informal-Vandalism-7,Vandalism
INF-0042677,informal-Robbery-6,Robbery
INF-0004496,informal-Arson-4,Arson
INF-0001322,informal-Burglary-3,Burglary
INF-0032873,informal-Assault-5,Assault
INF-0018798,informal-Theft-9,Theft
INF-0039250,informal-Burglary-10,Burglary
INF-0041761,informal-Assault-0,Assault
INF-0029899,informal-Cybercrime-11,Cybercrime
INF-0014036,informal-Fraud-8,Fraud
INF-0003500,informal-Fraud-5,Fraud
INF-0004680,informal-Arson-9,Arson
INF-0022041,informal-Assault-1,Assault
INF-0032259,informal-Cybercrime-0,Cybercrime
INF-0003666,informal-Burglary-8,Burglary
INF-0020249,informal-Assault-11,Assault
INF-0040410,informal-Burglary-11,Burglary
INF-0023555,informal-Cybercrime-10,Cybercrime
INF-0009596,informal-Fraud-11,Fraud
SYN-0010247,Arson-0-layout4,Arson
INF-0021063,informal-Vandalism-4,Vandalism
SYN-0004000,Burglary-4-layout2,Burglary
INF-0027163,informal-Cybercrime-11,Cybercrime
INF-0008101,informal-Robbery-4,Robbery
INF-0018030,informal-Theft-3,Theft
INF-0028266,informal-Burglary-5,Burglary
INF-0019754,informal-Burglary-3,Burglary
INF-0022825,informal-Assault-9,Assault
INF-0024266,informal-Burglary-9,Burglary
INF-0033609,informal-Assault-7,Assault
INF-0018509,informal-Robbery-9,Robbery
SYN-0008735,Arson-3-layout4,Arson
SYN-0001160,Burglary-1-layout0,Burglary
INF-0045983,informal-Vandalism-5,Vandalism
INF-0011113,informal-Assault-3,Assault
INF-0026266,informal-Burglary-7,Burglary
INF-0041672,informal-Arson-7,Arson
INF-0002110,informal-Theft-11,Theft
INF-0047109,informal-Robbery-2,Robbery
SYN-0004583,Arson-4-layout5,Arson
INF-0034713,informal-Assault-1,Assault
SYN-0002010,Theft-3-layout1,Theft
INF-0038232,informal-Arson-9,Arson
SYN-0005966,Vandalism-1-layout3,Vandalism
INF-0032039,informal-Vandalism-8,Vandalism
INF-0006999,informal-Vandalism-10,Vandalism
INF-0014750,informal-Theft-7,Theft
SYN-0002073,Robbery-3-layout2,Robbery
INF-0040320,informal-Arson-0,Arson
INF-0000334,informal-Theft-5,Theft
INF-0036289,informal-Assault-0,Assault
SYN-0004003,Assault-4-layout2,Assault
INF-0042568,informal-Arson-11,Arson
INF-0014615,informal-Vandalism-8,Vandalism
INF-0016434,informal-Burglary-2,Burglary
INF-0044421,informal-Robbery-8,Robbery
INF-0012399,informal-Vandalism-1,Vandalism
INF-0007148,informal-Fraud-11,Fraud
INF-0046019,informal-Cybercrime-10,Cybercrime
INF-0009939,informal-Cybercrime-0,Cybercrime
INF-0037160,informal-Arson-1,Arson
SYN-0011239,Arson-4-layout1,Arson
INF-0039538,informal-Burglary-10,Burglary
SYN-0002127,Arson-1-layout3,Arson
INF-0015855,informal-Vandalism-1,Vandalism
INF-0033885,informal-Robbery-5,Robbery
INF-0022847,informal-Vandalism-11,Vandalism
INF-0029156,informal-Fraud-8,Fraud
INF-0002506,informal-Burglary-7,Burglary
INF-0011993,informal-Assault-5,Assault
SYN-0003523,Assault-0-layout1,Assault
SYN-0004755,Assault-2-layout2,Assault
INF-0011995,informal-Cybercrime-5,Cybercrime
INF-0002017,informal-Assault-0,Assault
INF-0018600,informal-Arson-3,Arson
SYN-0011530,Theft-1-layout0,Theft
INF-0017615,informal-Vandalism-5,Vandalism
INF-0040829,informal-Robbery-9,Robbery
INF-0046746,informal-Burglary-11,Burglary
INF-0035371,informal-Cybercrime-11,Cybercrime
INF-0006065,informal-Assault-2,Assault
SYN-0010658,Theft-4-layout4,Theft
INF-0011384,informal-Arson-1,Arson
INF-0045281,informal-Assault-8,Assault
INF-0035374,informal-Theft-11,Theft
INF-0008267,informal-Cybercrime-7,Cybercrime
INF-0005947,informal-Cybercrime-5,Cybercrime
INF-0021062,informal-Theft-4,Theft
INF-0012389,informal-Robbery-0,Robbery
INF-0012822,informal-Theft-0,Theft
INF-0026117,informal-Robbery-6,Robbery
INF-0012277,informal-Robbery-4,Robbery
INF-0014780,informal-Fraud-11,Fraud
INF-0021769,informal-Assault-3,Assault
INF-0026394,informal-Burglary-5,Burglary
INF-0016304,informal-Arson-4,Arson
SYN-0004418,Theft-0-layout3,Theft
SYN-0011874,Theft-4-layout5,Theft
INF-0025372,informal-Fraud-3,Fraud
SYN-0002906,Theft-3-layout3,Theft
INF-0038203,informal-Cybercrime-5,Cybercrime
INF-0004899,informal-Cybercrime-0,Cybercrime
INF-0019362,informal-Burglary-8,Burglary
INF-0021199,informal-Vandalism-3,Vandalism
INF-0004949,informal-Robbery-6,Robbery
INF-0003248,informal-Arson-10,Arson
INF-0041919,informal-Vandalism-1,Vandalism
INF-0017724,informal-Fraud-1,Fraud
INF-0002975,informal-Vandalism-11,Vandalism
INF-0006572,informal-Fraud-11,Fraud
INF-0001334,informal-Theft-4,Theft
SYN-0003462,Vandalism-0-layout0,Vandalism
INF-0023228,informal-Fraud-5,Fraud
INF-0027961,informal-Assault-3,Assault
INF-0032268,informal-Fraud-1,Fraud
INF-0015852,informal-Fraud-1,Fraud
INF-0019171,informal-Cybercrime-2,Cybercrime
INF-0046542,informal-Theft-3,Theft
SYN-0009921,Robbery-0-layout5,Robbery
INF-0004221,informal-Robbery-5,Robbery
INF-0040353,informal-Assault-4,Assault
INF-0031773,informal-Robbery-11,Robbery
INF-0014202,informal-Burglary-11,Burglary
INF-0036432,informal-Arson-0,Arson
INF-0001784,informal-Arson-7,Arson
INF-0014883,informal-Cybercrime-6,Cybercrime
SYN-0009419,Assault-1-layout3,Assault
INF-0018458,informal-Burglary-3,Burglary
SYN-0009922,Theft-0-layout5,Theft
INF-0018795,informal-Cybercrime-9,Cybercrime
SYN-0008933,Cybercrime-4-layout1,Cybercrime
INF-0010019,informal-Cybercrime-10,Cybercrime
INF-0023932,informal-Fraud-3,Fraud
INF-0001877,informal-Robbery-0,Robbery
INF-0028843,informal-Cybercrime-5,Cybercrime
INF-0035795,informal-Cybercrime-10,Cybercrime
INF-0012436,informal-Fraud-6,Fraud
INF-0033453,informal-Robbery-5,Robbery
INF-0022802,informal-Burglary-6,Burglary
SYN-0004061,Cybercrime-3-layout3,Cybercrime
INF-0024236,informal-Fraud-5,Fraud
INF-0009963,informal-Cybercrime-3,Cybercrime
INF-0003482,informal-Burglary-3,Burglary
INF-0029406,informal-Theft-3,Theft
INF-0012574,informal-Theft-5,Theft
INF-0028529,informal-Assault-2,Assault
INF-0009587,informal-Cybercrime-10,Cybercrime
INF-0022542,informal-Theft-9,Theft
INF-0037927,informal-Vandalism-6,Vandalism
INF-0031450,informal-Burglary-7,Burglary
INF-0024993,informal-Assault-10,Assault
INF-0028412,informal-Fraud-5,Fraud
SYN-0005960,Burglary-1-layout3,Burglary
INF-0009712,informal-Arson-8,Arson
INF-0047554,informal-Burglary-4,Burglary
INF-0029404,informal-Fraud-3,Fraud
SYN-0004367,Arson-1-layout2,Arson
INF-0017720,informal-Arson-1,Arson
INF-0017764,informal-Fraud-6,Fraud
INF-0042270,informal-Theft-9,Theft
INF-0006992,informal-Arson-10,Arson
INF-0034282,informal-Burglary-1,Burglary
INF-0013871,informal-Vandalism-5,Vandalism
INF-0035863,informal-Vandalism-0,Vandalism
INF-0027676,informal-Fraud-3,Fraud
INF-0011241,informal-Assault-1,Assault
INF-0024111,informal-Vandalism-7,Vandalism
INF-0017947,informal-Cybercrime-11,Cybercrime
SYN-0002626,Theft-0-layout5,Theft
INF-0003031,informal-Vandalism-0,Vandalism
INF-0012180,informal-Fraud-10,Fraud
INF-0032329,informal-Assault-9,Assault
INF-0038488,informal-Arson-5,Arson
INF-0040359,informal-Vandalism-4,Vandalism
INF-0001463,informal-Vandalism-2,Vandalism
INF-0007985,informal-Assault-8,Assault
INF-0025137,informal-Assault-10,Assault
INF-0025436,informal-Fraud-11,Fraud
SYN-0000466,Theft-2-layout1,Theft
INF-0036377,informal-Assault-11,Assault
INF-0035884,informal-Fraud-3,Fraud
INF-0007798,informal-Theft-2,Theft
INF-0045945,informal-Assault-1,Assault
INF-0026717,informal-Robbery-9,Robbery
INF-0037610,informal-Burglary-3,Burglary
INF-0006703,informal-Vandalism-9,Vandalism
INF-0005655,informal-Vandalism-4,Vandalism
INF-0032346,informal-Burglary-11,Burglary
INF-0007240,informal-Arson-5,Arson
INF-0011244,informal-Fraud-1,Fraud
SYN-0009180,Fraud-3-layout5,Fraud
INF-0005815,informal-Vandalism-6,Vandalism
INF-0045016,informal-Arson-11,Arson
INF-0002199,informal-Vandalism-4,Vandalism
INF-0019601,informal-Assault-2,Assault
INF-0015135,informal-Vandalism-1,Vandalism
INF-0022501,informal-Robbery-4,Robbery
INF-0027732,informal-Fraud-10,Fraud
INF-0043716,informal-Fraud-10,Fraud
INF-0025432,informal-Arson-11,Arson
INF-0041475,informal-Cybercrime-0,Cybercrime
SYN-0002057,Robbery-1-layout2,Robbery
INF-0020031,informal-Vandalism-1,Vandalism
INF-0037448,informal-Arson-1,Arson
SYN-0011603,Assault-2-layout1,Assault
INF-0021362,informal-Burglary-6,Burglary
INF-0038028,informal-Fraud-1,Fraud
INF-0029969,informal-Assault-2,Assault
SYN-0008786,Theft-2-layout5,Theft
INF-0013129,informal-Assault-3,Assault
INF-0043940,informal-Fraud-2,Fraud
SYN-0008531,Assault-2-layout1,Assault
INF-0017027,informal-Cybercrime-4,Cybercrime
SYN-0009928,Burglary-1-layout5,Burglary
INF-0020740,informal-Fraud-0,Fraud
INF-0002037,informal-Robbery-2,Robbery
SYN-0011554,Theft-4-layout0,Theft
INF-0013181,informal-Robbery-9,Robbery
INF-0001057,informal-Assault-6,Assault
INF-0012572,informal-Fraud-5,Fraud
INF-0019055,informal-Vandalism-5,Vandalism
SYN-0009370,Theft-3-layout2,Theft
SYN-0011549,Cybercrime-3-layout0,Cybercrime
INF-0023930,informal-Burglary-3,Burglary
INF-0008128,informal-Arson-8,Arson
INF-0026514,informal-Burglary-2,Burglary
INF-0020323,informal-Cybercrime-2,Cybercrime
INF-0033771,informal-Cybercrime-9,Cybercrime
INF-0012312,informal-Arson-9,Arson
INF-0014052,informal-Fraud-10,Fraud
INF-0035600,informal-Arson-4,Arson
INF-0042797,informal-Robbery-3,Robbery
SYN-0010329,Robbery-3-layout5,Robbery
INF-0005189,informal-Robbery-0,Robbery
INF-0021498,informal-Burglary-5,Burglary
INF-0006480,informal-Arson-0,Arson
INF-0045820,informal-Fraud-3,Fraud
INF-0046808,informal-Arson-1,Arson
INF-0031193,informal-Assault-11,Assault
INF-0011299,informal-Cybercrime-8,Cybercrime
SYN-0006225,Robbery-2-layout1,Robbery
SYN-0002655,Arson-3-layout5,Arson
INF-0027958,informal-Theft-2,Theft
INF-0043825,informal-Assault-6,Assault
INF-0006960,informal-Arson-6,Arson
INF-0046951,informal-Vandalism-0,Vandalism
INF-0045269,informal-Robbery-6,Robbery
INF-0044650,informal-Burglary-1,Burglary
INF-0032145,informal-Assault-4,Assault
SYN-0005443,Assault-0-layout1,Assault
INF-0024049,informal-Assault-0,Assault
INF-0022412,informal-Fraud-11,Fraud
INF-0004204,informal-Fraud-3,Fraud
SYN-0005568,Burglary-0-layout3,Burglary
SYN-0005152,Burglary-4-layout2,Burglary
INF-0047747,informal-Cybercrime-10,Cybercrime
SYN-0011976,Burglary-1-layout1,Burglary
INF-0029036,informal-Fraud-11,Fraud
INF-0041706,informal-Burglary-11,Burglary
INF-0032456,informal-Arson-7,Arson
INF-0042634,informal-Burglary-1,Burglary
INF-0030030,informal-Theft-9,Theft
INF-0016714,informal-Burglary-1,Burglary
INF-0009806,informal-Theft-1,Theft
INF-0045389,informal-Robbery-3,Robbery
SYN-0011289,Robbery-3-layout2,Robbery
INF-0042776,informal-Arson-1,Arson
INF-0002737,informal-Assault-0,Assault
INF-0037939,informal-Cybercrime-8,Cybercrime
INF-0041420,informal-Fraud-11,Fraud
INF-0038823,informal-Vandalism-10,Vandalism
INF-0047711,informal-Vandalism-5,Vandalism
INF-0037449,informal-Assault-1,Assault
SYN-0004001,Robbery-4-layout2,Robbery
INF-0005397,informal-Robbery-8,Robbery
INF-0019185,informal-Assault-4,Assault
INF-0026264,informal-Arson-7,Arson
SYN-0001105,Robbery-2-layout5,Robbery
INF-0031918,informal-Theft-11,Theft
INF-0027966,informal-Theft-3,Theft
INF-0025139,informal-Cybercrime-10,Cybercrime
INF-0001799,informal-Vandalism-8,Vandalism
INF-0008003,informal-Cybercrime-10,Cybercrime
INF-0038239,informal-Vandalism-9,Vandalism
SYN-0008539,Assault-3-layout1,Assault
INF-0009150,informal-Theft-9,Theft
INF-0011981,informal-Robbery-3,Robbery
SYN-0010080,Burglary-4-layout1,Burglary
INF-0015709,informal-Robbery-1,Robbery
INF-0039515,informal-Cybercrime-7,Cybercrime
INF-0002078,informal-Theft-7,Theft
INF-0011709,informal-Robbery-5,Robbery
INF-0041793,informal-Assault-4,Assault
INF-0008807,informal-Vandalism-2,Vandalism
INF-0045382,informal-Theft-2,Theft
INF-0005487,informal-Vandalism-1,Vandalism
INF-0015758,informal-Theft-7,Theft
INF-0005848,informal-Arson-11,Arson
INF-0008951,informal-Vandalism-2,Vandalism
INF-0046022,informal-Theft-10,Theft
INF-0009702,informal-Theft-6,Theft
SYN-0010277,Cybercrime-4-layout4,Cybercrime
INF-0007490,informal-Burglary-0,Burglary
INF-0006067,informal-Cybercrime-2,Cybercrime
INF-0036307,informal-Cybercrime-2,Cybercrime
INF-0030887,informal-Vandalism-8,Vandalism
INF-0019308,informal-Fraud-1,Fraud
INF-0001306,informal-Burglary-1,Burglary
INF-0039462,informal-Theft-0,Theft
INF-0008652,informal-Fraud-1,Fraud
INF-0017461,informal-Robbery-4,Robbery
INF-0022269,informal-Robbery-11,Robbery
INF-0046600,informal-Arson-11,Arson
SYN-0007761,Robbery-2-layout1,Robbery
INF-0037918,informal-Theft-5,Theft
INF-0008431,informal-Vandalism-9,Vandalism
SYN-0001925,Cybercrime-0-layout0,Cybercrime
INF-0021193,informal-Assault-3,Assault
SYN-0010776,Burglary-3-layout0,Burglary
SYN-0006401,Robbery-0-layout4,Robbery
INF-0023229,informal-Robbery-5,Robbery
INF-0039045,informal-Robbery-2,Robbery
INF-0040354,informal-Burglary-4,Burglary
INF-0028138,informal-Burglary-7,Burglary
INF-0027715,informal-Cybercrime-8,Cybercrime
SYN-0007616,Burglary-0-layout5,Burglary
INF-0019313,informal-Assault-2,Assault
SYN-0002259,Assault-2-layout5,Assault
INF-0037940,informal-Fraud-8,Fraud
INF-0000343,informal-Vandalism-6,Vandalism
INF-0040822,informal-Theft-8,Theft
INF-0039660,informal-Fraud-7,Fraud
INF-0007681,informal-Assault-6,Assault
INF-0031451,informal-Cybercrime-7,Cybercrime
INF-0004408,informal-Arson-11,Arson
INF-0034718,informal-Theft-1,Theft
INF-0034009,informal-Assault-3,Assault
INF-0038764,informal-Fraud-3,Fraud
INF-0002311,informal-Vandalism-0,Vandalism
INF-0009948,informal-Fraud-1,Fraud
SYN-0000779,Assault-1-layout0,Assault
SYN-0005797,Cybercrime-4-layout0,Cybercrime
SYN-0000970,Theft-1-layout3,Theft
INF-0034458,informal-Burglary-5,Burglary
SYN-0008210,Theft-2-layout2,Theft
SYN-0007750,Vandalism-0-layout1,Vandalism
INF-0019058,informal-Burglary-6,Burglary
SYN-0010204,Fraud-3-layout3,Fraud
INF-0037193,informal-Assault-5,Assault
INF-0020827,informal-Cybercrime-11,Cybercrime
INF-0043096,informal-Arson-5,Arson
INF-0038053,informal-Robbery-4,Robbery
INF-0042669,informal-Robbery-5,Robbery
INF-0027978,informal-Burglary-5,Burglary
INF-0025551,informal-Vandalism-7,Vandalism
SYN-0001813,Cybercrime-2-layout4,Cybercrime
INF-0026939,informal-Cybercrime-1,Cybercrime
INF-0006916,informal-Fraud-0,Fraud
INF-0045803,informal-Cybercrime-1,Cybercrime
SYN-0010087,Arson-4-layout1,Arson
INF-0027976,informal-Arson-5,Arson
INF-0017077,informal-Robbery-10,Robbery
SYN-0011795,Assault-2-layout4,Assault
SYN-0010902,Vandalism-2-layout2,Vandalism
SYN-0005023,Arson-3-layout0,Arson
INF-0011246,informal-Theft-1,Theft
INF-0041423,informal-Vandalism-11,Vandalism
INF-0037810,informal-Burglary-10,Burglary
INF-0036500,informal-Fraud-8,Fraud
INF-0028094,informal-Theft-1,Theft
INF-0017807,informal-Vandalism-11,Vandalism
INF-0002622,informal-Theft-3,Theft
INF-0009966,informal-Theft-3,Theft
SYN-0007893,Cybercrime-2-layout3,Cybercrime
SYN-0004622,Vandalism-1-layout0,Vandalism
INF-0011559,informal-Vandalism-4,Vandalism
INF-0000608,informal-Arson-4,Arson
INF-0012616,informal-Arson-11,Arson
INF-0040326,informal-Theft-0,Theft
INF-0009281,informal-Assault-8,Assault
INF-0029405,informal-Robbery-3,Robbery
INF-0030180,informal-Fraud-10,Fraud
INF-0041925,informal-Robbery-2,Robbery
SYN-0006471,Arson-0-layout5,Arson
INF-0045979,informal-Cybercrime-5,Cybercrime
INF-0028525,informal-Robbery-1,Robbery
INF-0008127,informal-Vandalism-7,Vandalism
INF-0026693,informal-Robbery-6,Robbery
INF-0033774,informal-Theft-9,Theft
INF-0039754,informal-Burglary-1,Burglary
SYN-0002901,Cybercrime-2-layout3,Cybercrime
INF-0034886,informal-Theft-4,Theft
INF-0025854,informal-Theft-9,Theft
INF-0018453,informal-Robbery-2,Robbery
INF-0029752,informal-Arson-11,Arson
INF-0030766,informal-Theft-11,Theft
INF-0000189,informal-Robbery-5,Robbery
INF-0003253,informal-Robbery-10,Robbery
INF-0012286,informal-Theft-5,Theft
INF-0017314,informal-Burglary-4,Burglary
INF-0000236,informal-Fraud-11,Fraud
INF-0012870,informal-Theft-6,Theft
INF-0024053,informal-Robbery-0,Robbery
SYN-0008513,Robbery-0-layout1,Robbery
INF-0035003,informal-Cybercrime-1,Cybercrime
INF-0017065,informal-Assault-9,Assault
INF-0032036,informal-Fraud-8,Fraud
INF-0002167,informal-Vandalism-0,Vandalism
INF-0017219,informal-Cybercrime-10,Cybercrime
INF-0033303,informal-Vandalism-4,Vandalism
INF-0036218,informal-Burglary-9,Burglary
INF-0012556,informal-Fraud-3,Fraud
INF-0007726,informal-Theft-11,Theft
INF-0014055,informal-Vandalism-10,Vandalism
INF-0010308,informal-Fraud-10,Fraud
INF-0035602,informal-Burglary-4,Burglary
INF-0029459,informal-Cybercrime-10,Cybercrime
INF-0014884,informal-Fraud-6,Fraud
INF-0016314,informal-Burglary-5,Burglary
INF-0021658,informal-Burglary-7,Burglary
INF-0038624,informal-Arson-4,Arson
INF-0033489,informal-Assault-10,Assault
INF-0025565,informal-Robbery-9,Robbery
INF-0044729,informal-Assault-11,Assault
SYN-0006158,Vandalism-1-layout0,Vandalism
INF-0012589,informal-Robbery-7,Robbery
INF-0005924,informal-Fraud-2,Fraud
SYN-0003998,Vandalism-3-layout2,Vandalism
INF-0042639,informal-Vandalism-1,Vandalism
INF-0027673,informal-Assault-3,Assault
INF-0011245,informal-Robbery-1,Robbery
INF-0031855,informal-Vandalism-3,Vandalism
INF-0040951,informal-Vandalism-6,Vandalism
SYN-0010903,Arson-2-layout2,Arson
INF-0018359,informal-Vandalism-8,Vandalism
INF-0021663,informal-Vandalism-7,Vandalism
INF-0014781,informal-Robbery-11,Robbery
INF-0042089,informal-Assault-5,Assault
INF-0033299,informal-Cybercrime-4,Cybercrime
SYN-0010196,Fraud-2-layout3,Fraud
INF-0022341,informal-Robbery-2,Robbery
INF-0047976,informal-Arson-3,Arson
INF-0014851,informal-Cybercrime-2,Cybercrime
INF-0019949,informal-Robbery-9,Robbery
INF-0044728,informal-Arson-11,Arson
INF-0045384,informal-Arson-3,Arson
INF-0031406,informal-Theft-1,Theft
INF-0034190,informal-Theft-7,Theft
INF-0035571,informal-Cybercrime-0,Cybercrime
INF-0046117,informal-Robbery-4,Robbery
SYN-0007775,Arson-3-layout1,Arson
INF-0025852,informal-Fraud-9,Fraud
INF-0010286,informal-Theft-7,Theft
SYN-0000643,Assault-0-layout4,Assault
INF-0013546,informal-Burglary-1,Burglary
INF-0006078,informal-Theft-3,Theft
INF-0017026,informal-Burglary-4,Burglary
SYN-0010660,Fraud-4-layout4,Fraud
INF-0011297,informal-Assault-8,Assault
INF-0032722,informal-Burglary-4,Burglary
INF-0031026,informal-Burglary-8,Burglary
INF-0017173,informal-Robbery-4,Robbery
INF-0025143,informal-Vandalism-10,Vandalism
INF-0008281,informal-Assault-9,Assault
INF-0043650,informal-Burglary-2,Burglary
SYN-0009809,Robbery-2-layout3,Robbery
INF-0047714,informal-Burglary-6,Burglary
INF-0013121,informal-Assault-2,Assault
INF-0002782,informal-Theft-5,Theft
INF-0013730,informal-Burglary-6,Burglary
SYN-0004254,Vandalism-3-layout0,Vandalism
SYN-0011547,Assault-3-layout0,Assault
SYN-0001943,Arson-2-layout0,Arson
INF-0029896,informal-Arson-11,Arson
INF-0016874,informal-Burglary-3,Burglary
INF-0018770,informal-Burglary-6,Burglary
INF-0006794,informal-Burglary-3,Burglary
INF-0020252,informal-Fraud-11,Fraud
INF-0026794,informal-Burglary-1,Burglary
INF-0018360,informal-Arson-9,Arson
INF-0004244,informal-Fraud-8,Fraud
INF-0012674,informal-Burglary-0,Burglary
INF-0008802,informal-Burglary-2,Burglary
INF-0005948,informal-Fraud-5,Fraud
SYN-0003871,Arson-3-layout0,Arson
INF-0017800,informal-Arson-11,Arson
INF-0002617,informal-Assault-3,Assault
INF-0043568,informal-Arson-10,Arson
INF-0019057,informal-Assault-6,Assault
INF-0037938,informal-Burglary-8,Burglary
INF-0009287,informal-Vandalism-8,Vandalism
INF-0004370,informal-Burglary-6,Burglary
INF-0037671,informal-Vandalism-10,Vandalism
INF-0001775,informal-Vandalism-5,Vandalism
INF-0042635,informal-Cybercrime-1,Cybercrime
INF-0042231,informal-Vandalism-4,Vandalism
INF-0023411,informal-Cybercrime-10,Cybercrime
INF-0024104,informal-Arson-7,Arson
INF-0030259,informal-Cybercrime-2,Cybercrime
INF-0002160,informal-Arson-0,Arson
SYN-0007884,Fraud-1-layout3,Fraud
INF-0046831,informal-Vandalism-3,Vandalism
INF-0000614,informal-Theft-4,Theft
INF-0008266,informal-Burglary-7,Burglary
SYN-0000675,Assault-4-layout4,Assault
INF-0039625,informal-Assault-3,Assault
INF-0008946,informal-Burglary-2,Burglary
INF-0024969,informal-Assault-7,Assault
INF-0021948,informal-Fraud-7,Fraud
INF-0031035,informal-Cybercrime-9,Cybercrime
SYN-0009030,Vandalism-0-layout3,Vandalism
INF-0026928,informal-Arson-0,Arson
INF-0014039,informal-Vandalism-8,Vandalism
SYN-0007810,Theft-0-layout2,Theft
INF-0016138,informal-Burglary-1,Burglary
INF-0001156,informal-Fraud-0,Fraud
INF-0020975,informal-Vandalism-11,Vandalism
INF-0043492,informal-Fraud-0,Fraud
INF-0047600,informal-Arson-10,Arson
INF-0020651,informal-Cybercrime-7,Cybercrime
SYN-0000527,Arson-1-layout2,Arson
INF-0026113,informal-Assault-6,Assault
SYN-0007138,Theft-4-layout3,Theft
SYN-0004225,Robbery-0-layout0,Robbery
INF-0020614,informal-Theft-2,Theft
INF-0045975,informal-Vandalism-4,Vandalism
INF-0046308,informal-Fraud-10,Fraud
SYN-0005199,Arson-1-layout3,Arson
INF-0026067,informal-Cybercrime-0,Cybercrime
INF-0027576,informal-Arson-9,Arson
INF-0020039,informal-Vandalism-2,Vandalism
INF-0013191,informal-Vandalism-10,Vandalism
INF-0004915,informal-Cybercrime-2,Cybercrime
INF-0006771,informal-Cybercrime-0,Cybercrime
INF-0020880,informal-Arson-0,Arson
INF-0047311,informal-Vandalism-9,Vandalism
INF-0045939,informal-Cybercrime-0,Cybercrime
INF-0029676,informal-Fraud-1,Fraud
SYN-0009831,Arson-4-layout3,Arson
INF-0040201,informal-Assault-3,Assault
SYN-0004493,Cybercrime-1-layout4,Cybercrime
INF-0044373,informal-Robbery-2,Robbery
INF-0030025,informal-Assault-9,Assault
INF-0025258,informal-Burglary-7,Burglary
INF-0023549,informal-Robbery-9,Robbery
SYN-0006887,Arson-4-layout5,Arson
INF-0038056,informal-Arson-5,Arson
INF-0009418,informal-Burglary-7,Burglary
INF-0010281,informal-Assault-7,Assault
INF-0031031,informal-Vandalism-8,Vandalism
INF-0007853,informal-Robbery-9,Robbery
INF-0039327,informal-Vandalism-1,Vandalism
INF-0042060,informal-Fraud-1,Fraud
INF-0041562,informal-Burglary-11,Burglary
INF-0008676,informal-Fraud-4,Fraud
INF-0027285,informal-Robbery-8,Robbery
INF-0026500,informal-Fraud-0,Fraud
INF-0026151,informal-Vandalism-10,Vandalism
SYN-0005120,Burglary-0-layout2,Burglary
INF-0006376,informal-Arson-5,Arson
INF-0034060,informal-Fraud-9,Fraud
SYN-0004059,Assault-3-layout3,Assault
SYN-0002270,Vandalism-3-layout5,Vandalism
SYN-0004358,Vandalism-0-layout2,Vandalism
INF-0042369,informal-Assault-4,Assault
SYN-0004356,Fraud-0-layout2,Fraud
INF-0010730,informal-Burglary-9,Burglary
INF-0017319,informal-Vandalism-4,Vandalism
INF-0030764,informal-Fraud-11,Fraud
INF-0008944,informal-Arson-2,Arson
SYN-0007308,Fraud-1-layout0,Fraud
INF-0002498,informal-Burglary-6,Burglary
INF-0034875,informal-Cybercrime-3,Cybercrime
INF-0046392,informal-Arson-3,Arson
INF-0035354,informal-Burglary-9,Burglary
INF-0027366,informal-Theft-0,Theft
INF-0022485,informal-Robbery-2,Robbery
SYN-0004228,Fraud-0-layout0,Fraud
INF-0046539,informal-Cybercrime-3,Cybercrime
INF-0024626,informal-Burglary-0,Burglary
INF-0019370,informal-Burglary-9,Burglary
SYN-0010689,Robbery-0-layout5,Robbery
INF-0017191,informal-Vandalism-6,Vandalism
INF-0011859,informal-Cybercrime-6,Cybercrime
INF-0038202,informal-Burglary-5,Burglary
INF-0010409,informal-Assault-5,Assault
INF-0019315,informal-Cybercrime-2,Cybercrime
INF-0000521,informal-Assault-11,Assault
INF-0024245,informal-Robbery-6,Robbery
INF-0027362,informal-Burglary-0,Burglary
INF-0004373,informal-Robbery-6,Robbery
INF-0032724,informal-Fraud-4,Fraud
SYN-0004387,Assault-4-layout2,Assault
INF-0040335,informal-Vandalism-1,Vandalism
INF-0037670,informal-Theft-10,Theft
INF-0041795,informal-Cybercrime-4,Cybercrime
INF-0047448,informal-Arson-9,Arson
INF-0028438,informal-Theft-8,Theft
INF-0012544,informal-Arson-2,Arson
INF-0034005,informal-Robbery-2,Robbery
INF-0036514,informal-Burglary-10,Burglary
INF-0046398,informal-Theft-3,Theft
INF-0045943,informal-Vandalism-0,Vandalism
INF-0013122,informal-Burglary-2,Burglary
INF-0036309,informal-Robbery-2,Robbery
INF-0019811,informal-Cybercrime-10,Cybercrime
INF-0029812,informal-Fraud-0,Fraud
INF-0033415,informal-Vandalism-0,Vandalism
INF-0018311,informal-Vandalism-2,Vandalism
INF-0030399,informal-Vandalism-1,Vandalism
INF-0027103,informal-Vandalism-3,Vandalism
INF-0017059,informal-Cybercrime-8,Cybercrime
INF-0025719,informal-Vandalism-10,Vandalism
SYN-0010631,Arson-0-layout4,Arson
INF-0022471,informal-Vandalism-0,Vandalism
INF-0003821,informal-Robbery-9,Robbery
INF-0026578,informal-Burglary-10,Burglary
INF-0001059,informal-Cybercrime-6,Cybercrime
INF-0044428,informal-Fraud-9,Fraud
SYN-0010241,Robbery-0-layout4,Robbery
INF-0029152,informal-Arson-8,Arson
SYN-0004638,Vandalism-3-layout0,Vandalism
INF-0003824,informal-Arson-10,Arson
INF-0046309,informal-Robbery-10,Robbery
INF-0019526,informal-Theft-10,Theft
INF-0007702,informal-Theft-8,Theft
INF-0023551,informal-Vandalism-9,Vandalism
INF-0023256,informal-Arson-9,Arson
INF-0045563,informal-Cybercrime-7,Cybercrime
INF-0037008,informal-Arson-0,Arson
INF-0029547,informal-Cybercrime-3,Cybercrime
INF-0044570,informal-Burglary-9,Burglary
SYN-0008520,Burglary-1-layout1,Burglary
SYN-0004376,Burglary-3-layout2,Burglary
INF-0038025,informal-Assault-1,Assault
INF-0010552,informal-Arson-5,Arson
INF-0020930,informal-Burglary-6,Burglary
SYN-0010703,Arson-1-layout5,Arson
INF-0010413,informal-Robbery-5,Robbery
SYN-0007000,Burglary-3-layout1,Burglary
INF-0012460,informal-Fraud-9,Fraud
INF-0000735,informal-Vandalism-1,Vandalism
INF-0002016,informal-Arson-0,Arson
SYN-0008087,Arson-2-layout0,Arson
INF-0018656,informal-Arson-10,Arson
INF-0043655,informal-Vandalism-2,Vandalism
INF-0025849,informal-Assault-9,Assault
INF-0013538,informal-Burglary-0,Burglary
INF-0000331,informal-Cybercrime-5,Cybercrime
INF-0021946,informal-Burglary-7,Burglary
INF-0026934,informal-Theft-0,Theft
INF-0025952,informal-Arson-4,Arson
INF-0025281,informal-Assault-10,Assault
INF-0011411,informal-Cybercrime-4,Cybercrime
INF-0001786,informal-Burglary-7,Burglary
INF-0027731,informal-Cybercrime-10,Cybercrime
INF-0039313,informal-Assault-0,Assault
INF-0012864,informal-Arson-6,Arson
INF-0046399,informal-Vandalism-3,Vandalism
INF-0040505,informal-Assault-5,Assault
INF-0030306,informal-Burglary-8,Burglary
INF-0022763,informal-Cybercrime-1,Cybercrime
INF-0041913,informal-Assault-1,Assault
INF-0015036,informal-Fraud-7,Fraud
INF-0006700,informal-Fraud-9,Fraud
INF-0003083,informal-Cybercrime-7,Cybercrime
INF-0021661,informal-Robbery-7,Robbery
INF-0002736,informal-Arson-0,Arson
INF-0016308,informal-Fraud-4,Fraud
INF-0026294,informal-Theft-10,Theft
INF-0029521,informal-Assault-0,Assault
INF-0046664,informal-Arson-1,Arson
INF-0012301,informal-Robbery-7,Robbery
INF-0004804,informal-Fraud-6,Fraud
INF-0033434,informal-Burglary-3,Burglary
INF-0009591,informal-Vandalism-10,Vandalism
SYN-0010979,Assault-4-layout3,Assault
INF-0037591,informal-Vandalism-0,Vandalism
SYN-0007685,Cybercrime-0-layout0,Cybercrime
INF-0022844,informal-Fraud-11,Fraud
INF-0006806,informal-Theft-4,Theft
SYN-0001107,Assault-2-layout5,Assault
INF-0002075,informal-Cybercrime-7,Cybercrime
INF-0012245,informal-Robbery-0,Robbery
INF-0016718,informal-Theft-1,Theft
INF-0014156,informal-Fraud-5,Fraud
INF-0039904,informal-Arson-2,Arson
INF-0034058,informal-Burglary-9,Burglary
INF-0005846,informal-Theft-10,Theft
SYN-0002753,Robbery-0-layout1,Robbery
INF-0047454,informal-Theft-9,Theft
INF-0023216,informal-Arson-4,Arson
INF-0016715,informal-Cybercrime-1,Cybercrime
INF-0023048,informal-Arson-1,Arson
INF-0017880,informal-Arson-3,Arson
INF-0025369,informal-Assault-3,Assault
INF-0000166,informal-Theft-2,Theft
INF-0033554,informal-Burglary-0,Burglary
SYN-0011794,Theft-2-layout4,Theft
INF-0028394,informal-Burglary-3,Burglary
INF-0020024,informal-Arson-1,Arson
INF-0029840,informal-Arson-4,Arson
INF-0017168,informal-Arson-4,Arson
INF-0038305,informal-Assault-0,Assault
INF-0047108,informal-Fraud-2,Fraud
INF-0008002,informal-Burglary-10,Burglary
SYN-0009420,Fraud-1-layout3,Fraud
INF-0021249,informal-Assault-10,Assault
INF-0033870,informal-Theft-3,Theft
INF-0009559,informal-Vandalism-6,Vandalism
INF-0028717,informal-Robbery-7,Robbery
INF-0005804,informal-Fraud-5,Fraud
INF-0002887,informal-Vandalism-0,Vandalism
INF-0019368,informal-Arson-9,Arson
INF-0027152,informal-Arson-10,Arson
SYN-0000579,Assault-0-layout3,Assault
INF-0046946,informal-Burglary-0,Burglary
INF-0034276,informal-Fraud-0,Fraud
INF-0019047,informal-Vandalism-4,Vandalism
INF-0042337,informal-Assault-0,Assault
INF-0044653,informal-Robbery-1,Robbery
INF-0019316,informal-Fraud-2,Fraud
INF-0015158,informal-Theft-4,Theft
INF-0007796,informal-Fraud-2,Fraud
SYN-0005454,Vandalism-1-layout1,Vandalism
INF-0011992,informal-Arson-5,Arson
INF-0046000,informal-Arson-8,Arson
INF-0014023,informal-Vandalism-6,Vandalism
INF-0006079,informal-Vandalism-3,Vandalism
INF-0042780,informal-Fraud-1,Fraud
INF-0039471,informal-Vandalism-1,Vandalism
INF-0019470,informal-Theft-3,Theft
SYN-0009756,Fraud-3-layout2,Fraud
INF-0013474,informal-Burglary-10,Burglary
INF-0008580,informal-Fraud-10,Fraud
SYN-0007589,Cybercrime-4-layout4,Cybercrime
INF-0037017,informal-Assault-1,Assault
INF-0035007,informal-Vandalism-1,Vandalism
INF-0017025,informal-Assault-4,Assault
INF-0009072,informal-Arson-0,Arson
INF-0035322,informal-Burglary-5,Burglary
INF-0009520,informal-Arson-2,Arson
INF-0005379,informal-Cybercrime-6,Cybercrime
INF-0031431,informal-Vandalism-4,Vandalism
INF-0046607,informal-Vandalism-11,Vandalism
INF-0047897,informal-Assault-11,Assault
INF-0042266,informal-Burglary-9,Burglary
INF-0020387,informal-Cybercrime-10,Cybercrime
INF-0017371,informal-Cybercrime-11,Cybercrime
SYN-0005961,Robbery-1-layout3,Robbery
INF-0041658,informal-Burglary-5,Burglary
INF-0020736,informal-Arson-0,Arson
SYN-0002848,Burglary-4-layout2,Burglary
INF-0039077,informal-Robbery-6,Robbery
INF-0003665,informal-Assault-8,Assault
INF-0013732,informal-Fraud-6,Fraud
INF-0022067,informal-Cybercrime-4,Cybercrime
INF-0027713,informal-Assault-8,Assault
INF-0047464,informal-Arson-11,Arson
INF-0002033,informal-Assault-2,Assault
INF-0045978,informal-Burglary-5,Burglary
INF-0040403,informal-Cybercrime-10,Cybercrime
INF-0041205,informal-Robbery-2,Robbery
INF-0044264,informal-Arson-7,Arson
INF-0014630,informal-Theft-10,Theft
SYN-0004239,Arson-1-layout0,Arson
SYN-0002650,Theft-3-layout5,Theft
SYN-0010791,Arson-4-layout0,Arson
INF-0039248,informal-Arson-10,Arson
INF-0008805,informal-Robbery-2,Robbery
INF-0020603,informal-Cybercrime-1,Cybercrime
INF-0003941,informal-Robbery-6,Robbery
INF-0023928,informal-Arson-3,Arson
SYN-0005192,Burglary-1-layout3,Burglary
INF-0029248,informal-Arson-2,Arson
SYN-0008934,Vandalism-4-layout1,Vandalism
INF-0023218,informal-Burglary-4,Burglary
INF-0035448,informal-Arson-3,Arson
INF-0004498,informal-Burglary-4,Burglary
INF-0017772,informal-Fraud-7,Fraud
SYN-0006675,Assault-2-layout2,Assault
INF-0023649,informal-Assault-4,Assault
INF-0039325,informal-Robbery-1,Robbery
INF-0017083,informal-Cybercrime-11,Cybercrime
INF-0017212,informal-Fraud-9,Fraud
INF-0013187,informal-Cybercrime-10,Cybercrime
INF-0025080,informal-Arson-3,Arson
INF-0025699,informal-Cybercrime-8,Cybercrime
INF-0019794,informal-Burglary-8,Burglary
INF-0011311,informal-Vandalism-9,Vandalism
INF-0042789,informal-Robbery-2,Robbery
INF-0006917,informal-Robbery-0,Robbery
INF-0043713,informal-Assault-10,Assault
INF-0018662,informal-Theft-10,Theft
INF-0003025,informal-Assault-0,Assault
INF-0040047,informal-Vandalism-1,Vandalism
INF-0011522,informal-Burglary-0,Burglary
INF-0012683,informal-Cybercrime-1,Cybercrime
INF-0043493,informal-Robbery-0,Robbery
INF-0016129,informal-Assault-0,Assault
INF-0046825,informal-Assault-3,Assault
INF-0006918,informal-Theft-0,Theft
INF-0013869,informal-Robbery-5,Robbery
INF-0032709,informal-Robbery-2,Robbery
SYN-0009924,Fraud-0-layout5,Fraud
INF-0017763,informal-Cybercrime-6,Cybercrime
INF-0025437,informal-Robbery-11,Robbery
INF-0001779,informal-Cybercrime-6,Cybercrime
INF-0009942,informal-Theft-0,Theft
INF-0040697,informal-Assault-11,Assault
INF-0011242,informal-Burglary-1,Burglary
INF-0021208,informal-Arson-5,Arson
INF-0029263,informal-Vandalism-3,Vandalism
INF-0019512,informal-Arson-9,Arson
INF-0042054,informal-Theft-0,Theft
SYN-0005450,Theft-1-layout1,Theft
INF-0038464,informal-Arson-2,Arson
INF-0040823,informal-Vandalism-8,Vandalism
INF-0033717,informal-Robbery-2,Robbery
INF-0004200,informal-Arson-3,Arson
INF-0005646,informal-Theft-3,Theft
INF-0036895,informal-Vandalism-3,Vandalism
INF-0003829,informal-Robbery-10,Robbery
INF-0004410,informal-Burglary-11,Burglary
INF-0022377,informal-Assault-7,Assault
INF-0001009,informal-Assault-0,Assault
INF-0013271,informal-Vandalism-2,Vandalism
INF-0007566,informal-Theft-9,Theft
INF-0035488,informal-Arson-8,Arson
INF-0025435,informal-Cybercrime-11,Cybercrime
INF-0010090,informal-Burglary-1,Burglary
INF-0027979,informal-Cybercrime-5,Cybercrime
INF-0009703,informal-Vandalism-6,Vandalism
INF-0044866,informal-Burglary-10,Burglary
INF-0044447,informal-Vandalism-11,Vandalism
SYN-0010895,Arson-1-layout2,Arson
INF-0023653,informal-Robbery-4,Robbery
INF-0019753,informal-Assault-3,Assault
INF-0009581,informal-Robbery-9,Robbery
INF-0004322,informal-Burglary-0,Burglary
INF-0029403,informal-Cybercrime-3,Cybercrime
INF-0022264,informal-Arson-11,Arson
INF-0031055,informal-Vandalism-11,Vandalism
INF-0016708,informal-Fraud-0,Fraud
SYN-0004054,Vandalism-2-layout3,Vandalism
INF-0039322,informal-Burglary-1,Burglary
INF-0003341,informal-Robbery-3,Robbery
INF-0042653,informal-Robbery-3,Robbery
INF-0024215,informal-Vandalism-2,Vandalism
INF-0038233,informal-Assault-9,Assault
INF-0046097,informal-Assault-2,Assault
INF-0000150,informal-Theft-0,Theft
INF-0042081,informal-Assault-4,Assault
INF-0040775,informal-Vandalism-2,Vandalism
INF-0007795,informal-Cybercrime-2,Cybercrime
INF-0031913,informal-Assault-11,Assault
INF-0031774,informal-Theft-11,Theft
INF-0023548,informal-Fraud-9,Fraud
INF-0019363,informal-Cybercrime-8,Cybercrime
INF-0028269,informal-Robbery-5,Robbery
INF-0039630,informal-Theft-3,Theft
INF-0018494,informal-Theft-7,Theft
INF-0020916,informal-Fraud-4,Fraud
SYN-0006542,Vandalism-1-layout0,Vandalism
INF-0016467,informal-Cybercrime-6,Cybercrime
INF-0019381,informal-Robbery-10,Robbery
INF-0046944,informal-Arson-0,Arson
INF-0000496,informal-Arson-8,Arson
INF-0010425,informal-Assault-7,Assault
SYN-0004577,Robbery-4-layout5,Robbery
INF-0037664,informal-Arson-10,Arson
INF-0019443,informal-Cybercrime-0,Cybercrime
INF-0044009,informal-Assault-11,Assault
SYN-0011879,Arson-4-layout5,Arson
INF-0002481,informal-Assault-4,Assault
SYN-0004196,Fraud-4-layout5,Fraud
INF-0023650,informal-Burglary-4,Burglary
INF-0030697,informal-Assault-3,Assault
INF-0015205,informal-Robbery-10,Robbery
INF-0031770,informal-Burglary-11,Burglary
INF-0047385,informal-Assault-1,Assault
SYN-0008418,Theft-4-layout5,Theft
INF-0015337,informal-Assault-9,Assault
INF-0021321,informal-Assault-1,Assault
INF-0006798,informal-Theft-3,Theft
INF-0016917,informal-Robbery-8,Robbery
INF-0009574,informal-Theft-8,Theft
INF-0024932,informal-Fraud-2,Fraud
INF-0018033,informal-Assault-4,Assault
INF-0002944,informal-Arson-8,Arson
INF-0020384,informal-Arson-10,Arson
INF-0044118,informal-Theft-6,Theft
INF-0025228,informal-Fraud-3,Fraud
SYN-0011556,Fraud-4-layout0,Fraud
SYN-0004049,Robbery-2-layout3,Robbery
INF-0031190,informal-Theft-10,Theft
INF-0040830,informal-Theft-9,Theft
INF-0017864,informal-Arson-1,Arson
SYN-0009300,Fraud-2-layout1,Fraud
INF-0002356,informal-Fraud-6,Fraud
INF-0007834,informal-Burglary-7,Burglary
SYN-0007515,Assault-3-layout3,Assault
INF-0002758,informal-Theft-2,Theft
SYN-0002126,Vandalism-1-layout3,Vandalism
SYN-0007508,Fraud-2-layout3,Fraud
INF-0020610,informal-Burglary-2,Burglary
SYN-0007683,Assault-0-layout0,Assault
SYN-0000465,Robbery-2-layout1,Robbery
SYN-0005393,Robbery-2-layout0,Robbery
INF-0024267,informal-Cybercrime-9,Cybercrime
INF-0014721,informal-Assault-4,Assault
INF-0041065,informal-Assault-3,Assault
INF-0023987,informal-Cybercrime-10,Cybercrime
INF-0024970,informal-Burglary-7,Burglary
INF-0041094,informal-Theft-6,Theft
INF-0032486,informal-Theft-10,Theft
SYN-0004388,Fraud-4-layout2,Fraud
INF-0004686,informal-Theft-9,Theft
INF-0019894,informal-Theft-2,Theft
INF-0022680,informal-Arson-9,Arson
INF-0019304,informal-Arson-1,Arson
INF-0002970,informal-Burglary-11,Burglary
INF-0000510,informal-Theft-9,Theft
INF-0029830,informal-Theft-2,Theft
INF-0000921,informal-Assault-7,Assault
INF-0022058,informal-Burglary-3,Burglary
SYN-0004753,Robbery-2-layout2,Robbery
INF-0046234,informal-Burglary-1,Burglary
SYN-0003843,Assault-0-layout0,Assault
INF-0002938,informal-Burglary-7,Burglary
INF-0023051,informal-Cybercrime-1,Cybercrime
INF-0013774,informal-Theft-11,Theft
SYN-0005448,Burglary-1-layout1,Burglary
INF-0015060,informal-Fraud-10,Fraud
INF-0002079,informal-Vandalism-7,Vandalism
INF-0009438,informal-Theft-9,Theft
INF-0041560,informal-Arson-11,Arson
INF-0025822,informal-Theft-5,Theft
INF-0043100,informal-Fraud-5,Fraud
INF-0028964,informal-Fraud-2,Fraud
SYN-0004938,Theft-1-layout5,Theft
INF-0036889,informal-Assault-3,Assault
INF-0009076,informal-Fraud-0,Fraud
INF-0002166,informal-Theft-0,Theft
SYN-0002085,Cybercrime-4-layout2,Cybercrime
INF-0018371,informal-Cybercrime-10,Cybercrime
INF-0044996,informal-Fraud-8,Fraud
INF-0035779,informal-Cybercrime-8,Cybercrime
INF-0044286,informal-Theft-9,Theft
INF-0009440,informal-Arson-10,Arson
INF-0012862,informal-Theft-5,Theft
INF-0032125,informal-Robbery-1,Robbery
INF-0040115,informal-Cybercrime-10,Cybercrime
INF-0001958,informal-Theft-10,Theft
INF-0022382,informal-Theft-7,Theft
INF-0000488,informal-Arson-7,Arson
INF-0029674,informal-Burglary-1,Burglary
INF-0019522,informal-Burglary-10,Burglary
INF-0017312,informal-Arson-4,Arson
SYN-0008017,Robbery-2-layout5,Robbery
INF-0013131,informal-Cybercrime-3,Cybercrime
INF-0023644,informal-Fraud-3,Fraud
INF-0032568,informal-Arson-3,Arson
SYN-0004562,Theft-2-layout5,Theft
INF-0009803,informal-Cybercrime-1,Cybercrime
INF-0007792,informal-Arson-2,Arson
INF-0002018,informal-Burglary-0,Burglary
INF-0030181,informal-Robbery-10,Robbery
INF-0040037,informal-Robbery-0,Robbery
SYN-0010499,Assault-0-layout2,Assault
INF-0019056,informal-Arson-6,Arson
INF-0000067,informal-Cybercrime-8,Cybercrime
INF-0040777,informal-Assault-3,Assault
INF-0021809,informal-Assault-8,Assault
INF-0045696,informal-Arson-6,Arson
INF-0043369,informal-Assault-3,Assault
SYN-0005712,Burglary-2-layout5,Burglary
INF-0029015,informal-Vandalism-8,Vandalism
INF-0005854,informal-Theft-11,Theft
INF-0009715,informal-Cybercrime-8,Cybercrime
INF-0022687,informal-Vandalism-9,Vandalism
INF-0043417,informal-Assault-9,Assault
INF-0045698,informal-Burglary-6,Burglary
INF-0011719,informal-Vandalism-6,Vandalism
INF-0019810,informal-Burglary-10,Burglary
INF-0019759,informal-Vandalism-3,Vandalism
INF-0024794,informal-Burglary-3,Burglary
INF-0032126,informal-Theft-1,Theft
SYN-0011294,Vandalism-3-layout2,Vandalism
INF-0046537,informal-Assault-3,Assault
INF-0029980,informal-Fraud-3,Fraud
INF-0016866,informal-Burglary-2,Burglary
INF-0041916,informal-Fraud-1,Fraud
INF-0028446,informal-Theft-9,Theft
INF-0033411,informal-Cybercrime-0,Cybercrime
INF-0016919,informal-Vandalism-8,Vandalism
INF-0005336,informal-Arson-1,Arson
INF-0045437,informal-Robbery-9,Robbery
INF-0029549,informal-Robbery-3,Robbery
INF-0032267,informal-Cybercrime-1,Cybercrime
INF-0007149,informal-Robbery-11,Robbery
INF-0037901,informal-Robbery-3,Robbery
INF-0017203,informal-Cybercrime-8,Cybercrime
INF-0007396,informal-Fraud-6,Fraud
INF-0040947,informal-Cybercrime-6,Cybercrime
INF-0023409,informal-Assault-10,Assault
INF-0013453,informal-Robbery-7,Robbery
INF-0029253,informal-Robbery-2,Robbery
INF-0032482,informal-Burglary-10,Burglary
INF-0000337,informal-Assault-6,Assault
SYN-0009830,Vandalism-4-layout3,Vandalism
SYN-0010755,Assault-0-layout0,Assault
INF-0040033,informal-Assault-0,Assault
INF-0008641,informal-Assault-0,Assault
SYN-0007680,Burglary-0-layout0,Burglary
INF-0044656,informal-Arson-2,Arson
INF-0042823,informal-Vandalism-6,Vandalism
INF-0046425,informal-Assault-7,Assault
SYN-0001377,Robbery-4-layout3,Robbery
SYN-0005717,Cybercrime-2-layout5,Cybercrime
SYN-0000996,Fraud-4-layout3,Fraud
INF-0022069,informal-Robbery-4,Robbery
INF-0005481,informal-Assault-1,Assault
INF-0033181,informal-Robbery-7,Robbery
INF-0020676,informal-Fraud-10,Fraud
SYN-0010328,Burglary-3-layout5,Burglary
INF-0038677,informal-Robbery-10,Robbery
SYN-0004480,Burglary-0-layout4,Burglary
INF-0045438,informal-Theft-9,Theft
INF-0017028,informal-Fraud-4,Fraud
INF-0004195,informal-Cybercrime-2,Cybercrime
INF-0030595,informal-Cybercrime-8,Cybercrime
INF-0031039,informal-Vandalism-9,Vandalism
INF-0005801,informal-Assault-5,Assault
INF-0027099,informal-Cybercrime-3,Cybercrime
SYN-0006468,Fraud-0-layout5,Fraud
INF-0033640,informal-Arson-11,Arson
INF-0012463,informal-Vandalism-9,Vandalism
INF-0019329,informal-Assault-4,Assault
INF-0013902,informal-Theft-9,Theft
INF-0043833,informal-Assault-7,Assault
INF-0012241,informal-Assault-0,Assault
INF-0012462,informal-Theft-9,Theft
INF-0031712,informal-Arson-4,Arson
SYN-0010565,Cybercrime-0-layout3,Cybercrime
SYN-0008139,Assault-1-layout1,Assault
INF-0035938,informal-Burglary-10,Burglary
INF-0041944,informal-Arson-5,Arson
INF-0002607,informal-Vandalism-1,Vandalism
SYN-0005461,Cybercrime-2-layout1,Cybercrime
INF-0040046,informal-Theft-1,Theft
INF-0025828,informal-Fraud-6,Fraud
INF-0008147,informal-Cybercrime-10,Cybercrime
INF-0031199,informal-Vandalism-11,Vandalism
INF-0001645,informal-Robbery-7,Robbery
INF-0018620,informal-Fraud-5,Fraud
INF-0046101,informal-Robbery-2,Robbery
INF-0027096,informal-Arson-3,Arson
SYN-0008019,Assault-2-layout5,Assault
INF-0039065,informal-Assault-5,Assault
INF-0038626,informal-Burglary-4,Burglary
INF-0035211,informal-Cybercrime-9,Cybercrime
INF-0020941,informal-Robbery-7,Robbery
INF-0000507,informal-Cybercrime-9,Cybercrime
INF-0003044,informal-Fraud-2,Fraud
INF-0034015,informal-Vandalism-3,Vandalism
INF-0026146,informal-Burglary-10,Burglary
INF-0024799,informal-Vandalism-3,Vandalism
INF-0047717,informal-Robbery-6,Robbery
INF-0035282,informal-Burglary-0,Burglary
INF-0035347,informal-Cybercrime-8,Cybercrime
INF-0039079,informal-Vandalism-6,Vandalism
INF-0017350,informal-Theft-8,Theft
INF-0027218,informal-Burglary-0,Burglary
INF-0026518,informal-Theft-2,Theft
INF-0020822,informal-Theft-10,Theft
INF-0009579,informal-Cybercrime-9,Cybercrime
INF-0045819,informal-Cybercrime-3,Cybercrime
INF-0023396,informal-Fraud-8,Fraud
INF-0036436,informal-Fraud-0,Fraud
SYN-0009824,Burglary-4-layout3,Burglary
INF-0034616,informal-Arson-7,Arson
INF-0026786,informal-Burglary-0,Burglary
INF-0036915,informal-Cybercrime-6,Cybercrime
INF-0014618,informal-Burglary-9,Burglary
SYN-0003412,Fraud-2-layout5,Fraud
SYN-0003329,Robbery-0-layout4,Robbery
INF-0025286,informal-Theft-10,Theft
INF-0035798,informal-Theft-10,Theft
INF-0004943,informal-Vandalism-5,Vandalism
INF-0032484,informal-Fraud-10,Fraud
INF-0013477,informal-Robbery-10,Robbery
INF-0023991,informal-Vandalism-10,Vandalism
INF-0005622,informal-Theft-0,Theft
INF-0042274,informal-Burglary-10,Burglary
INF-0010671,informal-Vandalism-1,Vandalism
INF-0025285,informal-Robbery-10,Robbery
INF-0039489,informal-Assault-4,Assault
INF-0031453,informal-Robbery-7,Robbery
INF-0008497,informal-Assault-0,Assault
INF-0040041,informal-Assault-1,Assault
INF-0005516,informal-Fraud-5,Fraud
INF-0039640,informal-Arson-5,Arson
INF-0028148,informal-Fraud-8,Fraud
INF-0029308,informal-Fraud-9,Fraud
SYN-0007042,Theft-0-layout2,Theft
INF-0024208,informal-Arson-2,Arson
INF-0020036,informal-Fraud-2,Fraud
SYN-0003870,Vandalism-3-layout0,Vandalism
INF-0029836,informal-Fraud-3,Fraud
INF-0026235,informal-Cybercrime-3,Cybercrime
INF-0002496,informal-Arson-6,Arson
INF-0038755,informal-Cybercrime-2,Cybercrime
INF-0014326,informal-Theft-8,Theft
INF-0017174,informal-Theft-4,Theft
INF-0039642,informal-Burglary-5,Burglary
INF-0026502,informal-Theft-0,Theft
INF-0042803,informal-Cybercrime-4,Cybercrime
INF-0003958,informal-Theft-8,Theft
INF-0046814,informal-Theft-1,Theft
INF-0020346,informal-Burglary-5,Burglary
INF-0046156,informal-Fraud-9,Fraud
INF-0036891,informal-Cybercrime-3,Cybercrime
INF-0022355,informal-Cybercrime-4,Cybercrime
INF-0044212,informal-Fraud-0,Fraud
INF-0032350,informal-Theft-11,Theft
INF-0023262,informal-Theft-9,Theft
INF-0020825,informal-Assault-11,Assault
INF-0046263,informal-Vandalism-4,Vandalism
INF-0002886,informal-Theft-0,Theft
INF-0039907,informal-Cybercrime-2,Cybercrime
INF-0042374,informal-Theft-4,Theft
INF-0014622,informal-Theft-9,Theft
INF-0018029,informal-Robbery-3,Robbery
INF-0001728,informal-Arson-0,Arson
SYN-0011146,Theft-1-layout0,Theft
INF-0043439,informal-Vandalism-11,Vandalism
INF-0018434,informal-Burglary-0,Burglary
INF-0015472,informal-Arson-8,Arson
INF-0017347,informal-Cybercrime-8,Cybercrime
INF-0044011,informal-Cybercrime-11,Cybercrime
INF-0007424,informal-Arson-10,Arson
INF-0005339,informal-Cybercrime-1,Cybercrime
SYN-0008078,Vandalism-1-layout0,Vandalism
SYN-0001031,Arson-0-layout4,Arson
INF-0033708,informal-Fraud-1,Fraud
SYN-0011875,Assault-4-layout5,Assault
INF-0016136,informal-Arson-1,Arson
SYN-0000999,Arson-4-layout3,Arson
SYN-0003936,Burglary-4-layout1,Burglary
INF-0046750,informal-Theft-11,Theft
SYN-0008932,Fraud-4-layout1,Fraud
SYN-0004002,Theft-4-layout2,Theft
INF-0039631,informal-Vandalism-3,Vandalism
INF-0034887,informal-Vandalism-4,Vandalism
INF-0007685,informal-Robbery-6,Robbery
INF-0022761,informal-Assault-1,Assault
INF-0005337,informal-Assault-1,Assault
INF-0027549,informal-Robbery-5,Robbery
INF-0029978,informal-Burglary-3,Burglary
INF-0039662,informal-Theft-7,Theft
SYN-0005251,Assault-0-layout4,Assault
INF-0018597,informal-Robbery-2,Robbery
INF-0028245,informal-Robbery-2,Robbery
INF-0014571,informal-Cybercrime-3,Cybercrime
INF-0046427,informal-Cybercrime-7,Cybercrime
SYN-0007041,Robbery-0-layout2,Robbery
INF-0045970,informal-Burglary-4,Burglary
INF-0030176,informal-Arson-10,Arson
SYN-0010205,Cybercrime-3-layout3,Cybercrime
INF-0040846,informal-Theft-11,Theft
SYN-0005849,Robbery-3-layout1,Robbery
INF-0031714,informal-Burglary-4,Burglary
INF-0031843,informal-Cybercrime-2,Cybercrime
INF-0046014,informal-Theft-9,Theft
INF-0024627,informal-Cybercrime-0,Cybercrime
INF-0002480,informal-Arson-4,Arson
INF-0046591,informal-Vandalism-9,Vandalism
INF-0013421,informal-Robbery-3,Robbery
SYN-0009106,Theft-2-layout4,Theft
INF-0043791,informal-Vandalism-1,Vandalism
INF-0002104,informal-Arson-11,Arson
INF-0020027,informal-Cybercrime-1,Cybercrime
INF-0026817,informal-Assault-4,Assault
INF-0036944,informal-Arson-10,Arson
SYN-0004378,Theft-3-layout2,Theft
INF-0042820,informal-Fraud-6,Fraud
SYN-0010250,Theft-1-layout4,Theft
INF-0021664,informal-Arson-8,Arson
INF-0024667,informal-Cybercrime-5,Cybercrime
SYN-0004198,Vandalism-4-layout5,Vandalism
INF-0030763,informal-Cybercrime-11,Cybercrime
INF-0034000,informal-Arson-2,Arson
INF-0029828,informal-Fraud-2,Fraud
INF-0007138,informal-Burglary-10,Burglary
INF-0012685,informal-Robbery-1,Robbery
INF-0002193,informal-Assault-4,Assault
INF-0013595,informal-Cybercrime-7,Cybercrime
INF-0030155,informal-Cybercrime-7,Cybercrime
INF-0047960,informal-Arson-1,Arson
INF-0037363,informal-Cybercrime-8,Cybercrime
INF-0022408,informal-Arson-11,Arson
INF-0042782,informal-Theft-1,Theft
INF-0025579,informal-Cybercrime-11,Cybercrime
INF-0016055,informal-Vandalism-8,Vandalism
INF-0005380,informal-Fraud-6,Fraud
SYN-0001823,Arson-3-layout4,Arson
INF-0041796,informal-Fraud-4,Fraud
INF-0035210,informal-Burglary-9,Burglary
INF-0033413,informal-Robbery-0,Robbery
INF-0014744,informal-Arson-7,Arson
INF-0025991,informal-Vandalism-8,Vandalism
SYN-0004365,Cybercrime-1-layout2,Cybercrime
SYN-0001928,Burglary-1-layout0,Burglary
INF-0034274,informal-Burglary-0,Burglary
INF-0028150,informal-Theft-8,Theft
INF-0016655,informal-Vandalism-11,Vandalism
SYN-0010244,Fraud-0-layout4,Fraud
INF-0013752,informal-Arson-9,Arson
INF-0019497,informal-Assault-7,Assault
SYN-0002081,Robbery-4-layout2,Robbery
INF-0041066,informal-Burglary-3,Burglary
INF-0002621,informal-Robbery-3,Robbery
INF-0042684,informal-Fraud-7,Fraud
INF-0007696,informal-Arson-8,Arson
INF-0015848,informal-Arson-1,Arson
SYN-0004386,Theft-4-layout2,Theft
SYN-0000208,Burglary-2-layout3,Burglary
INF-0033896,informal-Arson-7,Arson
INF-0047237,informal-Robbery-0,Robbery
INF-0017802,informal-Burglary-11,Burglary
INF-0018156,informal-Fraud-1,Fraud
INF-0041403,informal-Cybercrime-9,Cybercrime
SYN-0001815,Arson-2-layout4,Arson
INF-0023394,informal-Burglary-8,Burglary
INF-0007247,informal-Vandalism-5,Vandalism
INF-0008134,informal-Theft-8,Theft
INF-0000790,informal-Theft-8,Theft
INF-0037195,informal-Cybercrime-5,Cybercrime
INF-0019890,informal-Burglary-2,Burglary
INF-0022685,informal-Robbery-9,Robbery
INF-0031000,informal-Arson-5,Arson
INF-0000233,informal-Assault-11,Assault
INF-0046235,informal-Cybercrime-1,Cybercrime
INF-0025958,informal-Theft-4,Theft
INF-0003956,informal-Fraud-8,Fraud
INF-0045151,informal-Vandalism-9,Vandalism
SYN-0005139,Assault-2-layout2,Assault
INF-0003820,informal-Fraud-9,Fraud
INF-0017935,informal-Vandalism-9,Vandalism
INF-0036378,informal-Burglary-11,Burglary
SYN-0007809,Robbery-0-layout2,Robbery
INF-0015152,informal-Arson-4,Arson
SYN-0010594,Theft-4-layout3,Theft
SYN-0006658,Theft-0-layout2,Theft
SYN-0006479,Arson-1-layout5,Arson
SYN-0007053,Cybercrime-1-layout2,Cybercrime
INF-0038492,informal-Fraud-5,Fraud
INF-0005649,informal-Assault-4,Assault
INF-0047552,informal-Arson-4,Arson
INF-0000761,informal-Assault-5,Assault
INF-0035572,informal-Fraud-0,Fraud
INF-0015927,informal-Vandalism-10,Vandalism
INF-0032122,informal-Burglary-1,Burglary
INF-0029827,informal-Cybercrime-2,Cybercrime
INF-0032884,informal-Fraud-6,Fraud
INF-0025851,informal-Cybercrime-9,Cybercrime
INF-0033491,informal-Cybercrime-10,Cybercrime
INF-0007686,informal-Theft-6,Theft
INF-0037808,informal-Arson-10,Arson
INF-0002686,informal-Theft-11,Theft
INF-0009940,informal-Fraud-0,Fraud
INF-0046002,informal-Burglary-8,Burglary
INF-0018914,informal-Burglary-6,Burglary
INF-0008142,informal-Theft-9,Theft
INF-0004476,informal-Fraud-1,Fraud
INF-0031716,informal-Fraud-4,Fraud
INF-0006649,informal-Assault-3,Assault
SYN-0002261,Cybercrime-2-layout5,Cybercrime
INF-0044254,informal-Theft-5,Theft
INF-0006388,informal-Fraud-6,Fraud
INF-0047450,informal-Burglary-9,Burglary
INF-0017189,informal-Robbery-6,Robbery
INF-0039495,informal-Vandalism-4,Vandalism
INF-0038199,informal-Vandalism-4,Vandalism
INF-0032440,informal-Arson-5,Arson
INF-0000504,informal-Arson-9,Arson
INF-0029900,informal-Fraud-11,Fraud
INF-0019892,informal-Fraud-2,Fraud
INF-0014204,informal-Fraud-11,Fraud
INF-0005486,informal-Theft-1,Theft
INF-0000202,informal-Burglary-7,Burglary
INF-0015857,informal-Assault-2,Assault
SYN-0008030,Vandalism-3-layout5,Vandalism
INF-0031189,informal-Robbery-10,Robbery
INF-0022516,informal-Fraud-6,Fraud
INF-0025983,informal-Vandalism-7,Vandalism
SYN-0000965,Cybercrime-0-layout3,Cybercrime
INF-0038192,informal-Arson-4,Arson
INF-0018062,informal-Theft-7,Theft
INF-0034747,informal-Cybercrime-5,Cybercrime
INF-0014063,informal-Vandalism-11,Vandalism
INF-0043419,informal-Cybercrime-9,Cybercrime
INF-0033054,informal-Theft-9,Theft
INF-0012681,informal-Assault-1,Assault
SYN-0004230,Vandalism-0-layout0,Vandalism
SYN-0007774,Vandalism-3-layout1,Vandalism
SYN-0003471,Arson-1-layout0,Arson
INF-0045565,informal-Robbery-7,Robbery
SYN-0008020,Fraud-2-layout5,Fraud
SYN-0010373,Cybercrime-0-layout0,Cybercrime
INF-0038052,informal-Fraud-4,Fraud
INF-0038351,informal-Vandalism-5,Vandalism
SYN-0003844,Fraud-0-layout0,Fraud
INF-0031030,informal-Theft-8,Theft
INF-0033492,informal-Fraud-10,Fraud
SYN-0009297,Robbery-2-layout1,Robbery
INF-0003925,informal-Robbery-4,Robbery
INF-0017221,informal-Robbery-10,Robbery
INF-0039042,informal-Burglary-2,Burglary
INF-0018356,informal-Fraud-8,Fraud
INF-0043541,informal-Robbery-6,Robbery
INF-0013178,informal-Burglary-9,Burglary
SYN-0010662,Vandalism-4-layout4,Vandalism
INF-0008296,informal-Arson-11,Arson
INF-0034480,informal-Arson-8,Arson
INF-0033775,informal-Vandalism-9,Vandalism
INF-0013476,informal-Fraud-10,Fraud
INF-0024665,informal-Assault-5,Assault
INF-0045147,informal-Cybercrime-9,Cybercrime
SYN-0000786,Theft-2-layout0,Theft
INF-0045406,informal-Theft-5,Theft
INF-0009524,informal-Fraud-2,Fraud
INF-0010858,informal-Burglary-7,Burglary
INF-0016048,informal-Arson-8,Arson
INF-0021827,informal-Cybercrime-10,Cybercrime
SYN-0008079,Arson-1-layout0,Arson
INF-0023786,informal-Burglary-3,Burglary
INF-0013475,informal-Cybercrime-10,Cybercrime
INF-0008796,informal-Fraud-1,Fraud
SYN-0002530,Theft-4-layout3,Theft
SYN-0002198,Vandalism-2-layout4,Vandalism
SYN-0007251,Assault-2-layout5,Assault
SYN-0005967,Arson-1-layout3,Arson
INF-0022482,informal-Burglary-2,Burglary
INF-0011415,informal-Vandalism-4,Vandalism
INF-0040192,informal-Arson-2,Arson
INF-0037782,informal-Theft-6,Theft
INF-0009704,informal-Arson-7,Arson
SYN-0011783,Arson-0-layout4,Arson
INF-0026997,informal-Robbery-8,Robbery
INF-0009658,informal-Burglary-1,Burglary
INF-0014057,informal-Assault-11,Assault
INF-0005927,informal-Vandalism-2,Vandalism
SYN-0010882,Theft-0-layout2,Theft
INF-0006655,informal-Vandalism-3,Vandalism
INF-0014854,informal-Theft-2,Theft
INF-0020774,informal-Theft-4,Theft
INF-0011717,informal-Robbery-6,Robbery
SYN-0004883,Assault-2-layout4,Assault
INF-0027274,informal-Burglary-7,Burglary
INF-0019100,informal-Fraud-11,Fraud
INF-0031863,informal-Vandalism-4,Vandalism
SYN-0004419,Assault-0-layout3,Assault
INF-0017747,informal-Cybercrime-4,Cybercrime
INF-0003522,informal-Burglary-8,Burglary
SYN-0008075,Assault-1-layout0,Assault
INF-0035511,informal-Vandalism-10,Vandalism
INF-0001883,informal-Cybercrime-1,Cybercrime
INF-0039312,informal-Arson-0,Arson
INF-0046587,informal-Cybercrime-9,Cybercrime
INF-0034286,informal-Theft-1,Theft
INF-0037893,informal-Robbery-2,Robbery
INF-0014053,informal-Robbery-10,Robbery
SYN-0007636,Fraud-2-layout5,Fraud
SYN-0004769,Robbery-4-layout2,Robbery
SYN-0004227,Assault-0-layout0,Assault
INF-0010697,informal-Assault-5,Assault
INF-0041977,informal-Assault-9,Assault
INF-0032144,informal-Arson-4,Arson
INF-0032435,informal-Cybercrime-4,Cybercrime
INF-0032333,informal-Robbery-9,Robbery
INF-0005842,informal-Burglary-10,Burglary
SYN-0007119,Arson-1-layout3,Arson
INF-0013128,informal-Arson-3,Arson
INF-0040356,informal-Fraud-4,Fraud
INF-0042342,informal-Theft-0,Theft
INF-0011309,informal-Robbery-9,Robbery
SYN-0010883,Assault-0-layout2,Assault
INF-0043425,informal-Assault-10,Assault
SYN-0001032,Burglary-1-layout4,Burglary
INF-0024107,informal-Cybercrime-7,Cybercrime
INF-0029557,informal-Robbery-4,Robbery
INF-0028450,informal-Burglary-10,Burglary
INF-0036224,informal-Arson-10,Arson
INF-0010660,informal-Fraud-0,Fraud
INF-0005382,informal-Theft-6,Theft
INF-0015445,informal-Robbery-4,Robbery
INF-0034067,informal-Cybercrime-10,Cybercrime
INF-0001332,informal-Fraud-4,Fraud
INF-0031837,informal-Robbery-1,Robbery
INF-0026996,informal-Fraud-8,Fraud
INF-0027952,informal-Arson-2,Arson
INF-0007368,informal-Arson-3,Arson
INF-0010016,informal-Arson-10,Arson
SYN-0002122,Theft-1-layout3,Theft
INF-0020601,informal-Assault-1,Assault
INF-0037453,informal-Robbery-1,Robbery
INF-0046159,informal-Vandalism-9,Vandalism
INF-0028539,informal-Cybercrime-3,Cybercrime
INF-0038808,informal-Arson-9,Arson
INF-0007567,informal-Vandalism-9,Vandalism
INF-0002334,informal-Theft-3,Theft
INF-0022541,informal-Robbery-9,Robbery
INF-0012672,informal-Arson-0,Arson
INF-0017351,informal-Vandalism-8,Vandalism
INF-0031578,informal-Burglary-5,Burglary
INF-0046306,informal-Burglary-10,Burglary
INF-0041981,informal-Robbery-9,Robbery
INF-0005060,informal-Fraud-2,Fraud
INF-0036184,informal-Arson-5,Arson
INF-0046021,informal-Robbery-10,Robbery
INF-0010408,informal-Arson-5,Arson
INF-0034883,informal-Cybercrime-4,Cybercrime
INF-0006387,informal-Cybercrime-6,Cybercrime
INF-0040114,informal-Burglary-10,Burglary
INF-0046569,informal-Assault-7,Assault
SYN-0002578,Theft-2-layout4,Theft
INF-0043829,informal-Robbery-6,Robbery
INF-0040905,informal-Assault-1,Assault
INF-0006208,informal-Arson-2,Arson
INF-0008258,informal-Burglary-6,Burglary
INF-0035607,informal-Vandalism-4,Vandalism
INF-0039537,informal-Assault-10,Assault
INF-0023988,informal-Fraud-10,Fraud
INF-0035860,informal-Fraud-0,Fraud
INF-0004636,informal-Fraud-3,Fraud
INF-0012467,informal-Cybercrime-10,Cybercrime
SYN-0000016,Burglary-2-layout0,Burglary
INF-0013132,informal-Fraud-3,Fraud
SYN-0003981,Cybercrime-1-layout2,Cybercrime
SYN-0009499,Assault-3-layout4,Assault
INF-0040685,informal-Robbery-9,Robbery
SYN-0008006,Vandalism-0-layout5,Vandalism
INF-0047007,informal-Vandalism-7,Vandalism
INF-0022466,informal-Burglary-0,Burglary
INF-0002366,informal-Theft-7,Theft
INF-0031430,informal-Theft-4,Theft
INF-0026003,informal-Cybercrime-10,Cybercrime
INF-0026524,informal-Fraud-3,Fraud
INF-0000800,informal-Arson-10,Arson
INF-0008655,informal-Vandalism-1,Vandalism
INF-0007722,informal-Burglary-11,Burglary
INF-0012823,informal-Vandalism-0,Vandalism
SYN-0011273,Robbery-1-layout2,Robbery
INF-0009701,informal-Robbery-6,Robbery
INF-0020325,informal-Robbery-2,Robbery
INF-0030757,informal-Robbery-10,Robbery
SYN-0005014,Vandalism-2-layout0,Vandalism
INF-0015019,informal-Cybercrime-5,Cybercrime
INF-0005807,informal-Vandalism-5,Vandalism
SYN-0002898,Theft-2-layout3,Theft
INF-0034010,informal-Burglary-3,Burglary
INF-0014608,informal-Arson-8,Arson
INF-0012434,informal-Burglary-6,Burglary
INF-0000147,informal-Cybercrime-0,Cybercrime
INF-0011893,informal-Robbery-10,Robbery
INF-0013716,informal-Fraud-4,Fraud
SYN-0008475,Assault-3-layout0,Assault
INF-0043814,informal-Theft-4,Theft
INF-0034879,informal-Vandalism-3,Vandalism
INF-0006111,informal-Vandalism-7,Vandalism
INF-0029527,informal-Vandalism-0,Vandalism
INF-0029971,informal-Cybercrime-2,Cybercrime
INF-0025095,informal-Vandalism-4,Vandalism
SYN-0011604,Fraud-2-layout1,Fraud
SYN-0010269,Cybercrime-3-layout4,Cybercrime
SYN-0004759,Arson-2-layout2,Arson
INF-0013185,informal-Assault-10,Assault
INF-0020969,informal-Assault-11,Assault
INF-0031547,informal-Cybercrime-1,Cybercrime
INF-0002755,informal-Cybercrime-2,Cybercrime
INF-0000801,informal-Assault-10,Assault
INF-0008732,informal-Fraud-11,Fraud
INF-0028453,informal-Robbery-10,Robbery
INF-0034750,informal-Theft-5,Theft
SYN-0010889,Robbery-1-layout2,Robbery
INF-0017060,informal-Fraud-8,Fraud
INF-0014624,informal-Arson-10,Arson
INF-0010948,informal-Fraud-0,Fraud
INF-0033897,informal-Assault-7,Assault
INF-0034367,informal-Vandalism-11,Vandalism
SYN-0001814,Vandalism-2-layout4,Vandalism
INF-0000332,informal-Fraud-5,Fraud
INF-0013536,informal-Arson-0,Arson
INF-0041710,informal-Theft-11,Theft
SYN-0009820,Fraud-3-layout3,Fraud
INF-0023696,informal-Arson-10,Arson
INF-0002020,informal-Fraud-0,Fraud
INF-0040824,informal-Arson-9,Arson
INF-0006201,informal-Assault-1,Assault
INF-0038679,informal-Vandalism-10,Vandalism
INF-0011117,informal-Robbery-3,Robbery
INF-0043941,informal-Robbery-2,Robbery
SYN-0004058,Theft-3-layout3,Theft
INF-0037226,informal-Burglary-9,Burglary
SYN-0004160,Burglary-0-layout5,Burglary
SYN-0003525,Cybercrime-0-layout1,Cybercrime
SYN-0005460,Fraud-2-layout1,Fraud
INF-0045378,informal-Burglary-2,Burglary
INF-0022184,informal-Arson-1,Arson
INF-0019173,informal-Robbery-2,Robbery
INF-0047966,informal-Theft-1,Theft
INF-0040908,informal-Fraud-1,Fraud
INF-0019333,informal-Robbery-4,Robbery
INF-0045857,informal-Assault-8,Assault
INF-0008989,informal-Robbery-7,Robbery
INF-0041799,informal-Vandalism-4,Vandalism
INF-0018663,informal-Vandalism-10,Vandalism
INF-0037597,informal-Robbery-1,Robbery
INF-0039905,informal-Assault-2,Assault
INF-0021471,informal-Vandalism-1,Vandalism
SYN-0002084,Fraud-4-layout2,Fraud
INF-0041085,informal-Robbery-5,Robbery
INF-0040327,informal-Vandalism-0,Vandalism
INF-0033215,informal-Vandalism-11,Vandalism
SYN-0008391,Arson-0-layout5,Arson
INF-0033557,informal-Robbery-0,Robbery
INF-0032592,informal-Arson-6,Arson
INF-0026937,informal-Assault-1,Assault
SYN-0007768,Burglary-3-layout1,Burglary
INF-0041794,informal-Burglary-4,Burglary
INF-0026706,informal-Burglary-8,Burglary
INF-0020629,informal-Robbery-4,Robbery
INF-0028247,informal-Vandalism-2,Vandalism
INF-0029027,informal-Cybercrime-10,Cybercrime
SYN-0008003,Assault-0-layout5,Assault
INF-0032485,informal-Robbery-10,Robbery
INF-0037637,informal-Robbery-6,Robbery
INF-0033211,informal-Cybercrime-11,Cybercrime
SYN-0007565,Cybercrime-1-layout4,Cybercrime
INF-0030553,informal-Assault-3,Assault
SYN-0008529,Robbery-2-layout1,Robbery
INF-0025284,informal-Fraud-10,Fraud
INF-0012468,informal-Fraud-10,Fraud
INF-0004957,informal-Robbery-7,Robbery
SYN-0005776,Burglary-2-layout0,Burglary
SYN-0003470,Vandalism-1-layout0,Vandalism
INF-0016497,informal-Assault-10,Assault
INF-0043371,informal-Cybercrime-3,Cybercrime
INF-0013125,informal-Robbery-2,Robbery
INF-0011594,informal-Burglary-9,Burglary
INF-0002503,informal-Vandalism-6,Vandalism
INF-0031429,informal-Robbery-4,Robbery
INF-0000151,informal-Vandalism-0,Vandalism
INF-0025989,informal-Robbery-8,Robbery
SYN-0008605,Cybercrime-3-layout2,Cybercrime
INF-0000641,informal-Assault-8,Assault
INF-0046003,informal-Cybercrime-8,Cybercrime
INF-0007489,informal-Assault-0,Assault
INF-0036526,informal-Theft-11,Theft
INF-0026399,informal-Vandalism-5,Vandalism
INF-0014574,informal-Theft-3,Theft
INF-0040186,informal-Burglary-1,Burglary
SYN-0003979,Assault-1-layout2,Assault
SYN-0007590,Vandalism-4-layout4,Vandalism
INF-0039257,informal-Assault-11,Assault
SYN-0008018,Theft-2-layout5,Theft
INF-0006203,informal-Cybercrime-1,Cybercrime
INF-0000187,informal-Cybercrime-5,Cybercrime
SYN-0002840,Burglary-3-layout2,Burglary
INF-0005188,informal-Fraud-0,Fraud
INF-0047862,informal-Theft-6,Theft
INF-0031138,informal-Burglary-4,Burglary
INF-0038759,informal-Vandalism-2,Vandalism
INF-0000601,informal-Assault-3,Assault
INF-0008795,informal-Cybercrime-1,Cybercrime
INF-0033438,informal-Theft-3,Theft
INF-0045405,informal-Robbery-5,Robbery
INF-0041950,informal-Theft-5,Theft
INF-0004952,informal-Arson-7,Arson
INF-0021966,informal-Theft-9,Theft
SYN-0008213,Cybercrime-2-layout2,Cybercrime
INF-0024385,informal-Assault-6,Assault
INF-0001774,informal-Theft-5,Theft
SYN-0005154,Theft-4-layout2,Theft
INF-0028855,informal-Vandalism-6,Vandalism
INF-0001232,informal-Arson-10,Arson
INF-0007561,informal-Assault-9,Assault
INF-0021198,informal-Theft-3,Theft
INF-0042685,informal-Robbery-7,Robbery
SYN-0002965,Cybercrime-2-layout4,Cybercrime
INF-0025978,informal-Burglary-7,Burglary
INF-0005514,informal-Burglary-5,Burglary
INF-0011526,informal-Theft-0,Theft
INF-0007123,informal-Cybercrime-8,Cybercrime
INF-0037669,informal-Robbery-10,Robbery
SYN-0000535,Arson-2-layout2,Arson
INF-0017867,informal-Cybercrime-1,Cybercrime
INF-0021057,informal-Assault-4,Assault
INF-0006209,informal-Assault-2,Assault
INF-0011390,informal-Theft-1,Theft
INF-0010946,informal-Burglary-0,Burglary
INF-0004321,informal-Assault-0,Assault
INF-0026936,informal-Arson-1,Arson
INF-0020746,informal-Burglary-1,Burglary
INF-0035858,informal-Burglary-0,Burglary
SYN-0003995,Assault-3-layout2,Assault
INF-0037781,informal-Robbery-6,Robbery
INF-0022827,informal-Cybercrime-9,Cybercrime
INF-0003219,informal-Cybercrime-6,Cybercrime
SYN-0009107,Assault-2-layout4,Assault
INF-0010430,informal-Theft-7,Theft
INF-0046236,informal-Fraud-1,Fraud
INF-0043491,informal-Cybercrime-0,Cybercrime
INF-0021756,informal-Fraud-1,Fraud
INF-0000365,informal-Robbery-9,Robbery
SYN-0004888,Burglary-3-layout4,Burglary
INF-0007218,informal-Burglary-2,Burglary
SYN-0003413,Cybercrime-2-layout5,Cybercrime
INF-0023075,informal-Cybercrime-4,Cybercrime
INF-0041400,informal-Arson-9,Arson
INF-0006927,informal-Vandalism-1,Vandalism
INF-0031548,informal-Fraud-1,Fraud
SYN-0009183,Arson-3-layout5,Arson
INF-0003671,informal-Vandalism-8,Vandalism
INF-0032983,informal-Vandalism-0,Vandalism
INF-0018015,informal-Vandalism-1,Vandalism
INF-0014619,informal-Cybercrime-9,Cybercrime
INF-0035859,informal-Cybercrime-0,Cybercrime
INF-0011982,informal-Theft-3,Theft
INF-0040680,informal-Arson-9,Arson
INF-0047027,informal-Cybercrime-10,Cybercrime
INF-0000605,informal-Robbery-3,Robbery
SYN-0003328,Burglary-0-layout4,Burglary
INF-0013874,informal-Burglary-6,Burglary
INF-0024234,informal-Burglary-5,Burglary
INF-0036585,informal-Assault-1,Assault
INF-0009570,informal-Burglary-8,Burglary
INF-0011303,informal-Vandalism-8,Vandalism
SYN-0007054,Vandalism-1-layout2,Vandalism
SYN-0005456,Burglary-2-layout1,Burglary
SYN-0005572,Fraud-0-layout3,Fraud
INF-0044732,informal-Fraud-11,Fraud
INF-0038816,informal-Arson-10,Arson
INF-0006377,informal-Assault-5,Assault
INF-0008933,informal-Robbery-0,Robbery
INF-0021956,informal-Fraud-8,Fraud
INF-0027277,informal-Robbery-7,Robbery
INF-0015157,informal-Robbery-4,Robbery
INF-0011863,informal-Vandalism-6,Vandalism
INF-0032721,informal-Assault-4,Assault
SYN-0011077,Cybercrime-0-layout5,Cybercrime
INF-0047568,informal-Arson-6,Arson
INF-0038937,informal-Assault-7,Assault
INF-0043102,informal-Theft-5,Theft
INF-0013395,informal-Cybercrime-0,Cybercrime
INF-0026656,informal-Arson-2,Arson
INF-0003062,informal-Theft-4,Theft
INF-0043435,informal-Cybercrime-11,Cybercrime
SYN-0010782,Vandalism-3-layout0,Vandalism
INF-0027159,informal-Vandalism-10,Vandalism
INF-0023397,informal-Robbery-8,Robbery
SYN-0007118,Vandalism-1-layout3,Vandalism
INF-0027101,informal-Robbery-3,Robbery
SYN-0007562,Theft-1-layout4,Theft
INF-0045443,informal-Cybercrime-10,Cybercrime
INF-0026665,informal-Assault-3,Assault
SYN-0003458,Theft-0-layout0,Theft
INF-0009593,informal-Assault-11,Assault
SYN-0010503,Arson-0-layout2,Arson
INF-0022342,informal-Theft-2,Theft
INF-0044423,informal-Vandalism-8,Vandalism
INF-0033900,informal-Fraud-7,Fraud
INF-0010429,informal-Robbery-7,Robbery
INF-0044868,informal-Fraud-10,Fraud
INF-0032027,informal-Cybercrime-7,Cybercrime
INF-0038169,informal-Assault-1,Assault
INF-0034362,informal-Burglary-11,Burglary
INF-0035005,informal-Robbery-1,Robbery
INF-0046747,informal-Cybercrime-11,Cybercrime
INF-0023189,informal-Robbery-0,Robbery
SYN-0005451,Assault-1-layout1,Assault
INF-0044652,informal-Fraud-1,Fraud
INF-0042052,informal-Fraud-0,Fraud
INF-0005118,informal-Theft-9,Theft
INF-0007429,informal-Robbery-10,Robbery
INF-0037780,informal-Fraud-6,Fraud
INF-0039211,informal-Cybercrime-5,Cybercrime
INF-0009698,informal-Burglary-6,Burglary
INF-0007989,informal-Robbery-8,Robbery
INF-0012593,informal-Assault-8,Assault
INF-0003343,informal-Vandalism-3,Vandalism
SYN-0006880,Burglary-4-layout5,Burglary
SYN-0010702,Vandalism-1-layout5,Vandalism
INF-0031402,informal-Burglary-1,Burglary
INF-0024833,informal-Assault-8,Assault
SYN-0004391,Arson-4-layout2,Arson
INF-0047451,informal-Cybercrime-9,Cybercrime
SYN-0000986,Theft-3-layout3,Theft
INF-0007408,informal-Arson-8,Arson
INF-0038059,informal-Cybercrime-5,Cybercrime
INF-0039024,informal-Arson-0,Arson
INF-0017762,informal-Burglary-6,Burglary
INF-0025563,informal-Cybercrime-9,Cybercrime
INF-0029983,informal-Vandalism-3,Vandalism
SYN-0001052,Fraud-3-layout4,Fraud
INF-0003673,informal-Assault-9,Assault
INF-0010727,informal-Vandalism-8,Vandalism
INF-0038469,informal-Robbery-2,Robbery
INF-0017086,informal-Theft-11,Theft
INF-0040837,informal-Robbery-10,Robbery
INF-0020773,informal-Robbery-4,Robbery
INF-0043427,informal-Cybercrime-10,Cybercrime
INF-0046670,informal-Theft-1,Theft
INF-0011145,informal-Assault-7,Assault
INF-0042338,informal-Burglary-0,Burglary
INF-0038311,informal-Vandalism-0,Vandalism
SYN-0007765,Cybercrime-2-layout1,Cybercrime
INF-0043436,informal-Fraud-11,Fraud
INF-0014207,informal-Vandalism-11,Vandalism
INF-0038310,informal-Theft-0,Theft
SYN-0007007,Arson-3-layout1,Arson
INF-0014150,informal-Theft-4,Theft
INF-0037365,informal-Robbery-8,Robbery
SYN-0000785,Robbery-2-layout0,Robbery
INF-0037895,informal-Vandalism-2,Vandalism
INF-0041662,informal-Theft-5,Theft
INF-0009134,informal-Theft-7,Theft
INF-0017628,informal-Fraud-7,Fraud
INF-0028147,informal-Cybercrime-8,Cybercrime
INF-0014046,informal-Theft-9,Theft
INF-0028267,informal-Cybercrime-5,Cybercrime
INF-0034280,informal-Arson-1,Arson
SYN-0002264,Burglary-3-layout5,Burglary
INF-0033642,informal-Burglary-11,Burglary
INF-0015925,informal-Robbery-10,Robbery
SYN-0005965,Cybercrime-1-layout3,Cybercrime
INF-0036221,informal-Robbery-9,Robbery
INF-0033619,informal-Cybercrime-8,Cybercrime
INF-0011955,informal-Cybercrime-0,Cybercrime
INF-0015861,informal-Robbery-2,Robbery
INF-0026790,informal-Theft-0,Theft
INF-0029304,informal-Arson-9,Arson
INF-0044283,informal-Cybercrime-9,Cybercrime
SYN-0011288,Burglary-3-layout2,Burglary
INF-0031260,informal-Fraud-1,Fraud
INF-0002228,informal-Fraud-8,Fraud
SYN-0008728,Burglary-3-layout4,Burglary
INF-0002460,informal-Fraud-1,Fraud
INF-0039170,informal-Burglary-0,Burglary
INF-0003041,informal-Assault-2,Assault
INF-0022188,informal-Fraud-1,Fraud
INF-0010728,informal-Arson-9,Arson
INF-0036439,informal-Vandalism-0,Vandalism
INF-0026525,informal-Robbery-3,Robbery
INF-0014433,informal-Assault-4,Assault
INF-0012265,informal-Assault-3,Assault
INF-0014855,informal-Vandalism-2,Vandalism
INF-0003799,informal-Vandalism-6,Vandalism
SYN-0011587,Assault-0-layout1,Assault
INF-0047710,informal-Theft-5,Theft
INF-0023208,informal-Arson-3,Arson
INF-0031539,informal-Cybercrime-0,Cybercrime
INF-0040504,informal-Arson-5,Arson
INF-0020600,informal-Arson-1,Arson
INF-0022320,informal-Arson-0,Arson
INF-0045821,informal-Robbery-3,Robbery
INF-0042277,informal-Robbery-10,Robbery
INF-0026065,informal-Assault-0,Assault
INF-0004802,informal-Burglary-6,Burglary
INF-0022904,informal-Arson-1,Arson
SYN-0008477,Cybercrime-3-layout0,Cybercrime
INF-0021323,informal-Cybercrime-1,Cybercrime
INF-0018629,informal-Robbery-6,Robbery
INF-0040684,informal-Fraud-9,Fraud
INF-0043815,informal-Vandalism-4,Vandalism
INF-0017082,informal-Burglary-11,Burglary
INF-0016324,informal-Fraud-6,Fraud
INF-0007779,informal-Cybercrime-0,Cybercrime
INF-0035346,informal-Burglary-8,Burglary
INF-0047750,informal-Theft-10,Theft
INF-0016870,informal-Theft-2,Theft
INF-0047734,informal-Theft-8,Theft
SYN-0011532,Fraud-1-layout0,Fraud
INF-0022267,informal-Cybercrime-11,Cybercrime
INF-0013270,informal-Theft-2,Theft
INF-0017076,informal-Fraud-10,Fraud
INF-0039494,informal-Theft-4,Theft
INF-0029451,informal-Cybercrime-9,Cybercrime
INF-0023906,informal-Burglary-0,Burglary
INF-0041477,informal-Robbery-0,Robbery
SYN-0010497,Robbery-0-layout2,Robbery
SYN-0002049,Robbery-0-layout2,Robbery
INF-0029447,informal-Vandalism-8,Vandalism
INF-0018768,informal-Arson-6,Arson
INF-0010894,informal-Theft-11,Theft
INF-0002880,informal-Arson-0,Arson
INF-0019239,informal-Vandalism-10,Vandalism
SYN-0004579,Assault-4-layout5,Assault
INF-0043356,informal-Fraud-1,Fraud
INF-0006416,informal-Arson-10,Arson
INF-0035189,informal-Robbery-6,Robbery
INF-0042372,informal-Fraud-4,Fraud
INF-0016187,informal-Cybercrime-7,Cybercrime
INF-0012619,informal-Cybercrime-11,Cybercrime
INF-0011523,informal-Cybercrime-0,Cybercrime
INF-0018366,informal-Theft-9,Theft
INF-0020253,informal-Robbery-11,Robbery
INF-0029311,informal-Vandalism-9,Vandalism
INF-0029968,informal-Arson-2,Arson
SYN-0002577,Robbery-2-layout4,Robbery
INF-0013549,informal-Robbery-1,Robbery
INF-0046008,informal-Arson-9,Arson
INF-0047969,informal-Assault-2,Assault
INF-0021247,informal-Vandalism-9,Vandalism
INF-0017887,informal-Vandalism-3,Vandalism
SYN-0003416,Burglary-3-layout5,Burglary
INF-0008502,informal-Theft-0,Theft
INF-0024998,informal-Theft-10,Theft
INF-0042790,informal-Theft-2,Theft
INF-0000647,informal-Vandalism-8,Vandalism
INF-0013135,informal-Vandalism-3,Vandalism
INF-0035494,informal-Theft-8,Theft
INF-0014062,informal-Theft-11,Theft
INF-0002825,informal-Assault-11,Assault
INF-0003531,informal-Cybercrime-9,Cybercrime
INF-0012398,informal-Theft-1,Theft
INF-0001643,informal-Cybercrime-7,Cybercrime
INF-0035311,informal-Vandalism-3,Vandalism
INF-0031005,informal-Robbery-5,Robbery
INF-0046567,informal-Vandalism-6,Vandalism
SYN-0006466,Theft-0-layout5,Theft
INF-0043430,informal-Theft-10,Theft
INF-0042373,informal-Robbery-4,Robbery
INF-0043372,informal-Fraud-3,Fraud
INF-0035370,informal-Burglary-11,Burglary
INF-0024686,informal-Theft-7,Theft
SYN-0007399,Arson-4-layout1,Arson
SYN-0008085,Cybercrime-2-layout0,Cybercrime
INF-0028713,informal-Assault-7,Assault
INF-0007399,informal-Vandalism-6,Vandalism
INF-0022098,informal-Burglary-8,Burglary
INF-0019366,informal-Theft-8,Theft
INF-0007393,informal-Assault-6,Assault
INF-0018361,informal-Assault-9,Assault
INF-0022379,informal-Cybercrime-7,Cybercrime
SYN-0005526,Vandalism-2-layout2,Vandalism
INF-0006977,informal-Assault-8,Assault
INF-0010856,informal-Arson-7,Arson
SYN-0002074,Theft-3-layout2,Theft
INF-0042689,informal-Assault-8,Assault
INF-0023545,informal-Assault-9,Assault
INF-0022826,informal-Burglary-9,Burglary
INF-0013336,informal-Arson-11,Arson
SYN-0010018,Theft-4-layout0,Theft
INF-0033330,informal-Burglary-8,Burglary
INF-0020033,informal-Assault-2,Assault
SYN-0010201,Robbery-3-layout3,Robbery
INF-0001589,informal-Robbery-0,Robbery
INF-0003822,informal-Theft-9,Theft
SYN-0007812,Fraud-0-layout2,Fraud
INF-0037165,informal-Robbery-1,Robbery
INF-0034004,informal-Fraud-2,Fraud
SYN-0006881,Robbery-4-layout5,Robbery
INF-0020320,informal-Arson-2,Arson
INF-0010307,informal-Cybercrime-10,Cybercrime
INF-0032330,informal-Burglary-9,Burglary
INF-0038234,informal-Burglary-9,Burglary
INF-0041095,informal-Vandalism-6,Vandalism
INF-0029972,informal-Fraud-2,Fraud
INF-0029009,informal-Assault-8,Assault
INF-0024670,informal-Theft-5,Theft
SYN-0003016,Burglary-1-layout5,Burglary
INF-0001608,informal-Arson-3,Arson
INF-0022540,informal-Fraud-9,Fraud
SYN-0002077,Cybercrime-3-layout2,Cybercrime
INF-0040409,informal-Assault-11,Assault
INF-0046119,informal-Vandalism-4,Vandalism
INF-0018367,informal-Vandalism-9,Vandalism
INF-0016925,informal-Robbery-9,Robbery
SYN-0010274,Theft-4-layout4,Theft
SYN-0002368,Burglary-0-layout1,Burglary
INF-0014271,informal-Vandalism-1,Vandalism
INF-0038947,informal-Cybercrime-8,Cybercrime
INF-0000237,informal-Robbery-11,Robbery
INF-0018035,informal-Cybercrime-4,Cybercrime
INF-0002600,informal-Arson-1,Arson
INF-0008135,informal-Vandalism-8,Vandalism
INF-0011595,informal-Cybercrime-9,Cybercrime
SYN-0007248,Burglary-2-layout5,Burglary
INF-0045941,informal-Robbery-0,Robbery
INF-0043921,informal-Assault-0,Assault
INF-0008124,informal-Fraud-7,Fraud
SYN-0008082,Theft-2-layout0,Theft
INF-0024209,informal-Assault-2,Assault
INF-0046395,informal-Cybercrime-3,Cybercrime
INF-0012714,informal-Burglary-5,Burglary
INF-0035937,informal-Assault-10,Assault
INF-0006421,informal-Robbery-10,Robbery
INF-0002946,informal-Burglary-8,Burglary
INF-0022804,informal-Fraud-6,Fraud
INF-0009945,informal-Assault-1,Assault
SYN-0005221,Cybercrime-4-layout3,Cybercrime
INF-0024390,informal-Theft-6,Theft
INF-0033440,informal-Arson-4,Arson
SYN-0003808,Burglary-4-layout5,Burglary
INF-0014048,informal-Arson-10,Arson
INF-0021944,informal-Arson-7,Arson
INF-0032883,informal-Cybercrime-6,Cybercrime
INF-0012553,informal-Assault-3,Assault
INF-0039262,informal-Theft-11,Theft
INF-0016499,informal-Cybercrime-10,Cybercrime
SYN-0002976,Burglary-4-layout4,Burglary
INF-0017785,informal-Assault-9,Assault
SYN-0004483,Assault-0-layout4,Assault
INF-0029758,informal-Theft-11,Theft
INF-0019889,informal-Assault-2,Assault
INF-0015441,informal-Assault-4,Assault
INF-0041766,informal-Theft-0,Theft
SYN-0011026,Theft-2-layout4,Theft
INF-0038086,informal-Theft-8,Theft
INF-0013123,informal-Cybercrime-2,Cybercrime
SYN-0011799,Arson-2-layout4,Arson
SYN-0003976,Burglary-1-layout2,Burglary
INF-0016186,informal-Burglary-7,Burglary
INF-0044115,informal-Cybercrime-6,Cybercrime
INF-0043673,informal-Assault-5,Assault
SYN-0002583,Arson-2-layout4,Arson
INF-0006921,informal-Assault-1,Assault
INF-0003407,informal-Vandalism-11,Vandalism
INF-0042084,informal-Fraud-4,Fraud
INF-0035886,informal-Theft-3,Theft
INF-0016054,informal-Theft-8,Theft
INF-0037364,informal-Fraud-8,Fraud
INF-0037162,informal-Burglary-1,Burglary
INF-0028841,informal-Assault-5,Assault
INF-0034068,informal-Fraud-10,Fraud
INF-0016862,informal-Theft-1,Theft
INF-0031917,informal-Robbery-11,Robbery
INF-0010830,informal-Theft-3,Theft
INF-0025423,informal-Vandalism-9,Vandalism
INF-0014901,informal-Robbery-8,Robbery
INF-0006382,informal-Theft-5,Theft
INF-0000935,informal-Vandalism-8,Vandalism
INF-0024258,informal-Burglary-8,Burglary
INF-0024843,informal-Cybercrime-9,Cybercrime
INF-0020076,informal-Fraud-7,Fraud
SYN-0008076,Fraud-1-layout0,Fraud
INF-0045560,informal-Arson-7,Arson
INF-0020639,informal-Vandalism-5,Vandalism
INF-0035568,informal-Arson-0,Arson
INF-0031577,informal-Assault-5,Assault
INF-0029586,informal-Burglary-8,Burglary
INF-0033705,informal-Assault-1,Assault
INF-0000205,informal-Robbery-7,Robbery
INF-0040844,informal-Fraud-11,Fraud
SYN-0008073,Robbery-1-layout0,Robbery
INF-0020886,informal-Theft-0,Theft
SYN-0001920,Burglary-0-layout0,Burglary
SYN-0010661,Cybercrime-4-layout4,Cybercrime
INF-0021768,informal-Arson-3,Arson
SYN-0009310,Vandalism-3-layout1,Vandalism
INF-0006076,informal-Fraud-3,Fraud
SYN-0011472,Burglary-2-layout5,Burglary
INF-0031419,informal-Cybercrime-3,Cybercrime
INF-0004917,informal-Robbery-2,Robbery
INF-0045020,informal-Fraud-11,Fraud
INF-0034030,informal-Theft-5,Theft
SYN-0006748,Fraud-3-layout3,Fraud
INF-0009573,informal-Robbery-8,Robbery
SYN-0005441,Robbery-0-layout1,Robbery
INF-0035857,informal-Assault-0,Assault
INF-0006782,informal-Theft-1,Theft
INF-0032043,informal-Cybercrime-9,Cybercrime
INF-0016879,informal-Vandalism-3,Vandalism
SYN-0009689,Robbery-3-layout1,Robbery
INF-0029842,informal-Burglary-4,Burglary
INF-0007106,informal-Burglary-6,Burglary
INF-0036383,informal-Vandalism-11,Vandalism
INF-0046112,informal-Arson-4,Arson
INF-0034279,informal-Vandalism-0,Vandalism
INF-0022325,informal-Robbery-0,Robbery
INF-0041661,informal-Robbery-5,Robbery
INF-0029742,informal-Theft-9,Theft
INF-0008280,informal-Arson-9,Arson
SYN-0005009,Robbery-2-layout0,Robbery
INF-0001060,informal-Fraud-6,Fraud
SYN-0009100,Fraud-1-layout4,Fraud
INF-0032257,informal-Assault-0,Assault
INF-0005855,informal-Vandalism-11,Vandalism
INF-0044431,informal-Vandalism-9,Vandalism
INF-0037237,informal-Robbery-10,Robbery
INF-0014017,informal-Assault-6,Assault
INF-0038965,informal-Robbery-10,Robbery
INF-0013598,informal-Theft-7,Theft
INF-0045422,informal-Theft-7,Theft
INF-0027717,informal-Robbery-8,Robbery
SYN-0003465,Robbery-1-layout0,Robbery
INF-0031273,informal-Assault-3,Assault
SYN-0002899,Assault-2-layout3,Assault
INF-0000356,informal-Fraud-8,Fraud
SYN-0004199,Arson-4-layout5,Arson
INF-0036942,informal-Theft-9,Theft
INF-0012112,informal-Arson-2,Arson
SYN-0010276,Fraud-4-layout4,Fraud
INF-0007781,informal-Robbery-0,Robbery
SYN-0004935,Arson-0-layout5,Arson
INF-0006796,informal-Fraud-3,Fraud
SYN-0009372,Fraud-3-layout2,Fraud
INF-0034065,informal-Assault-10,Assault
INF-0044158,informal-Theft-11,Theft
INF-0039661,informal-Robbery-7,Robbery
SYN-0001161,Robbery-1-layout0,Robbery
INF-0041419,informal-Cybercrime-11,Cybercrime
INF-0002754,informal-Burglary-2,Burglary
INF-0018046,informal-Theft-5,Theft
INF-0024996,informal-Fraud-10,Fraud
SYN-0008533,Cybercrime-2-layout1,Cybercrime
SYN-0005970,Theft-2-layout3,Theft
INF-0046088,informal-Arson-1,Arson
SYN-0010371,Assault-0-layout0,Assault
INF-0002362,informal-Burglary-7,Burglary
INF-0037791,informal-Vandalism-7,Vandalism
INF-0003398,informal-Theft-10,Theft
INF-0032264,informal-Arson-1,Arson
INF-0015476,informal-Fraud-8,Fraud
SYN-0006746,Theft-3-layout3,Theft
SYN-0004486,Vandalism-0-layout4,Vandalism
SYN-0009098,Theft-1-layout4,Theft
SYN-0000194,Theft-0-layout3,Theft
SYN-0011150,Vandalism-1-layout0,Vandalism
INF-0025716,informal-Fraud-10,Fraud
INF-0033999,informal-Vandalism-1,Vandalism
SYN-0006483,Assault-2-layout5,Assault
SYN-0002061,Cybercrime-1-layout2,Cybercrime
INF-0019075,informal-Cybercrime-8,Cybercrime
INF-0036812,informal-Fraud-11,Fraud
INF-0036305,informal-Assault-2,Assault
INF-0033452,informal-Fraud-5,Fraud
INF-0014151,informal-Vandalism-4,Vandalism
INF-0002680,informal-Arson-11,Arson
INF-0018621,informal-Robbery-5,Robbery
INF-0038819,informal-Cybercrime-10,Cybercrime
INF-0005950,informal-Theft-5,Theft
SYN-0000279,Arson-2-layout4,Arson
INF-0005923,informal-Cybercrime-2,Cybercrime
INF-0009147,informal-Cybercrime-9,Cybercrime
INF-0026710,informal-Theft-8,Theft
INF-0009656,informal-Arson-1,Arson
INF-0002039,informal-Vandalism-2,Vandalism
INF-0037230,informal-Theft-9,Theft
INF-0021196,informal-Fraud-3,Fraud
INF-0012675,informal-Cybercrime-0,Cybercrime
INF-0020636,informal-Fraud-5,Fraud
INF-0005395,informal-Cybercrime-8,Cybercrime
INF-0015156,informal-Fraud-4,Fraud
INF-0019466,informal-Burglary-3,Burglary
INF-0002330,informal-Burglary-3,Burglary
INF-0005235,informal-Cybercrime-6,Cybercrime
SYN-0000215,Arson-2-layout3,Arson
INF-0044265,informal-Assault-7,Assault
INF-0006510,informal-Theft-3,Theft
INF-0043354,informal-Burglary-1,Burglary
INF-0003476,informal-Fraud-2,Fraud
INF-0027365,informal-Robbery-0,Robbery
INF-0002394,informal-Burglary-11,Burglary
INF-0004205,informal-Robbery-3,Robbery
INF-0009077,informal-Robbery-0,Robbery
INF-0042550,informal-Theft-8,Theft
INF-0028368,informal-Arson-0,Arson
INF-0018594,informal-Burglary-2,Burglary
INF-0046603,informal-Cybercrime-11,Cybercrime
INF-0029153,informal-Assault-8,Assault
INF-0035943,informal-Vandalism-10,Vandalism
INF-0046950,informal-Theft-0,Theft
INF-0026930,informal-Burglary-0,Burglary
INF-0018047,informal-Vandalism-5,Vandalism
INF-0014003,informal-Cybercrime-4,Cybercrime
INF-0003667,informal-Cybercrime-8,Cybercrime
INF-0041407,informal-Vandalism-9,Vandalism
INF-0016327,informal-Vandalism-6,Vandalism
INF-0043827,informal-Cybercrime-6,Cybercrime
INF-0037015,informal-Vandalism-0,Vandalism
INF-0033621,informal-Robbery-8,Robbery
SYN-0011233,Robbery-4-layout1,Robbery
INF-0000798,informal-Theft-9,Theft
SYN-0009444,Fraud-4-layout3,Fraud
SYN-0010368,Burglary-0-layout0,Burglary
INF-0015707,informal-Cybercrime-1,Cybercrime
INF-0023219,informal-Cybercrime-4,Cybercrime
INF-0041764,informal-Fraud-0,Fraud
INF-0004953,informal-Assault-7,Assault
INF-0001330,informal-Burglary-4,Burglary
INF-0038084,informal-Fraud-8,Fraud
INF-0005651,informal-Cybercrime-4,Cybercrime
INF-0012873,informal-Assault-7,Assault
SYN-0005021,Cybercrime-3-layout0,Cybercrime
INF-0017080,informal-Arson-11,Arson
INF-0017766,informal-Theft-6,Theft
INF-0013596,informal-Fraud-7,Fraud
SYN-0003526,Vandalism-0-layout1,Vandalism
INF-0006504,informal-Arson-3,Arson
INF-0010698,informal-Burglary-5,Burglary
INF-0038672,informal-Arson-10,Arson
INF-0012269,informal-Robbery-3,Robbery
INF-0025361,informal-Assault-2,Assault
INF-0031275,informal-Cybercrime-3,Cybercrime
INF-0026993,informal-Assault-8,Assault
INF-0025364,informal-Fraud-2,Fraud
INF-0010522,informal-Burglary-1,Burglary
INF-0004223,informal-Vandalism-5,Vandalism
INF-0027422,informal-Theft-7,Theft
INF-0015499,informal-Cybercrime-11,Cybercrime
INF-0046590,informal-Theft-9,Theft
SYN-0008515,Assault-0-layout1,Assault
INF-0026150,informal-Theft-10,Theft
INF-0002752,informal-Arson-2,Arson
INF-0034026,informal-Burglary-5,Burglary
SYN-0002981,Cybercrime-4-layout4,Cybercrime
INF-0037667,informal-Cybercrime-10,Cybercrime
SYN-0002579,Assault-2-layout4,Assault
INF-0039757,informal-Robbery-1,Robbery
INF-0019502,informal-Theft-7,Theft
INF-0005945,informal-Assault-5,Assault
INF-0028847,informal-Vandalism-5,Vandalism
SYN-0002580,Fraud-2-layout4,Fraud
INF-0028173,informal-Robbery-11,Robbery
INF-0003502,informal-Theft-5,Theft
INF-0002781,informal-Robbery-5,Robbery
INF-0016921,informal-Assault-9,Assault
INF-0009140,informal-Fraud-8,Fraud
SYN-0005121,Robbery-0-layout2,Robbery
INF-0037931,informal-Cybercrime-7,Cybercrime
INF-0019586,informal-Burglary-0,Burglary
SYN-0000985,Robbery-3-layout3,Robbery
INF-0006507,informal-Cybercrime-3,Cybercrime
INF-0044360,informal-Arson-1,Arson
INF-0012545,informal-Assault-2,Assault
SYN-0002847,Arson-3-layout2,Arson
INF-0023486,informal-Theft-1,Theft
SYN-0002779,Assault-3-layout1,Assault
INF-0038107,informal-Cybercrime-11,Cybercrime
INF-0008503,informal-Vandalism-0,Vandalism
INF-0003521,informal-Assault-8,Assault
INF-0005648,informal-Arson-4,Arson
SYN-0007327,Arson-3-layout0,Arson
INF-0025280,informal-Arson-10,Arson
INF-0026941,informal-Robbery-1,Robbery
INF-0020196,informal-Fraud-4,Fraud
INF-0043714,informal-Burglary-10,Burglary
INF-0035792,informal-Arson-10,Arson
INF-0045527,informal-Vandalism-2,Vandalism
SYN-0009418,Theft-1-layout3,Theft
SYN-0002851,Assault-4-layout2,Assault
INF-0042785,informal-Assault-2,Assault
INF-0001780,informal-Fraud-6,Fraud
INF-0034486,informal-Theft-8,Theft
INF-0046710,informal-Theft-6,Theft
INF-0034582,informal-Theft-2,Theft
INF-0029392,informal-Arson-2,Arson
INF-0029266,informal-Burglary-4,Burglary
SYN-0002054,Vandalism-0-layout2,Vandalism
INF-0024792,informal-Arson-3,Arson
INF-0008683,informal-Cybercrime-5,Cybercrime
SYN-0009311,Arson-3-layout1,Arson
INF-0008806,informal-Theft-2,Theft
INF-0026836,informal-Fraud-6,Fraud
INF-0036936,informal-Arson-9,Arson
SYN-0010065,Robbery-2-layout1,Robbery
INF-0033598,informal-Theft-5,Theft
INF-0006394,informal-Burglary-7,Burglary
INF-0014019,informal-Cybercrime-6,Cybercrime
SYN-0011097,Robbery-3-layout5,Robbery
INF-0014629,informal-Robbery-10,Robbery
INF-0027678,informal-Theft-3,Theft
INF-0019891,informal-Cybercrime-2,Cybercrime
INF-0030258,informal-Burglary-2,Burglary
INF-0006280,informal-Arson-11,Arson
SYN-0002121,Robbery-1-layout3,Robbery
INF-0006781,informal-Robbery-1,Robbery
INF-0022513,informal-Assault-6,Assault
INF-0033709,informal-Robbery-1,Robbery
INF-0024671,informal-Vandalism-5,Vandalism
INF-0021246,informal-Theft-9,Theft
INF-0037584,informal-Arson-0,Arson
INF-0008286,informal-Theft-9,Theft
INF-0029813,informal-Robbery-0,Robbery
INF-0023989,informal-Robbery-10,Robbery
INF-0040948,informal-Fraud-6,Fraud
SYN-0010369,Robbery-0-layout0,Robbery
INF-0018754,informal-Burglary-4,Burglary
INF-0002482,informal-Burglary-4,Burglary
SYN-0011781,Cybercrime-0-layout4,Cybercrime
INF-0011386,informal-Burglary-1,Burglary
INF-0008107,informal-Cybercrime-5,Cybercrime
INF-0041082,informal-Burglary-5,Burglary
INF-0012558,informal-Theft-3,Theft
INF-0021025,informal-Assault-0,Assault
INF-0005119,informal-Vandalism-9,Vandalism
INF-0010287,informal-Vandalism-7,Vandalism
INF-0045236,informal-Fraud-2,Fraud
INF-0002399,informal-Vandalism-11,Vandalism
INF-0022339,informal-Cybercrime-2,Cybercrime
INF-0032046,informal-Theft-9,Theft
INF-0018774,informal-Theft-6,Theft
INF-0037470,informal-Theft-3,Theft
SYN-0010786,Theft-4-layout0,Theft
INF-0031771,informal-Cybercrime-11,Cybercrime
SYN-0008543,Arson-3-layout1,Arson
INF-0040817,informal-Assault-8,Assault
INF-0023931,informal-Cybercrime-3,Cybercrime
INF-0024684,informal-Fraud-7,Fraud
INF-0022831,informal-Vandalism-9,Vandalism
INF-0045421,informal-Robbery-7,Robbery
INF-0002304,informal-Arson-0,Arson
INF-0039519,informal-Vandalism-7,Vandalism
INF-0013133,informal-Robbery-3,Robbery
INF-0002088,informal-Arson-9,Arson
INF-0003222,informal-Theft-6,Theft
INF-0005216,informal-Arson-4,Arson
INF-0020074,informal-Burglary-7,Burglary
INF-0005233,informal-Assault-6,Assault
INF-0038055,informal-Vandalism-4,Vandalism
SYN-0008212,Fraud-2-layout2,Fraud
SYN-0008734,Vandalism-3-layout4,Vandalism
SYN-0005713,Robbery-2-layout5,Robbery
INF-0021796,informal-Fraud-6,Fraud
INF-0018775,informal-Vandalism-6,Vandalism
INF-0033599,informal-Vandalism-5,Vandalism
INF-0009707,informal-Cybercrime-7,Cybercrime
INF-0033865,informal-Assault-3,Assault
INF-0040945,informal-Assault-6,Assault
INF-0033613,informal-Robbery-7,Robbery
INF-0022059,informal-Cybercrime-3,Cybercrime
INF-0006978,informal-Burglary-8,Burglary
INF-0006058,informal-Burglary-1,Burglary
INF-0007849,informal-Assault-9,Assault
INF-0037666,informal-Burglary-10,Burglary
INF-0005396,informal-Fraud-8,Fraud
SYN-0004384,Burglary-4-layout2,Burglary
INF-0042279,informal-Vandalism-10,Vandalism
INF-0006783,informal-Vandalism-1,Vandalism
INF-0028369,informal-Assault-0,Assault
INF-0029250,informal-Burglary-2,Burglary
INF-0032442,informal-Burglary-5,Burglary
SYN-0010203,Assault-3-layout3,Assault
SYN-0008081,Robbery-2-layout0,Robbery
INF-0037068,informal-Fraud-7,Fraud
INF-0033593,informal-Assault-5,Assault
INF-0028527,informal-Vandalism-1,Vandalism
SYN-0004359,Arson-0-layout2,Arson
SYN-0008423,Arson-4-layout5,Arson
SYN-0010775,Arson-2-layout0,Arson
INF-0023347,informal-Cybercrime-2,Cybercrime
INF-0001014,informal-Theft-0,Theft
INF-0034139,informal-Cybercrime-1,Cybercrime
SYN-0008001,Robbery-0-layout5,Robbery
INF-0041926,informal-Theft-2,Theft
INF-0015191,informal-Vandalism-8,Vandalism
INF-0014549,informal-Robbery-0,Robbery
INF-0017806,informal-Theft-11,Theft
INF-0041264,informal-Arson-10,Arson
SYN-0000400,Burglary-2-layout0,Burglary
SYN-0007890,Theft-2-layout3,Theft
INF-0013972,informal-Fraud-0,Fraud
SYN-0006873,Robbery-3-layout5,Robbery
INF-0030621,informal-Robbery-11,Robbery
SYN-0007326,Vandalism-3-layout0,Vandalism
INF-0041920,informal-Arson-2,Arson
SYN-0002321,Robbery-2-layout0,Robbery
INF-0012279,informal-Vandalism-4,Vandalism
INF-0029714,informal-Burglary-6,Burglary
INF-0002951,informal-Vandalism-8,Vandalism
INF-0045441,informal-Assault-10,Assault
SYN-0011727,Arson-1-layout3,Arson
INF-0038236,informal-Fraud-9,Fraud
INF-0046257,informal-Assault-4,Assault
INF-0020753,informal-Assault-2,Assault
SYN-0006400,Burglary-0-layout4,Burglary
INF-0030876,informal-Fraud-7,Fraud
SYN-0002964,Fraud-2-layout4,Fraud
SYN-0005525,Cybercrime-2-layout2,Cybercrime
INF-0031197,informal-Robbery-11,Robbery
INF-0009148,informal-Fraud-9,Fraud
INF-0023210,informal-Burglary-3,Burglary
INF-0008137,informal-Assault-9,Assault
INF-0017064,informal-Arson-9,Arson
INF-0020534,informal-Theft-10,Theft
INF-0008644,informal-Fraud-0,Fraud
INF-0039469,informal-Robbery-1,Robbery
INF-0025577,informal-Assault-11,Assault
INF-0016498,informal-Burglary-10,Burglary
INF-0047728,informal-Arson-8,Arson
INF-0034749,informal-Robbery-5,Robbery
INF-0024271,informal-Vandalism-9,Vandalism
INF-0016128,informal-Arson-0,Arson
SYN-0004952,Burglary-3-layout5,Burglary
INF-0016863,informal-Vandalism-1,Vandalism
INF-0007697,informal-Assault-8,Assault
INF-0013551,informal-Vandalism-1,Vandalism
INF-0017066,informal-Burglary-9,Burglary
INF-0039256,informal-Arson-11,Arson
INF-0016470,informal-Theft-6,Theft
INF-0019799,informal-Vandalism-8,Vandalism
INF-0041763,informal-Cybercrime-0,Cybercrime
INF-0005701,informal-Robbery-10,Robbery
INF-0006508,informal-Fraud-3,Fraud
INF-0038520,informal-Arson-9,Arson
INF-0038111,informal-Vandalism-11,Vandalism
INF-0017768,informal-Arson-7,Arson
INF-0030594,informal-Burglary-8,Burglary
INF-0009717,informal-Robbery-8,Robbery
INF-0037013,informal-Robbery-0,Robbery
INF-0016326,informal-Theft-6,Theft
INF-0029754,informal-Burglary-11,Burglary
INF-0045388,informal-Fraud-3,Fraud
SYN-0004421,Cybercrime-0-layout3,Cybercrime
INF-0014438,informal-Theft-4,Theft
INF-0028452,informal-Fraud-10,Fraud
INF-0029030,informal-Theft-10,Theft
INF-0014192,informal-Arson-10,Arson
SYN-0006663,Arson-0-layout2,Arson
INF-0032976,informal-Arson-0,Arson
INF-0033333,informal-Robbery-8,Robbery
SYN-0002075,Assault-3-layout2,Assault
INF-0032334,informal-Theft-9,Theft
INF-0016913,informal-Assault-8,Assault
INF-0001777,informal-Assault-6,Assault
INF-0007243,informal-Cybercrime-5,Cybercrime
INF-0020739,informal-Cybercrime-0,Cybercrime
INF-0013866,informal-Burglary-5,Burglary
INF-0001769,informal-Assault-5,Assault
INF-0031761,informal-Assault-10,Assault
INF-0012856,informal-Arson-5,Arson
INF-0028715,informal-Cybercrime-7,Cybercrime
INF-0001590,informal-Theft-0,Theft
INF-0031188,informal-Fraud-10,Fraud
INF-0006922,informal-Burglary-1,Burglary
INF-0028392,informal-Arson-3,Arson
INF-0036055,informal-Vandalism-6,Vandalism
INF-0001336,informal-Arson-5,Arson
SYN-0010198,Vandalism-2-layout3,Vandalism
SYN-0000583,Arson-0-layout3,Arson
SYN-0005455,Arson-1-layout1,Arson
INF-0013971,informal-Cybercrime-0,Cybercrime
INF-0045706,informal-Burglary-7,Burglary
INF-0020322,informal-Burglary-2,Burglary
INF-0005643,informal-Cybercrime-3,Cybercrime
INF-0037593,informal-Assault-1,Assault
SYN-0000988,Fraud-3-layout3,Fraud
SYN-0007591,Arson-4-layout4,Arson
INF-0005544,informal-Arson-9,Arson
SYN-0011098,Theft-3-layout5,Theft
INF-0037598,informal-Theft-1,Theft
INF-0001320,informal-Arson-3,Arson
INF-0042224,informal-Arson-4,Arson
SYN-0009810,Theft-2-layout3,Theft
INF-0007245,informal-Robbery-5,Robbery
INF-0034467,informal-Cybercrime-6,Cybercrime
INF-0041564,informal-Fraud-11,Fraud
INF-0020531,informal-Cybercrime-10,Cybercrime
INF-0036525,informal-Robbery-11,Robbery
INF-0019043,informal-Cybercrime-4,Cybercrime
INF-0029553,informal-Assault-4,Assault
INF-0002066,informal-Burglary-6,Burglary
INF-0041983,informal-Vandalism-9,Vandalism
INF-0040531,informal-Cybercrime-8,Cybercrime
INF-0008270,informal-Theft-7,Theft
SYN-0002120,Burglary-1-layout3,Burglary
INF-0003471,informal-Vandalism-1,Vandalism
INF-0045416,informal-Arson-7,Arson
INF-0043098,informal-Burglary-5,Burglary
INF-0009384,informal-Arson-3,Arson
SYN-0003939,Assault-4-layout1,Assault
SYN-0006500,Fraud-4-layout5,Fraud
INF-0010415,informal-Vandalism-5,Vandalism
INF-0017187,informal-Cybercrime-6,Cybercrime
INF-0037785,informal-Assault-7,Assault
INF-0013759,informal-Vandalism-9,Vandalism
SYN-0002197,Cybercrime-2-layout4,Cybercrime
SYN-0011983,Arson-1-layout1,Arson
INF-0026687,informal-Vandalism-5,Vandalism
SYN-0010083,Assault-4-layout1,Assault
SYN-0000770,Theft-0-layout0,Theft
INF-0012457,informal-Assault-9,Assault
INF-0021660,informal-Fraud-7,Fraud
INF-0047005,informal-Robbery-7,Robbery
INF-0006697,informal-Assault-9,Assault
INF-0014201,informal-Assault-11,Assault
SYN-0004928,Burglary-0-layout5,Burglary
INF-0003897,informal-Assault-1,Assault
SYN-0000789,Cybercrime-2-layout0,Cybercrime
INF-0046964,informal-Fraud-2,Fraud
INF-0004513,informal-Assault-6,Assault
INF-0029442,informal-Burglary-8,Burglary
INF-0038963,informal-Cybercrime-10,Cybercrime
INF-0042694,informal-Theft-8,Theft
INF-0029261,informal-Robbery-3,Robbery
INF-0034071,informal-Vandalism-10,Vandalism
INF-0018954,informal-Burglary-11,Burglary
INF-0000922,informal-Burglary-7,Burglary
INF-0018436,informal-Fraud-0,Fraud
INF-0030555,informal-Cybercrime-3,Cybercrime
INF-0046262,informal-Theft-4,Theft
INF-0042092,informal-Fraud-5,Fraud
INF-0021774,informal-Theft-3,Theft
INF-0014169,informal-Assault-7,Assault
INF-0031263,informal-Vandalism-1,Vandalism
INF-0007497,informal-Assault-1,Assault
INF-0008102,informal-Theft-4,Theft
INF-0035606,informal-Theft-4,Theft
INF-0035510,informal-Theft-10,Theft
INF-0028714,informal-Burglary-7,Burglary
INF-0018036,informal-Fraud-4,Fraud
INF-0006517,informal-Robbery-4,Robbery
INF-0033994,informal-Burglary-1,Burglary
INF-0019234,informal-Burglary-10,Burglary
INF-0004246,informal-Theft-8,Theft
INF-0034468,informal-Fraud-6,Fraud
INF-0015202,informal-Burglary-10,Burglary
INF-0037632,informal-Arson-6,Arson
INF-0040533,informal-Robbery-8,Robbery
INF-0012394,informal-Burglary-1,Burglary
INF-0028091,informal-Cybercrime-1,Cybercrime
INF-0025549,informal-Robbery-7,Robbery
INF-0039486,informal-Theft-3,Theft
INF-0031417,informal-Assault-3,Assault
INF-0032028,informal-Fraud-7,Fraud
INF-0032269,informal-Robbery-1,Robbery
SYN-0007623,Arson-0-layout5,Arson
INF-0018202,informal-Burglary-7,Burglary
INF-0044735,informal-Vandalism-11,Vandalism
INF-0021625,informal-Assault-3,Assault
INF-0045948,informal-Fraud-1,Fraud
INF-0042948,informal-Fraud-4,Fraud
INF-0020607,informal-Vandalism-1,Vandalism
SYN-0007232,Burglary-0-layout5,Burglary
SYN-0010390,Vandalism-2-layout0,Vandalism
INF-0002367,informal-Vandalism-7,Vandalism
INF-0031576,informal-Arson-5,Arson
INF-0009142,informal-Theft-8,Theft
INF-0032037,informal-Robbery-8,Robbery
SYN-0006725,Cybercrime-0-layout3,Cybercrime
INF-0044574,informal-Theft-9,Theft
INF-0036290,informal-Burglary-0,Burglary
INF-0002019,informal-Cybercrime-0,Cybercrime
INF-0012242,informal-Burglary-0,Burglary
INF-0029835,informal-Cybercrime-3,Cybercrime
INF-0021772,informal-Fraud-3,Fraud
INF-0000359,informal-Vandalism-8,Vandalism
INF-0003920,informal-Arson-4,Arson
INF-0015339,informal-Cybercrime-9,Cybercrime
INF-0036231,informal-Vandalism-10,Vandalism
INF-0017172,informal-Fraud-4,Fraud
INF-0012393,informal-Assault-1,Assault
INF-0002071,informal-Vandalism-6,Vandalism
INF-0031860,informal-Fraud-4,Fraud
INF-0039906,informal-Burglary-2,Burglary
SYN-0003332,Fraud-0-layout4,Fraud
INF-0045442,informal-Burglary-10,Burglary
INF-0020458,informal-Burglary-1,Burglary
INF-0042818,informal-Burglary-6,Burglary
INF-0020630,informal-Theft-4,Theft
INF-0020360,informal-Arson-7,Arson
SYN-0000581,Cybercrime-0-layout3,Cybercrime
SYN-0008517,Cybercrime-0-layout1,Cybercrime
INF-0001456,informal-Arson-2,Arson
INF-0020942,informal-Theft-7,Theft
INF-0008577,informal-Assault-10,Assault
INF-0014199,informal-Vandalism-10,Vandalism
INF-0035573,informal-Robbery-0,Robbery
INF-0008151,informal-Vandalism-10,Vandalism
INF-0025703,informal-Vandalism-8,Vandalism
INF-0014020,informal-Fraud-6,Fraud
INF-0022645,informal-Robbery-4,Robbery
INF-0034186,informal-Burglary-7,Burglary
INF-0023790,informal-Theft-3,Theft
INF-0009151,informal-Vandalism-9,Vandalism
INF-0031420,informal-Fraud-3,Fraud
INF-0006384,informal-Arson-6,Arson
INF-0027730,informal-Burglary-10,Burglary
INF-0005273,informal-Assault-11,Assault
INF-0006979,informal-Cybercrime-8,Cybercrime
INF-0007423,informal-Vandalism-9,Vandalism
INF-0013731,informal-Cybercrime-6,Cybercrime
INF-0009965,informal-Robbery-3,Robbery
INF-0020770,informal-Burglary-4,Burglary
SYN-0001763,Assault-4-layout3,Assault
SYN-0011978,Theft-1-layout1,Theft
INF-0011888,informal-Arson-10,Arson
INF-0007797,informal-Robbery-2,Robbery
INF-0031550,informal-Theft-1,Theft
INF-0023554,informal-Burglary-10,Burglary
INF-0026660,informal-Fraud-2,Fraud
SYN-0006722,Theft-0-layout3,Theft
SYN-0001760,Burglary-4-layout3,Burglary
INF-0045383,informal-Vandalism-2,Vandalism
INF-0007493,informal-Robbery-0,Robbery
INF-0043712,informal-Arson-10,Arson
INF-0037941,informal-Robbery-8,Robbery
INF-0016867,informal-Cybercrime-2,Cybercrime
INF-0040364,informal-Fraud-5,Fraud
INF-0033412,informal-Fraud-0,Fraud
INF-0002365,informal-Robbery-7,Robbery
INF-0017931,informal-Cybercrime-9,Cybercrime
INF-0045863,informal-Vandalism-8,Vandalism
INF-0008645,informal-Robbery-0,Robbery
INF-0007839,informal-Vandalism-7,Vandalism
INF-0014727,informal-Vandalism-4,Vandalism
INF-0001339,informal-Cybercrime-5,Cybercrime
INF-0006570,informal-Burglary-11,Burglary
INF-0021192,informal-Arson-3,Arson
INF-0006287,informal-Vandalism-11,Vandalism
INF-0038948,informal-Fraud-8,Fraud
INF-0006776,informal-Arson-1,Arson
INF-0041978,informal-Burglary-9,Burglary
INF-0037360,informal-Arson-8,Arson
INF-0042268,informal-Fraud-9,Fraud
INF-0040843,informal-Cybercrime-11,Cybercrime
INF-0026942,informal-Theft-1,Theft
INF-0005700,informal-Fraud-10,Fraud
INF-0010971,informal-Cybercrime-3,Cybercrime
SYN-0007895,Arson-2-layout3,Arson
INF-0001459,informal-Cybercrime-2,Cybercrime
SYN-0011878,Vandalism-4-layout5,Vandalism
INF-0041228,informal-Fraud-5,Fraud
INF-0009021,informal-Robbery-11,Robbery
SYN-0000967,Arson-0-layout3,Arson
INF-0029973,informal-Robbery-2,Robbery
SYN-0006676,Fraud-2-layout2,Fraud
INF-0045521,informal-Assault-2,Assault
INF-0029545,informal-Assault-3,Assault
SYN-0011079,Arson-0-layout5,Arson
INF-0033594,informal-Burglary-5,Burglary
INF-0032979,informal-Cybercrime-0,Cybercrime
INF-0012391,informal-Vandalism-0,Vandalism
INF-0043718,informal-Theft-10,Theft
INF-0022096,informal-Arson-8,Arson
INF-0001884,informal-Fraud-1,Fraud
INF-0020829,informal-Robbery-11,Robbery
INF-0046829,informal-Robbery-3,Robbery
INF-0006513,informal-Assault-4,Assault
INF-0043649,informal-Assault-2,Assault
SYN-0006109,Cybercrime-3-layout5,Cybercrime
INF-0036376,informal-Arson-11,Arson
INF-0002185,informal-Assault-3,Assault
SYN-0006682,Theft-3-layout2,Theft
INF-0006920,informal-Arson-1,Arson
INF-0023395,informal-Cybercrime-8,Cybercrime
SYN-0004891,Assault-3-layout4,Assault
INF-0025371,informal-Cybercrime-3,Cybercrime
INF-0040548,informal-Fraud-10,Fraud
INF-0026521,informal-Assault-3,Assault
INF-0039254,informal-Theft-10,Theft
SYN-0004775,Arson-4-layout2,Arson
INF-0039027,informal-Cybercrime-0,Cybercrime
INF-0025405,informal-Robbery-7,Robbery
INF-0019793,informal-Assault-8,Assault
SYN-0008898,Theft-0-layout1,Theft
INF-0000361,informal-Assault-9,Assault
INF-0039972,informal-Fraud-10,Fraud
INF-0029396,informal-Fraud-2,Fraud
SYN-0000531,Assault-2-layout2,Assault
INF-0039966,informal-Theft-9,Theft
INF-0006779,informal-Cybercrime-1,Cybercrime
INF-0024192,informal-Arson-0,Arson
INF-0005340,informal-Fraud-1,Fraud
INF-0037943,informal-Vandalism-8,Vandalism
INF-0042681,informal-Assault-7,Assault
INF-0012551,informal-Vandalism-2,Vandalism
INF-0000931,informal-Cybercrime-8,Cybercrime
SYN-0011980,Fraud-1-layout1,Fraud
INF-0029011,informal-Cybercrime-8,Cybercrime
INF-0027734,informal-Theft-10,Theft
INF-0017372,informal-Fraud-11,Fraud
INF-0021178,informal-Burglary-1,Burglary
SYN-0000993,Robbery-4-layout3,Robbery
INF-0043423,informal-Vandalism-9,Vandalism
INF-0021793,informal-Assault-6,Assault
SYN-0000097,Robbery-4-layout1,Robbery
INF-0000604,informal-Fraud-3,Fraud
INF-0017746,informal-Burglary-4,Burglary
SYN-0010627,Assault-0-layout4,Assault
INF-0026697,informal-Assault-7,Assault
INF-0031765,informal-Robbery-10,Robbery
INF-0017348,informal-Fraud-8,Fraud
INF-0016053,informal-Robbery-8,Robbery
INF-0027714,informal-Burglary-8,Burglary
INF-0028174,informal-Theft-11,Theft
INF-0026661,informal-Robbery-2,Robbery
INF-0005653,informal-Robbery-4,Robbery
INF-0017737,informal-Assault-3,Assault
INF-0022359,informal-Vandalism-4,Vandalism
INF-0007833,informal-Assault-7,Assault
SYN-0006159,Arson-1-layout0,Arson
INF-0018374,informal-Theft-10,Theft
SYN-0006499,Assault-4-layout5,Assault
INF-0046837,informal-Robbery-4,Robbery
INF-0042945,informal-Assault-4,Assault
INF-0029556,informal-Fraud-4,Fraud
INF-0021377,informal-Assault-8,Assault
INF-0005342,informal-Theft-1,Theft
INF-0003328,informal-Arson-2,Arson
INF-0012283,informal-Cybercrime-5,Cybercrime
INF-0010701,informal-Robbery-5,Robbery
INF-0010729,informal-Assault-9,Assault
INF-0033871,informal-Vandalism-3,Vandalism
SYN-0003522,Theft-0-layout1,Theft
INF-0010257,informal-Assault-4,Assault
INF-0009285,informal-Robbery-8,Robbery
INF-0006390,informal-Theft-6,Theft
INF-0011707,informal-Cybercrime-5,Cybercrime
INF-0024834,informal-Burglary-8,Burglary
INF-0041271,informal-Vandalism-10,Vandalism
INF-0027220,informal-Fraud-0,Fraud
SYN-0010391,Arson-2-layout0,Arson
INF-0042793,informal-Assault-3,Assault
SYN-0008384,Burglary-0-layout5,Burglary
INF-0017067,informal-Cybercrime-9,Cybercrime
INF-0002364,informal-Fraud-7,Fraud
INF-0023480,informal-Arson-1,Arson
INF-0043150,informal-Theft-11,Theft
SYN-0006426,Theft-3-layout4,Theft
SYN-0008787,Assault-2-layout5,Assault
SYN-0010692,Fraud-0-layout5,Fraud
INF-0004369,informal-Assault-6,Assault
INF-0006075,informal-Cybercrime-3,Cybercrime
INF-0045419,informal-Cybercrime-7,Cybercrime
INF-0002111,informal-Vandalism-11,Vandalism
INF-0036527,informal-Vandalism-11,Vandalism
INF-0031021,informal-Robbery-7,Robbery
SYN-0005974,Vandalism-2-layout3,Vandalism
SYN-0011687,Arson-4-layout2,Arson
INF-0000329,informal-Assault-5,Assault
INF-0034618,informal-Burglary-7,Burglary
INF-0037450,informal-Burglary-1,Burglary
INF-0024798,informal-Theft-3,Theft
SYN-0010759,Arson-0-layout0,Arson
INF-0031037,informal-Robbery-9,Robbery
INF-0031715,informal-Cybercrime-4,Cybercrime
INF-0007065,informal-Assault-1,Assault
INF-0018011,informal-Cybercrime-1,Cybercrime
SYN-0010194,Theft-2-layout3,Theft
INF-0029588,informal-Fraud-8,Fraud
INF-0009141,informal-Robbery-8,Robbery
INF-0035509,informal-Robbery-10,Robbery
INF-0013265,informal-Assault-2,Assault
SYN-0007393,Robbery-4-layout1,Robbery
INF-0017945,informal-Assault-11,Assault
INF-0038964,informal-Fraud-10,Fraud
SYN-0011555,Assault-4-layout0,Assault
INF-0025434,informal-Burglary-11,Burglary
INF-0017933,informal-Robbery-9,Robbery
INF-0024109,informal-Robbery-7,Robbery
INF-0008157,informal-Robbery-11,Robbery
INF-0007219,informal-Cybercrime-2,Cybercrime
INF-0044113,informal-Assault-6,Assault
INF-0046836,informal-Fraud-4,Fraud
SYN-0005124,Fraud-0-layout2,Fraud
INF-0014203,informal-Cybercrime-11,Cybercrime
SYN-0011997,Cybercrime-3-layout1,Cybercrime
INF-0035208,informal-Arson-9,Arson
INF-0020971,informal-Cybercrime-11,Cybercrime
INF-0016648,informal-Arson-11,Arson
SYN-0000528,Burglary-2-layout2,Burglary
INF-0040944,informal-Arson-6,Arson
SYN-0000521,Robbery-1-layout2,Robbery
INF-0043389,informal-Robbery-5,Robbery
INF-0020348,informal-Fraud-5,Fraud
INF-0007700,informal-Fraud-8,Fraud
INF-0001152,informal-Arson-0,Arson
INF-0026716,informal-Fraud-9,Fraud
INF-0015124,informal-Fraud-0,Fraud
INF-0010309,informal-Robbery-10,Robbery
INF-0033556,informal-Fraud-0,Fraud
SYN-0001319,Arson-4-layout2,Arson
INF-0037164,informal-Fraud-1,Fraud
INF-0041479,informal-Vandalism-0,Vandalism
INF-0021467,informal-Cybercrime-1,Cybercrime
SYN-0003418,Theft-3-layout5,Theft
SYN-0007170,Theft-0-layout4,Theft
INF-0020938,informal-Burglary-7,Burglary
INF-0031016,informal-Arson-7,Arson
INF-0004966,informal-Theft-8,Theft
SYN-0005452,Fraud-1-layout1,Fraud
SYN-0002627,Assault-0-layout5,Assault
INF-0009283,informal-Cybercrime-8,Cybercrime
INF-0014614,informal-Theft-8,Theft
INF-0017370,informal-Burglary-11,Burglary
INF-0006518,informal-Theft-4,Theft
INF-0006967,informal-Vandalism-6,Vandalism
INF-0044375,informal-Vandalism-2,Vandalism
SYN-0005972,Fraud-2-layout3,Fraud
INF-0012386,informal-Burglary-0,Burglary
INF-0001012,informal-Fraud-0,Fraud
SYN-0005219,Assault-4-layout3,Assault
INF-0031172,informal-Fraud-8,Fraud
INF-0038678,informal-Theft-10,Theft
SYN-0007516,Fraud-3-layout3,Fraud
INF-0012993,informal-Assault-4,Assault
INF-0015853,informal-Robbery-1,Robbery
SYN-0001167,Arson-1-layout0,Arson
INF-0000646,informal-Theft-8,Theft
INF-0035490,informal-Burglary-8,Burglary
INF-0027718,informal-Theft-8,Theft
INF-0021396,informal-Fraud-10,Fraud
INF-0022801,informal-Assault-6,Assault
INF-0026935,informal-Vandalism-0,Vandalism
INF-0016325,informal-Robbery-6,Robbery
INF-0046153,informal-Assault-9,Assault
INF-0020906,informal-Burglary-3,Burglary
INF-0000807,informal-Vandalism-10,Vandalism
SYN-0000213,Cybercrime-2-layout3,Cybercrime
SYN-0010335,Arson-3-layout5,Arson
INF-0001642,informal-Burglary-7,Burglary
INF-0023487,informal-Vandalism-1,Vandalism
INF-0022906,informal-Burglary-1,Burglary
INF-0036187,informal-Cybercrime-5,Cybercrime
INF-0012531,informal-Cybercrime-0,Cybercrime
INF-0023348,informal-Fraud-2,Fraud
INF-0038753,informal-Assault-2,Assault
INF-0045444,informal-Fraud-10,Fraud
INF-0047466,informal-Burglary-11,Burglary
SYN-0000997,Cybercrime-4-layout3,Cybercrime
INF-0004512,informal-Arson-6,Arson
INF-0018154,informal-Burglary-1,Burglary
INF-0045566,informal-Theft-7,Theft
INF-0005061,informal-Robbery-2,Robbery
INF-0035352,informal-Arson-9,Arson
INF-0001614,informal-Theft-3,Theft
INF-0022061,informal-Robbery-3,Robbery
INF-0008931,informal-Cybercrime-0,Cybercrime
INF-0032347,informal-Cybercrime-11,Cybercrime
INF-0024846,informal-Theft-9,Theft
INF-0028088,informal-Arson-1,Arson
INF-0037468,informal-Fraud-3,Fraud
INF-0025370,informal-Burglary-3,Burglary
INF-0015711,informal-Vandalism-1,Vandalism
INF-0010664,informal-Arson-1,Arson
INF-0011410,informal-Burglary-4,Burglary
INF-0035310,informal-Theft-3,Theft
SYN-0000405,Cybercrime-2-layout0,Cybercrime
INF-0038175,informal-Vandalism-1,Vandalism
INF-0030157,informal-Robbery-7,Robbery
INF-0020905,informal-Assault-3,Assault
INF-0045432,informal-Arson-9,Arson
INF-0029741,informal-Robbery-9,Robbery
INF-0040329,informal-Assault-1,Assault
INF-0033437,informal-Robbery-3,Robbery
INF-0020633,informal-Assault-5,Assault
INF-0038625,informal-Assault-4,Assault
INF-0003826,informal-Burglary-10,Burglary
INF-0044661,informal-Robbery-2,Robbery
INF-0042695,informal-Vandalism-8,Vandalism
INF-0009101,informal-Robbery-3,Robbery
INF-0044208,informal-Arson-0,Arson
INF-0002756,informal-Fraud-2,Fraud
SYN-0002083,Assault-4-layout2,Assault
INF-0015016,informal-Arson-5,Arson
INF-0019382,informal-Theft-10,Theft
INF-0008282,informal-Burglary-9,Burglary
SYN-0010069,Cybercrime-2-layout1,Cybercrime
INF-0036049,informal-Assault-6,Assault
SYN-0008852,Fraud-2-layout0,Fraud
INF-0010097,informal-Assault-2,Assault
SYN-0002375,Arson-0-layout1,Arson
SYN-0003288,Burglary-3-layout3,Burglary
INF-0040060,informal-Fraud-3,Fraud
INF-0028750,informal-Theft-11,Theft
INF-0038108,informal-Fraud-11,Fraud
INF-0007419,informal-Cybercrime-9,Cybercrime
INF-0032443,informal-Cybercrime-5,Cybercrime
SYN-0004161,Robbery-0-layout5,Robbery
INF-0044424,informal-Arson-9,Arson
INF-0024270,informal-Theft-9,Theft
INF-0028987,informal-Cybercrime-5,Cybercrime
INF-0017790,informal-Theft-9,Theft
INF-0026114,informal-Burglary-6,Burglary
INF-0030175,informal-Vandalism-9,Vandalism
INF-0043428,informal-Fraud-10,Fraud
INF-0047138,informal-Burglary-6,Burglary
INF-0003520,informal-Arson-8,Arson
SYN-0005127,Arson-0-layout2,Arson
INF-0028833,informal-Assault-4,Assault
INF-0036769,informal-Assault-6,Assault
INF-0001954,informal-Burglary-10,Burglary
INF-0035781,informal-Robbery-8,Robbery
INF-0017316,informal-Fraud-4,Fraud
INF-0005518,informal-Theft-5,Theft
INF-0018368,informal-Arson-10,Arson
INF-0021461,informal-Robbery-0,Robbery
INF-0010538,informal-Burglary-3,Burglary
INF-0005699,informal-Cybercrime-10,Cybercrime
INF-0001879,informal-Vandalism-0,Vandalism
INF-0022358,informal-Theft-4,Theft
SYN-0001880,Burglary-3-layout5,Burglary
INF-0042822,informal-Theft-6,Theft
INF-0007776,informal-Arson-0,Arson
SYN-0008388,Fraud-0-layout5,Fraud
SYN-0004361,Robbery-1-layout2,Robbery
INF-0006395,informal-Cybercrime-7,Cybercrime
INF-0022470,informal-Theft-0,Theft
INF-0024106,informal-Burglary-7,Burglary
INF-0030307,informal-Cybercrime-8,Cybercrime
SYN-0007047,Arson-0-layout2,Arson
INF-0017368,informal-Arson-11,Arson
SYN-0008975,Arson-1-layout2,Arson
INF-0037615,informal-Vandalism-3,Vandalism
INF-0041945,informal-Assault-5,Assault
INF-0022536,informal-Arson-9,Arson
INF-0025990,informal-Theft-8,Theft
INF-0021248,informal-Arson-10,Arson
INF-0023222,informal-Theft-4,Theft
INF-0010431,informal-Vandalism-7,Vandalism
INF-0038345,informal-Assault-5,Assault
INF-0011146,informal-Burglary-7,Burglary
INF-0007426,informal-Burglary-10,Burglary
SYN-0007718,Vandalism-4-layout0,Vandalism
INF-0038470,informal-Theft-2,Theft
INF-0044864,informal-Arson-10,Arson
INF-0043103,informal-Vandalism-5,Vandalism
SYN-0005277,Cybercrime-3-layout4,Cybercrime
INF-0031192,informal-Arson-11,Arson
SYN-0009811,Assault-2-layout3,Assault
INF-0021628,informal-Fraud-3,Fraud
INF-0040360,informal-Arson-5,Arson
INF-0020970,informal-Burglary-11,Burglary
SYN-0006673,Robbery-2-layout2,Robbery
INF-0046102,informal-Theft-2,Theft
INF-0014782,informal-Theft-11,Theft
INF-0036523,informal-Cybercrime-11,Cybercrime
INF-0004959,informal-Vandalism-7,Vandalism
INF-0044573,informal-Robbery-9,Robbery
INF-0035428,informal-Fraud-0,Fraud
INF-0017744,informal-Arson-4,Arson
SYN-0005853,Cybercrime-3-layout1,Cybercrime
INF-0045816,informal-Arson-3,Arson
INF-0033864,informal-Arson-3,Arson
INF-0004219,informal-Cybercrime-5,Cybercrime
INF-0001887,informal-Vandalism-1,Vandalism
INF-0024992,informal-Arson-10,Arson
SYN-0010254,Vandalism-1-layout4,Vandalism
INF-0041473,informal-Assault-0,Assault
INF-0003086,informal-Theft-7,Theft
INF-0008005,informal-Robbery-10,Robbery
SYN-0008473,Robbery-3-layout0,Robbery
INF-0042786,informal-Burglary-2,Burglary
INF-0001097,informal-Assault-11,Assault
INF-0046118,informal-Theft-4,Theft
SYN-0001941,Cybercrime-2-layout0,Cybercrime
INF-0037915,informal-Cybercrime-5,Cybercrime
INF-0017460,informal-Fraud-4,Fraud
INF-0022765,informal-Robbery-1,Robbery
INF-0022803,informal-Cybercrime-6,Cybercrime
INF-0021499,informal-Cybercrime-5,Cybercrime
INF-0021056,informal-Arson-4,Arson
INF-0030152,informal-Arson-7,Arson
SYN-0008023,Arson-2-layout5,Arson
INF-0047110,informal-Theft-2,Theft
INF-0025375,informal-Vandalism-3,Vandalism
INF-0006514,informal-Burglary-4,Burglary
INF-0038309,informal-Robbery-0,Robbery
INF-0026396,informal-Fraud-5,Fraud
SYN-0010265,Robbery-3-layout4,Robbery
INF-0032034,informal-Burglary-8,Burglary
INF-0040782,informal-Theft-3,Theft
INF-0036937,informal-Assault-9,Assault
INF-0008104,informal-Arson-5,Arson
INF-0015343,informal-Vandalism-9,Vandalism
INF-0026792,informal-Arson-1,Arson
INF-0035939,informal-Cybercrime-10,Cybercrime
SYN-0000100,Fraud-4-layout1,Fraud
INF-0013909,informal-Robbery-10,Robbery
INF-0039076,informal-Fraud-6,Fraud
SYN-0007764,Fraud-2-layout1,Fraud
SYN-0002829,Cybercrime-1-layout2,Cybercrime
INF-0019589,informal-Robbery-0,Robbery
INF-0011385,informal-Assault-1,Assault
SYN-0001808,Burglary-2-layout4,Burglary
INF-0006926,informal-Theft-1,Theft
INF-0036314,informal-Burglary-3,Burglary
INF-0036502,informal-Theft-8,Theft
SYN-0003422,Vandalism-3-layout5,Vandalism
INF-0014486,informal-Theft-10,Theft
SYN-0011528,Burglary-1-layout0,Burglary
INF-0025821,informal-Robbery-5,Robbery
INF-0041206,informal-Theft-2,Theft
SYN-0005670,Vandalism-4-layout4,Vandalism
INF-0030031,informal-Vandalism-9,Vandalism
INF-0028139,informal-Cybercrime-7,Cybercrime
SYN-0011588,Fraud-0-layout1,Fraud
INF-0001309,informal-Robbery-1,Robbery
INF-0042085,informal-Robbery-4,Robbery
INF-0016918,informal-Theft-8,Theft
INF-0029743,informal-Vandalism-9,Vandalism
SYN-0010248,Burglary-1-layout4,Burglary
INF-0002067,informal-Cybercrime-6,Cybercrime
INF-0036943,informal-Vandalism-9,Vandalism
INF-0004230,informal-Theft-6,Theft
INF-0028410,informal-Burglary-5,Burglary
INF-0028241,informal-Assault-2,Assault
INF-0008677,informal-Robbery-4,Robbery
INF-0027428,informal-Fraud-8,Fraud
SYN-0002192,Burglary-2-layout4,Burglary
INF-0005222,informal-Theft-4,Theft
INF-0005218,informal-Burglary-4,Burglary
INF-0038670,informal-Theft-9,Theft
INF-0023484,informal-Fraud-1,Fraud
INF-0022047,informal-Vandalism-1,Vandalism
INF-0005274,informal-Burglary-11,Burglary
INF-0032569,informal-Assault-3,Assault
INF-0006213,informal-Robbery-2,Robbery
INF-0034619,informal-Cybercrime-7,Cybercrime
INF-0025262,informal-Theft-7,Theft
INF-0003898,informal-Burglary-1,Burglary
INF-0006385,informal-Assault-6,Assault
INF-0004412,informal-Fraud-11,Fraud
SYN-0004942,Vandalism-1-layout5,Vandalism
INF-0027399,informal-Vandalism-4,Vandalism
INF-0001086,informal-Theft-9,Theft
INF-0000799,informal-Vandalism-9,Vandalism
SYN-0009818,Theft-3-layout3,Theft
INF-0040358,informal-Theft-4,Theft
INF-0014620,informal-Fraud-9,Fraud
INF-0001446,informal-Theft-0,Theft
INF-0013182,informal-Theft-9,Theft
INF-0024232,informal-Arson-5,Arson
INF-0037888,informal-Arson-2,Arson
SYN-0003292,Fraud-3-layout3,Fraud
INF-0001797,informal-Robbery-8,Robbery
INF-0039629,informal-Robbery-3,Robbery
SYN-0004494,Vandalism-1-layout4,Vandalism
INF-0014288,informal-Arson-4,Arson
INF-0036518,informal-Theft-10,Theft
INF-0044855,informal-Vandalism-8,Vandalism
INF-0029448,informal-Arson-9,Arson
INF-0026069,informal-Robbery-0,Robbery
INF-0030883,informal-Cybercrime-8,Cybercrime
INF-0029258,informal-Burglary-3,Burglary
SYN-0006153,Robbery-1-layout0,Robbery
SYN-0005971,Assault-2-layout3,Assault
INF-0037347,informal-Cybercrime-6,Cybercrime
INF-0014476,informal-Fraud-9,Fraud
INF-0017081,informal-Assault-11,Assault
INF-0002342,informal-Theft-4,Theft
INF-0041705,informal-Assault-11,Assault
INF-0033596,informal-Fraud-5,Fraud
INF-0028371,informal-Cybercrime-0,Cybercrime
INF-0023547,informal-Cybercrime-9,Cybercrime
INF-0044658,informal-Burglary-2,Burglary
INF-0047558,informal-Theft-4,Theft
INF-0024929,informal-Assault-2,Assault
SYN-0010885,Cybercrime-0-layout2,Cybercrime
INF-0045239,informal-Vandalism-2,Vandalism
SYN-0006081,Robbery-0-layout5,Robbery
INF-0037890,informal-Burglary-2,Burglary
INF-0018493,informal-Robbery-7,Robbery
INF-0033716,informal-Fraud-2,Fraud
INF-0012677,informal-Robbery-0,Robbery
INF-0030759,informal-Vandalism-10,Vandalism
INF-0009571,informal-Cybercrime-8,Cybercrime
INF-0020908,informal-Fraud-3,Fraud
SYN-0010278,Vandalism-4-layout4,Vandalism
SYN-0010070,Vandalism-2-layout1,Vandalism
INF-0019053,informal-Robbery-5,Robbery
INF-0002753,informal-Assault-2,Assault
INF-0024195,informal-Cybercrime-0,Cybercrime
INF-0023399,informal-Vandalism-8,Vandalism
SYN-0009828,Fraud-4-layout3,Fraud
SYN-0011591,Arson-0-layout1,Arson
INF-0038174,informal-Theft-1,Theft
INF-0042138,informal-Burglary-11,Burglary
INF-0020758,informal-Theft-2,Theft
INF-0024239,informal-Vandalism-5,Vandalism
INF-0040113,informal-Assault-10,Assault
INF-0020456,informal-Arson-1,Arson
SYN-0006656,Burglary-0-layout2,Burglary
INF-0033710,informal-Theft-1,Theft
INF-0009416,informal-Arson-7,Arson
INF-0006284,informal-Fraud-11,Fraud
INF-0037922,informal-Burglary-6,Burglary
INF-0007375,informal-Vandalism-3,Vandalism
INF-0038630,informal-Theft-4,Theft
INF-0044850,informal-Burglary-8,Burglary
INF-0028396,informal-Fraud-3,Fraud
INF-0033049,informal-Assault-9,Assault
INF-0035450,informal-Burglary-3,Burglary
INF-0026713,informal-Assault-9,Assault
INF-0027142,informal-Theft-8,Theft
INF-0022479,informal-Vandalism-1,Vandalism
SYN-0002048,Burglary-0-layout2,Burglary
SYN-0007040,Burglary-0-layout2,Burglary
INF-0027295,informal-Vandalism-9,Vandalism
SYN-0009765,Cybercrime-4-layout2,Cybercrime
INF-0022045,informal-Robbery-1,Robbery
INF-0026666,informal-Burglary-3,Burglary
INF-0021794,informal-Burglary-6,Burglary
INF-0019232,informal-Arson-10,Arson
SYN-0007322,Theft-3-layout0,Theft
SYN-0004758,Vandalism-2-layout2,Vandalism
INF-0035505,informal-Assault-10,Assault
INF-0011112,informal-Arson-3,Arson
INF-0027138,informal-Burglary-8,Burglary
INF-0014034,informal-Burglary-8,Burglary
INF-0017631,informal-Vandalism-7,Vandalism
SYN-0004055,Arson-2-layout3,Arson
INF-0008256,informal-Arson-6,Arson
INF-0036945,informal-Assault-10,Assault
INF-0014294,informal-Theft-4,Theft
INF-0006768,informal-Arson-0,Arson
SYN-0010981,Cybercrime-4-layout3,Cybercrime
SYN-0004114,Theft-2-layout4,Theft
INF-0043539,informal-Cybercrime-6,Cybercrime
INF-0045439,informal-Vandalism-9,Vandalism
INF-0013337,informal-Assault-11,Assault
INF-0038814,informal-Theft-9,Theft
INF-0035186,informal-Burglary-6,Burglary
SYN-0004561,Robbery-2-layout5,Robbery
INF-0028137,informal-Assault-7,Assault
INF-0031859,informal-Cybercrime-4,Cybercrime
INF-0003059,informal-Cybercrime-4,Cybercrime
INF-0031053,informal-Robbery-11,Robbery
INF-0007684,informal-Fraud-6,Fraud
INF-0025085,informal-Robbery-3,Robbery
SYN-0000468,Fraud-2-layout1,Fraud
SYN-0003457,Robbery-0-layout0,Robbery
SYN-0002980,Fraud-4-layout4,Fraud
INF-0009950,informal-Theft-1,Theft
SYN-0007519,Arson-3-layout3,Arson
INF-0039663,informal-Vandalism-7,Vandalism
SYN-0010251,Assault-1-layout4,Assault
INF-0014021,informal-Robbery-6,Robbery
INF-0033845,informal-Robbery-0,Robbery
SYN-0009447,Arson-4-layout3,Arson
INF-0001328,informal-Arson-4,Arson
INF-0009521,informal-Assault-2,Assault
INF-0014475,informal-Cybercrime-9,Cybercrime
SYN-0005459,Assault-2-layout1,Assault
INF-0029445,informal-Robbery-8,Robbery
SYN-0001863,Arson-0-layout5,Arson
INF-0038466,informal-Burglary-2,Burglary
INF-0000644,informal-Fraud-8,Fraud
INF-0030477,informal-Robbery-11,Robbery
INF-0022690,informal-Burglary-10,Burglary
INF-0025384,informal-Arson-5,Arson
INF-0020631,informal-Vandalism-4,Vandalism
INF-0009961,informal-Assault-3,Assault
SYN-0011726,Vandalism-1-layout3,Vandalism
SYN-0002846,Vandalism-3-layout2,Vandalism
INF-0004220,informal-Fraud-5,Fraud
SYN-0004956,Fraud-3-layout5,Fraud
INF-0000508,informal-Fraud-9,Fraud
INF-0019600,informal-Arson-2,Arson
INF-0029008,informal-Arson-8,Arson
INF-0030245,informal-Robbery-0,Robbery
INF-0001153,informal-Assault-0,Assault
INF-0024388,informal-Fraud-6,Fraud
INF-0044435,informal-Cybercrime-10,Cybercrime
SYN-0005010,Theft-2-layout0,Theft
INF-0042806,informal-Theft-4,Theft
INF-0012318,informal-Theft-9,Theft
INF-0005530,informal-Burglary-7,Burglary
INF-0039543,informal-Vandalism-10,Vandalism
INF-0038058,informal-Burglary-5,Burglary
INF-0009716,informal-Fraud-8,Fraud
INF-0029453,informal-Robbery-9,Robbery
INF-0046430,informal-Theft-7,Theft
INF-0002224,informal-Arson-8,Arson
INF-0037609,informal-Assault-3,Assault
INF-0033646,informal-Theft-11,Theft
INF-0039321,informal-Assault-1,Assault
INF-0014295,informal-Vandalism-4,Vandalism
INF-0006568,informal-Arson-11,Arson
INF-0036216,informal-Arson-9,Arson
SYN-0006680,Burglary-3-layout2,Burglary
INF-0028962,informal-Burglary-2,Burglary
INF-0041204,informal-Fraud-2,Fraud
INF-0044368,informal-Arson-2,Arson
SYN-0003464,Burglary-1-layout0,Burglary
INF-0034346,informal-Burglary-9,Burglary
INF-0021759,informal-Vandalism-1,Vandalism
INF-0025848,informal-Arson-9,Arson
INF-0002969,informal-Assault-11,Assault
INF-0032032,informal-Arson-8,Arson
INF-0038820,informal-Fraud-10,Fraud
INF-0039169,informal-Assault-0,Assault
INF-0036381,informal-Robbery-11,Robbery
SYN-0008094,Vandalism-3-layout0,Vandalism
INF-0026707,informal-Cybercrime-8,Cybercrime
INF-0032487,informal-Vandalism-10,Vandalism
INF-0000308,informal-Fraud-2,Fraud
SYN-0004491,Assault-1-layout4,Assault
INF-0023787,informal-Cybercrime-3,Cybercrime
INF-0025685,informal-Robbery-6,Robbery
INF-0037023,informal-Vandalism-1,Vandalism
INF-0012296,informal-Arson-7,Arson
INF-0027275,informal-Cybercrime-7,Cybercrime
INF-0023909,informal-Robbery-0,Robbery
INF-0007514,informal-Burglary-3,Burglary
INF-0015440,informal-Arson-4,Arson
INF-0029310,informal-Theft-9,Theft
INF-0016472,informal-Arson-7,Arson
INF-0038527,informal-Vandalism-9,Vandalism
INF-0003402,informal-Burglary-11,Burglary
INF-0017070,informal-Theft-9,Theft
INF-0044364,informal-Fraud-1,Fraud
SYN-0000212,Fraud-2-layout3,Fraud
INF-0037349,informal-Robbery-6,Robbery
INF-0008259,informal-Cybercrime-6,Cybercrime
INF-0038812,informal-Fraud-9,Fraud
INF-0034640,informal-Arson-10,Arson
INF-0025092,informal-Fraud-4,Fraud
INF-0010414,informal-Theft-5,Theft
INF-0047748,informal-Fraud-10,Fraud
INF-0028399,informal-Vandalism-3,Vandalism
INF-0019328,informal-Arson-4,Arson
INF-0041675,informal-Cybercrime-7,Cybercrime
SYN-0005275,Assault-3-layout4,Assault
INF-0002161,informal-Assault-0,Assault
INF-0023643,informal-Cybercrime-3,Cybercrime
INF-0001191,informal-Vandalism-4,Vandalism
INF-0042771,informal-Cybercrime-0,Cybercrime
INF-0002034,informal-Burglary-2,Burglary
INF-0011952,informal-Arson-0,Arson
INF-0040644,informal-Fraud-4,Fraud
SYN-0005575,Arson-0-layout3,Arson
INF-0026503,informal-Vandalism-0,Vandalism
INF-0046307,informal-Cybercrime-10,Cybercrime
INF-0013396,informal-Fraud-0,Fraud
SYN-0005975,Arson-2-layout3,Arson
INF-0003030,informal-Theft-0,Theft
INF-0025385,informal-Assault-5,Assault
INF-0031256,informal-Arson-1,Arson
INF-0021469,informal-Robbery-1,Robbery
INF-0007143,informal-Vandalism-10,Vandalism
INF-0034364,informal-Fraud-11,Fraud
INF-0013177,informal-Assault-9,Assault
INF-0044157,informal-Robbery-11,Robbery
INF-0036520,informal-Arson-11,Arson
INF-0004963,informal-Cybercrime-8,Cybercrime
INF-0002251,informal-Cybercrime-11,Cybercrime
INF-0021322,informal-Burglary-1,Burglary
INF-0011953,informal-Assault-0,Assault
INF-0019317,informal-Robbery-2,Robbery
INF-0011391,informal-Vandalism-1,Vandalism
SYN-0011971,Assault-0-layout1,Assault
INF-0022321,informal-Assault-0,Assault
INF-0002747,informal-Cybercrime-1,Cybercrime
INF-0042857,informal-Assault-11,Assault
INF-0002195,informal-Cybercrime-4,Cybercrime
SYN-0001169,Robbery-2-layout0,Robbery
INF-0027102,informal-Theft-3,Theft
INF-0043388,informal-Fraud-5,Fraud
SYN-0009993,Robbery-1-layout0,Robbery
INF-0018056,informal-Arson-7,Arson
INF-0027161,informal-Assault-11,Assault
INF-0027279,informal-Vandalism-7,Vandalism
INF-0025418,informal-Burglary-9,Burglary
INF-0023655,informal-Vandalism-4,Vandalism
INF-0023224,informal-Arson-5,Arson
INF-0018027,informal-Cybercrime-3,Cybercrime
INF-0047386,informal-Burglary-1,Burglary
INF-0002343,informal-Vandalism-4,Vandalism
INF-0016922,informal-Burglary-9,Burglary
INF-0045801,informal-Assault-1,Assault
INF-0002164,informal-Fraud-0,Fraud
INF-0013451,informal-Cybercrime-7,Cybercrime
INF-0019496,informal-Arson-7,Arson
INF-0014902,informal-Theft-8,Theft
INF-0037668,informal-Fraud-10,Fraud
INF-0021497,informal-Assault-5,Assault
INF-0022064,informal-Arson-4,Arson
INF-0005849,informal-Assault-11,Assault
INF-0031426,informal-Burglary-4,Burglary
INF-0045518,informal-Theft-1,Theft
INF-0025230,informal-Theft-3,Theft
SYN-0004616,Burglary-1-layout0,Burglary
INF-0001343,informal-Vandalism-5,Vandalism
INF-0036311,informal-Vandalism-2,Vandalism
INF-0005933,informal-Robbery-3,Robbery
INF-0003339,informal-Cybercrime-3,Cybercrime
INF-0009442,informal-Burglary-10,Burglary
SYN-0006875,Assault-3-layout5,Assault
INF-0035353,informal-Assault-9,Assault
INF-0021963,informal-Cybercrime-9,Cybercrime
SYN-0011792,Burglary-2-layout4,Burglary
INF-0031583,informal-Vandalism-5,Vandalism
SYN-0008478,Vandalism-3-layout0,Vandalism
INF-0006059,informal-Cybercrime-1,Cybercrime
INF-0000793,informal-Assault-9,Assault
INF-0040768,informal-Arson-2,Arson
INF-0047238,informal-Theft-0,Theft
SYN-0010333,Cybercrime-3-layout5,Cybercrime
SYN-0001318,Vandalism-4-layout2,Vandalism
INF-0023654,informal-Theft-4,Theft
INF-0010106,informal-Burglary-3,Burglary
SYN-0007620,Fraud-0-layout5,Fraud
INF-0006068,informal-Fraud-2,Fraud
INF-0009597,informal-Robbery-11,Robbery
INF-0047605,informal-Robbery-10,Robbery
INF-0034457,informal-Assault-5,Assault
INF-0002456,informal-Arson-1,Arson
INF-0007565,informal-Robbery-9,Robbery
INF-0020075,informal-Cybercrime-7,Cybercrime
INF-0006062,informal-Theft-1,Theft
INF-0042549,informal-Robbery-8,Robbery
INF-0026698,informal-Burglary-7,Burglary
INF-0046704,informal-Arson-6,Arson
INF-0031276,informal-Fraud-3,Fraud
INF-0012819,informal-Cybercrime-0,Cybercrime
INF-0003534,informal-Theft-9,Theft
INF-0003669,informal-Robbery-8,Robbery
INF-0014269,informal-Robbery-1,Robbery
INF-0017775,informal-Vandalism-7,Vandalism
SYN-0009995,Assault-1-layout0,Assault
INF-0036051,informal-Cybercrime-6,Cybercrime
INF-0007411,informal-Cybercrime-8,Cybercrime
SYN-0009440,Burglary-4-layout3,Burglary
INF-0004519,informal-Vandalism-6,Vandalism
SYN-0007310,Vandalism-1-layout0,Vandalism
INF-0009676,informal-Fraud-3,Fraud
INF-0003765,informal-Robbery-2,Robbery
INF-0004207,informal-Vandalism-3,Vandalism
INF-0010555,informal-Cybercrime-5,Cybercrime
INF-0043654,informal-Theft-2,Theft
INF-0031277,informal-Robbery-3,Robbery
INF-0047006,informal-Theft-7,Theft
INF-0020529,informal-Assault-10,Assault
INF-0021327,informal-Vandalism-1,Vandalism
INF-0042799,informal-Vandalism-3,Vandalism
INF-0003794,informal-Burglary-6,Burglary
INF-0003795,informal-Cybercrime-6,Cybercrime
INF-0024054,informal-Theft-0,Theft
INF-0031543,informal-Vandalism-0,Vandalism
INF-0019378,informal-Burglary-10,Burglary
INF-0017369,informal-Assault-11,Assault
INF-0044730,informal-Burglary-11,Burglary
INF-0046960,informal-Arson-2,Arson
SYN-0006093,Cybercrime-1-layout5,Cybercrime
INF-0027155,informal-Cybercrime-10,Cybercrime
INF-0035307,informal-Cybercrime-3,Cybercrime
INF-0011307,informal-Cybercrime-9,Cybercrime
INF-0000339,informal-Cybercrime-6,Cybercrime
INF-0010944,informal-Arson-0,Arson
INF-0025830,informal-Theft-6,Theft
INF-0011978,informal-Burglary-3,Burglary
INF-0020192,informal-Arson-4,Arson
INF-0001183,informal-Vandalism-3,Vandalism
INF-0004409,informal-Assault-11,Assault
INF-0044366,informal-Theft-1,Theft
INF-0039393,informal-Assault-10,Assault
INF-0038474,informal-Burglary-3,Burglary
SYN-0002828,Fraud-1-layout2,Fraud
INF-0032345,informal-Assault-11,Assault
INF-0042688,informal-Arson-8,Arson
INF-0006056,informal-Arson-1,Arson
INF-0026714,informal-Burglary-9,Burglary
INF-0040321,informal-Assault-0,Assault
INF-0015858,informal-Burglary-2,Burglary
INF-0015710,informal-Theft-1,Theft
INF-0027395,informal-Cybercrime-4,Cybercrime
SYN-0003992,Burglary-3-layout2,Burglary
INF-0023052,informal-Fraud-1,Fraud
INF-0014060,informal-Fraud-11,Fraud
SYN-0011274,Theft-1-layout2,Theft
INF-0040833,informal-Assault-10,Assault
INF-0047749,informal-Robbery-10,Robbery
INF-0039398,informal-Theft-10,Theft
INF-0032445,informal-Robbery-5,Robbery
INF-0007136,informal-Arson-10,Arson
INF-0028528,informal-Arson-2,Arson
INF-0025102,informal-Theft-5,Theft
SYN-0008730,Theft-3-layout4,Theft
INF-0013896,informal-Arson-9,Arson
SYN-0007967,Arson-3-layout4,Arson
INF-0014146,informal-Burglary-4,Burglary
SYN-0011029,Cybercrime-2-layout4,Cybercrime
SYN-0007717,Cybercrime-4-layout0,Cybercrime
SYN-0006427,Assault-3-layout4,Assault
INF-0016711,informal-Vandalism-0,Vandalism
INF-0001734,informal-Theft-0,Theft
INF-0000344,informal-Arson-7,Arson
INF-0044370,informal-Burglary-2,Burglary
INF-0000642,informal-Burglary-8,Burglary
INF-0041229,informal-Robbery-5,Robbery
INF-0017207,informal-Vandalism-8,Vandalism
INF-0015866,informal-Burglary-3,Burglary
INF-0019346,informal-Burglary-6,Burglary
INF-0027719,informal-Vandalism-8,Vandalism
INF-0013905,informal-Assault-10,Assault
INF-0009583,informal-Vandalism-9,Vandalism
INF-0029251,informal-Cybercrime-2,Cybercrime
INF-0044371,informal-Cybercrime-2,Cybercrime
INF-0006512,informal-Arson-4,Arson
SYN-0003724,Fraud-1-layout4,Fraud
INF-0018506,informal-Burglary-9,Burglary
INF-0046431,informal-Vandalism-7,Vandalism
SYN-0009281,Robbery-0-layout1,Robbery
INF-0002628,informal-Fraud-4,Fraud
SYN-0006872,Burglary-3-layout5,Burglary
INF-0023907,informal-Cybercrime-0,Cybercrime
INF-0033298,informal-Burglary-4,Burglary
INF-0028436,informal-Fraud-8,Fraud
INF-0002820,informal-Fraud-10,Fraud
INF-0007836,informal-Fraud-7,Fraud
INF-0029841,informal-Assault-4,Assault
INF-0021253,informal-Robbery-10,Robbery
SYN-0001037,Cybercrime-1-layout4,Cybercrime
INF-0013418,informal-Burglary-3,Burglary
INF-0000497,informal-Assault-8,Assault
INF-0046260,informal-Fraud-4,Fraud
INF-0005193,informal-Assault-1,Assault
INF-0045804,informal-Fraud-1,Fraud
SYN-0002012,Fraud-3-layout1,Fraud
SYN-0000788,Fraud-2-layout0,Fraud
INF-0043652,informal-Fraud-2,Fraud
INF-0012181,informal-Robbery-10,Robbery
INF-0013268,informal-Fraud-2,Fraud
INF-0032706,informal-Burglary-2,Burglary
INF-0039758,informal-Theft-1,Theft
SYN-0008602,Theft-3-layout2,Theft
INF-0016316,informal-Fraud-5,Fraud
INF-0007502,informal-Theft-1,Theft
INF-0042574,informal-Theft-11,Theft
INF-0001735,informal-Vandalism-0,Vandalism
INF-0008159,informal-Vandalism-11,Vandalism
INF-0037451,informal-Cybercrime-1,Cybercrime
SYN-0009423,Arson-1-layout3,Arson
INF-0019347,informal-Cybercrime-6,Cybercrime
INF-0018031,informal-Vandalism-3,Vandalism
SYN-0010243,Assault-0-layout4,Assault
INF-0014568,informal-Arson-3,Arson
INF-0016501,informal-Robbery-10,Robbery
INF-0041679,informal-Vandalism-7,Vandalism
INF-0008990,informal-Theft-7,Theft
INF-0025988,informal-Fraud-8,Fraud
SYN-0005449,Robbery-1-layout1,Robbery
INF-0041980,informal-Fraud-9,Fraud
INF-0002776,informal-Arson-5,Arson
INF-0018161,informal-Assault-2,Assault
INF-0018057,informal-Assault-7,Assault
INF-0035286,informal-Theft-0,Theft
INF-0046605,informal-Robbery-11,Robbery
INF-0001178,informal-Burglary-3,Burglary
INF-0034345,informal-Assault-9,Assault
INF-0026671,informal-Vandalism-3,Vandalism
INF-0028837,informal-Robbery-4,Robbery
INF-0045562,informal-Burglary-7,Burglary
INF-0028175,informal-Vandalism-11,Vandalism
INF-0014324,informal-Fraud-8,Fraud
INF-0047975,informal-Vandalism-2,Vandalism
INF-0019314,informal-Burglary-2,Burglary
INF-0012686,informal-Theft-1,Theft
SYN-0008215,Arson-2-layout2,Arson
INF-0025953,informal-Assault-4,Assault
INF-0000805,informal-Robbery-10,Robbery
INF-0044440,informal-Arson-11,Arson
SYN-0008089,Robbery-3-layout0,Robbery
INF-0023641,informal-Assault-3,Assault
INF-0027392,informal-Arson-4,Arson
INF-0013282,informal-Burglary-4,Burglary
INF-0029716,informal-Fraud-6,Fraud
INF-0035281,informal-Assault-0,Assault
INF-0046838,informal-Theft-4,Theft
INF-0047719,informal-Vandalism-6,Vandalism
INF-0024244,informal-Fraud-6,Fraud
INF-0035168,informal-Arson-4,Arson
SYN-0008422,Vandalism-4-layout5,Vandalism
INF-0046397,informal-Robbery-3,Robbery
INF-0044156,informal-Fraud-11,Fraud
SYN-0005666,Theft-4-layout4,Theft
INF-0033715,informal-Cybercrime-2,Cybercrime
INF-0010526,informal-Theft-1,Theft
SYN-0011584,Burglary-0-layout1,Burglary
INF-0002937,informal-Assault-7,Assault
INF-0003796,informal-Fraud-6,Fraud
SYN-0002373,Cybercrime-0-layout1,Cybercrime
INF-0010700,informal-Fraud-5,Fraud
INF-0007105,informal-Assault-6,Assault
SYN-0002196,Fraud-2-layout4,Fraud
INF-0008929,informal-Assault-0,Assault
INF-0041276,informal-Fraud-11,Fraud
INF-0041279,informal-Vandalism-11,Vandalism
INF-0025083,informal-Cybercrime-3,Cybercrime
SYN-0002902,Vandalism-2-layout3,Vandalism
SYN-0008928,Burglary-4-layout1,Burglary
INF-0020655,informal-Vandalism-7,Vandalism
INF-0026715,informal-Cybercrime-9,Cybercrime
INF-0027967,informal-Vandalism-3,Vandalism
INF-0034003,informal-Cybercrime-2,Cybercrime
INF-0012676,informal-Fraud-0,Fraud
INF-0025394,informal-Burglary-6,Burglary
INF-0025406,informal-Theft-7,Theft
INF-0044361,informal-Assault-1,Assault
INF-0045401,informal-Assault-5,Assault
INF-0020823,informal-Vandalism-10,Vandalism
INF-0020919,informal-Vandalism-4,Vandalism
SYN-0011023,Arson-1-layout4,Arson
INF-0038231,informal-Vandalism-8,Vandalism
INF-0040687,informal-Vandalism-9,Vandalism
INF-0007064,informal-Arson-1,Arson
INF-0043384,informal-Arson-5,Arson
INF-0032599,informal-Vandalism-6,Vandalism
INF-0007508,informal-Fraud-2,Fraud
INF-0014040,informal-Arson-9,Arson
INF-0025701,informal-Robbery-8,Robbery
INF-0009692,informal-Fraud-5,Fraud
INF-0027166,informal-Theft-11,Theft
INF-0014289,informal-Assault-4,Assault
INF-0040197,informal-Robbery-2,Robbery
INF-0032124,informal-Fraud-1,Fraud
INF-0012530,informal-Burglary-0,Burglary
INF-0017614,informal-Theft-5,Theft
INF-0022383,informal-Vandalism-7,Vandalism
INF-0044867,informal-Cybercrime-10,Cybercrime
INF-0027227,informal-Cybercrime-1,Cybercrime
INF-0020972,informal-Fraud-11,Fraud
INF-0002528,informal-Arson-10,Arson
INF-0034761,informal-Assault-7,Assault
INF-0036813,informal-Robbery-11,Robbery
INF-0012869,informal-Robbery-6,Robbery
INF-0002036,informal-Fraud-2,Fraud
INF-0019355,informal-Cybercrime-7,Cybercrime
INF-0030703,informal-Vandalism-3,Vandalism
INF-0019103,informal-Vandalism-11,Vandalism
INF-0042544,informal-Arson-8,Arson
INF-0032331,informal-Cybercrime-9,Cybercrime
INF-0014291,informal-Cybercrime-4,Cybercrime
INF-0002197,informal-Robbery-4,Robbery
INF-0007137,informal-Assault-10,Assault
INF-0004948,informal-Fraud-6,Fraud
INF-0045512,informal-Arson-1,Arson
INF-0014054,informal-Theft-10,Theft
INF-0013771,informal-Cybercrime-11,Cybercrime
SYN-0010778,Theft-3-layout0,Theft
INF-0010268,informal-Fraud-5,Fraud
INF-0045524,informal-Fraud-2,Fraud
INF-0044974,informal-Theft-5,Theft
INF-0003523,informal-Cybercrime-8,Cybercrime
INF-0012114,informal-Burglary-2,Burglary
INF-0047142,informal-Theft-6,Theft
INF-0033176,informal-Arson-7,Arson
INF-0029014,informal-Theft-8,Theft
SYN-0003421,Cybercrime-3-layout5,Cybercrime
INF-0010022,informal-Theft-10,Theft
INF-0040770,informal-Burglary-2,Burglary
INF-0042516,informal-Fraud-4,Fraud
INF-0004371,informal-Cybercrime-6,Cybercrime
SYN-0008732,Fraud-3-layout4,Fraud
SYN-0007398,Vandalism-4-layout1,Vandalism
SYN-0009035,Assault-1-layout3,Assault
SYN-0000278,Vandalism-2-layout4,Vandalism
INF-0004897,informal-Assault-0,Assault
INF-0038230,informal-Theft-8,Theft
INF-0007221,informal-Robbery-2,Robbery
INF-0024269,informal-Robbery-9,Robbery
INF-0042226,informal-Burglary-4,Burglary
INF-0026236,informal-Fraud-3,Fraud
INF-0043418,informal-Burglary-9,Burglary
SYN-0005668,Fraud-4-layout4,Fraud
SYN-0001381,Cybercrime-4-layout3,Cybercrime
INF-0020743,informal-Vandalism-0,Vandalism
INF-0015017,informal-Assault-5,Assault
INF-0007109,informal-Robbery-6,Robbery
INF-0017375,informal-Vandalism-11,Vandalism
INF-0003954,informal-Burglary-8,Burglary
INF-0035325,informal-Robbery-5,Robbery
SYN-0010240,Burglary-0-layout4,Burglary
SYN-0003656,Burglary-1-layout3,Burglary
SYN-0011999,Arson-3-layout1,Arson
INF-0001732,informal-Fraud-0,Fraud
INF-0021950,informal-Theft-7,Theft
INF-0026823,informal-Vandalism-4,Vandalism
INF-0044258,informal-Burglary-6,Burglary
INF-0047709,informal-Robbery-5,Robbery
SYN-0001376,Burglary-4-layout3,Burglary
INF-0018042,informal-Burglary-5,Burglary
INF-0003399,informal-Vandalism-10,Vandalism
SYN-0003943,Arson-4-layout1,Arson
SYN-0000019,Assault-2-layout0,Assault
INF-0000235,informal-Cybercrime-11,Cybercrime
SYN-0004637,Cybercrime-3-layout0,Cybercrime
INF-0025855,informal-Vandalism-9,Vandalism
INF-0020462,informal-Theft-1,Theft
INF-0003675,informal-Cybercrime-9,Cybercrime
INF-0026581,informal-Robbery-10,Robbery
INF-0003043,informal-Cybercrime-2,Cybercrime
SYN-0007621,Cybercrime-0-layout5,Cybercrime
SYN-0004248,Burglary-3-layout0,Burglary
INF-0032916,informal-Fraud-10,Fraud
INF-0000064,informal-Arson-8,Arson
INF-0040909,informal-Robbery-1,Robbery
INF-0025210,informal-Burglary-1,Burglary
INF-0009678,informal-Theft-3,Theft
INF-0019048,informal-Arson-5,Arson
INF-0014570,informal-Burglary-3,Burglary
INF-0025094,informal-Theft-4,Theft
INF-0031340,informal-Fraud-11,Fraud
INF-0031766,informal-Theft-10,Theft
INF-0028521,informal-Assault-1,Assault
INF-0029589,informal-Robbery-8,Robbery
INF-0006638,informal-Theft-1,Theft
INF-0039488,informal-Arson-4,Arson
INF-0014551,informal-Vandalism-0,Vandalism
SYN-0007309,Cybercrime-1-layout0,Cybercrime
SYN-0006683,Assault-3-layout2,Assault
INF-0002939,informal-Cybercrime-7,Cybercrime
INF-0024685,informal-Robbery-7,Robbery
INF-0023984,informal-Arson-10,Arson
INF-0040116,informal-Fraud-10,Fraud
INF-0031580,informal-Fraud-5,Fraud
INF-0010824,informal-Arson-3,Arson
INF-0035796,informal-Fraud-10,Fraud
INF-0007417,informal-Assault-9,Assault
INF-0000167,informal-Vandalism-2,Vandalism
INF-0002038,informal-Theft-2,Theft
INF-0032438,informal-Theft-4,Theft
INF-0020654,informal-Theft-7,Theft
INF-0041704,informal-Arson-11,Arson
INF-0016189,informal-Robbery-7,Robbery
INF-0019501,informal-Robbery-7,Robbery
INF-0037612,informal-Fraud-3,Fraud
SYN-0004885,Cybercrime-2-layout4,Cybercrime
INF-0028432,informal-Arson-8,Arson
INF-0046429,informal-Robbery-7,Robbery
SYN-0006811,Assault-3-layout4,Assault
INF-0029254,informal-Theft-2,Theft
INF-0016706,informal-Burglary-0,Burglary
INF-0034184,informal-Arson-7,Arson
INF-0025404,informal-Fraud-7,Fraud
INF-0024669,informal-Robbery-5,Robbery
SYN-0010207,Arson-3-layout3,Arson
INF-0018508,informal-Fraud-9,Fraud
INF-0034583,informal-Vandalism-2,Vandalism
INF-0018769,informal-Assault-6,Assault
INF-0000794,informal-Burglary-9,Burglary
INF-0006961,informal-Assault-6,Assault
INF-0040404,informal-Fraud-10,Fraud
INF-0022628,informal-Fraud-2,Fraud
INF-0042272,informal-Arson-10,Arson
SYN-0008969,Robbery-1-layout2,Robbery
INF-0012559,informal-Vandalism-3,Vandalism
SYN-0007306,Theft-1-layout0,Theft
INF-0009696,informal-Arson-6,Arson
SYN-0003415,Arson-2-layout5,Arson
INF-0026680,informal-Arson-5,Arson
SYN-0003550,Vandalism-3-layout1,Vandalism
INF-0009937,informal-Assault-0,Assault
INF-0033454,informal-Theft-5,Theft
INF-0044975,informal-Vandalism-5,Vandalism
INF-0012470,informal-Theft-10,Theft
INF-0005095,informal-Vandalism-6,Vandalism
INF-0031137,informal-Assault-4,Assault
INF-0032433,informal-Assault-4,Assault
INF-0036517,informal-Robbery-10,Robbery
INF-0032293,informal-Robbery-4,Robbery
SYN-0011149,Cybercrime-1-layout0,Cybercrime
SYN-0006744,Burglary-3-layout3,Burglary
INF-0013403,informal-Cybercrime-1,Cybercrime
INF-0045699,informal-Cybercrime-6,Cybercrime
INF-0015204,informal-Fraud-10,Fraud
INF-0036318,informal-Theft-3,Theft
INF-0007147,informal-Cybercrime-11,Cybercrime
INF-0040819,informal-Cybercrime-8,Cybercrime
SYN-0005254,Vandalism-0-layout4,Vandalism
INF-0041422,informal-Theft-11,Theft
INF-0017016,informal-Arson-3,Arson
INF-0046830,informal-Theft-3,Theft
INF-0044446,informal-Theft-11,Theft
INF-0018462,informal-Theft-3,Theft
INF-0000207,informal-Vandalism-7,Vandalism
INF-0038471,informal-Vandalism-2,Vandalism
INF-0035794,informal-Burglary-10,Burglary
INF-0029024,informal-Arson-10,Arson
INF-0008866,informal-Burglary-10,Burglary
SYN-0005279,Arson-3-layout4,Arson
INF-0032919,informal-Vandalism-10,Vandalism
INF-0034029,informal-Robbery-5,Robbery
INF-0020396,informal-Fraud-11,Fraud
INF-0047729,informal-Assault-8,Assault
INF-0030616,informal-Arson-11,Arson
INF-0012298,informal-Burglary-7,Burglary
SYN-0011024,Burglary-2-layout4,Burglary
INF-0033711,informal-Vandalism-1,Vandalism
INF-0013130,informal-Burglary-3,Burglary
INF-0041416,informal-Arson-11,Arson
INF-0009690,informal-Burglary-5,Burglary
INF-0030134,informal-Theft-4,Theft
INF-0041792,informal-Arson-4,Arson
INF-0009439,informal-Vandalism-9,Vandalism
INF-0029032,informal-Arson-11,Arson
INF-0038522,informal-Burglary-9,Burglary
INF-0016442,informal-Burglary-3,Burglary
INF-0002971,informal-Cybercrime-11,Cybercrime
INF-0032035,informal-Cybercrime-8,Cybercrime
INF-0032263,informal-Vandalism-0,Vandalism
SYN-0009692,Fraud-3-layout1,Fraud
INF-0025101,informal-Robbery-5,Robbery
INF-0026526,informal-Theft-3,Theft
INF-0031428,informal-Fraud-4,Fraud
INF-0000367,informal-Vandalism-9,Vandalism
SYN-0004383,Arson-3-layout2,Arson
INF-0031857,informal-Assault-4,Assault
INF-0027290,informal-Burglary-9,Burglary
INF-0042400,informal-Arson-8,Arson
INF-0009078,informal-Theft-0,Theft
INF-0026527,informal-Vandalism-3,Vandalism
SYN-0011720,Burglary-1-layout3,Burglary
INF-0016008,informal-Arson-3,Arson
SYN-0010387,Assault-2-layout0,Assault
INF-0037589,informal-Robbery-0,Robbery
INF-0019517,informal-Robbery-9,Robbery
SYN-0007175,Arson-0-layout4,Arson
SYN-0006152,Burglary-1-layout0,Burglary
INF-0003396,informal-Fraud-10,Fraud
INF-0038197,informal-Robbery-4,Robbery
INF-0030028,informal-Fraud-9,Fraud
INF-0019792,informal-Arson-8,Arson
INF-0022042,informal-Burglary-1,Burglary
INF-0029753,informal-Assault-11,Assault
SYN-0008086,Vandalism-2-layout0,Vandalism
INF-0007500,informal-Fraud-1,Fraud
INF-0010657,informal-Assault-0,Assault
SYN-0005963,Assault-1-layout3,Assault
INF-0042406,informal-Theft-8,Theft
INF-0022907,informal-Cybercrime-1,Cybercrime
INF-0045021,informal-Robbery-11,Robbery
INF-0033448,informal-Arson-5,Arson
INF-0023482,informal-Burglary-1,Burglary
SYN-0003847,Arson-0-layout0,Arson
INF-0000362,informal-Burglary-9,Burglary
INF-0016869,informal-Robbery-2,Robbery
SYN-0008935,Arson-4-layout1,Arson
SYN-0010780,Fraud-3-layout0,Fraud
INF-0044252,informal-Fraud-5,Fraud
SYN-0007055,Arson-1-layout2,Arson
INF-0041277,informal-Robbery-11,Robbery
INF-0019444,informal-Fraud-0,Fraud
SYN-0003810,Theft-4-layout5,Theft
INF-0012266,informal-Burglary-3,Burglary
SYN-0005968,Burglary-2-layout3,Burglary
INF-0033882,informal-Burglary-5,Burglary
SYN-0003544,Burglary-3-layout1,Burglary
INF-0045711,informal-Vandalism-7,Vandalism
INF-0043787,informal-Cybercrime-1,Cybercrime
INF-0028536,informal-Arson-3,Arson
INF-0040781,informal-Robbery-3,Robbery
INF-0035285,informal-Robbery-0,Robbery
INF-0005275,informal-Cybercrime-11,Cybercrime
INF-0012678,informal-Theft-0,Theft
INF-0021397,informal-Robbery-10,Robbery
INF-0012466,informal-Burglary-10,Burglary
SYN-0004253,Cybercrime-3-layout0,Cybercrime
INF-0016464,informal-Arson-6,Arson
INF-0005640,informal-Arson-3,Arson
INF-0006074,informal-Burglary-3,Burglary
INF-0012569,informal-Assault-5,Assault
INF-0025386,informal-Burglary-5,Burglary
INF-0036229,informal-Robbery-10,Robbery
INF-0012272,informal-Arson-4,Arson
INF-0031847,informal-Vandalism-2,Vandalism
INF-0012586,informal-Burglary-7,Burglary
INF-0043838,informal-Theft-7,Theft
INF-0023053,informal-Robbery-1,Robbery
INF-0017738,informal-Burglary-3,Burglary
INF-0037638,informal-Theft-6,Theft
SYN-0007888,Burglary-2-layout3,Burglary
INF-0018653,informal-Robbery-9,Robbery
INF-0011712,informal-Arson-6,Arson
INF-0021382,informal-Theft-8,Theft
INF-0027728,informal-Arson-10,Arson
INF-0015122,informal-Burglary-0,Burglary
INF-0013472,informal-Arson-10,Arson
INF-0030882,informal-Burglary-8,Burglary
INF-0012867,informal-Cybercrime-6,Cybercrime
INF-0002091,informal-Cybercrime-9,Cybercrime
SYN-0006536,Burglary-1-layout0,Burglary
INF-0014479,informal-Vandalism-9,Vandalism
INF-0006962,informal-Burglary-6,Burglary
INF-0043826,informal-Burglary-6,Burglary
SYN-0004487,Arson-0-layout4,Arson
INF-0005813,informal-Robbery-6,Robbery
INF-0029394,informal-Burglary-2,Burglary
INF-0012284,informal-Fraud-5,Fraud
INF-0043717,informal-Robbery-10,Robbery
INF-0041404,informal-Fraud-9,Fraud
INF-0046561,informal-Assault-6,Assault
SYN-0004423,Arson-0-layout3,Arson
INF-0014434,informal-Burglary-4,Burglary
INF-0031019,informal-Cybercrime-7,Cybercrime
INF-0013906,informal-Burglary-10,Burglary
INF-0016141,informal-Robbery-1,Robbery
INF-0015057,informal-Assault-10,Assault
INF-0033553,informal-Assault-0,Assault
SYN-0006503,Arson-4-layout5,Arson
INF-0005616,informal-Arson-0,Arson
INF-0037635,informal-Cybercrime-6,Cybercrime
INF-0022472,informal-Arson-1,Arson
INF-0040827,informal-Cybercrime-9,Cybercrime
INF-0038347,informal-Cybercrime-5,Cybercrime
INF-0039756,informal-Fraud-1,Fraud
INF-0002501,informal-Robbery-6,Robbery
INF-0022519,informal-Vandalism-6,Vandalism
INF-0038631,informal-Vandalism-4,Vandalism
INF-0035883,informal-Cybercrime-3,Cybercrime
SYN-0005194,Theft-1-layout3,Theft
INF-0028443,informal-Cybercrime-9,Cybercrime
INF-0046394,informal-Burglary-3,Burglary
SYN-0007811,Assault-0-layout2,Assault
INF-0018495,informal-Vandalism-7,Vandalism
SYN-0011535,Arson-1-layout0,Arson
INF-0024055,informal-Vandalism-0,Vandalism
INF-0036294,informal-Theft-0,Theft
INF-0037167,informal-Vandalism-1,Vandalism
INF-0024268,informal-Fraud-9,Fraud
INF-0040772,informal-Fraud-2,Fraud
INF-0004229,informal-Robbery-6,Robbery
INF-0013046,informal-Theft-10,Theft
SYN-0009760,Burglary-4-layout2,Burglary
INF-0046573,informal-Robbery-7,Robbery
INF-0009688,informal-Arson-5,Arson
INF-0016013,informal-Robbery-3,Robbery
INF-0045708,informal-Fraud-7,Fraud
SYN-0006429,Cybercrime-3-layout4,Cybercrime
INF-0036584,informal-Arson-1,Arson
INF-0036308,informal-Fraud-2,Fraud
SYN-0011293,Cybercrime-3-layout2,Cybercrime
INF-0029306,informal-Burglary-9,Burglary
INF-0037163,informal-Cybercrime-1,Cybercrime
INF-0030183,informal-Vandalism-10,Vandalism
SYN-0005276,Fraud-3-layout4,Fraud
INF-0004222,informal-Theft-5,Theft
INF-0039481,informal-Assault-3,Assault
INF-0019311,informal-Vandalism-1,Vandalism
INF-0041090,informal-Burglary-6,Burglary
SYN-0000984,Burglary-3-layout3,Burglary
INF-0025819,informal-Cybercrime-5,Cybercrime
INF-0021657,informal-Assault-7,Assault
INF-0012403,informal-Cybercrime-2,Cybercrime
INF-0013594,informal-Burglary-7,Burglary
INF-0007246,informal-Theft-5,Theft
INF-0007066,informal-Burglary-1,Burglary
INF-0035304,informal-Arson-3,Arson
INF-0003331,informal-Cybercrime-2,Cybercrime
INF-0012597,informal-Robbery-8,Robbery
SYN-0001039,Arson-1-layout4,Arson
INF-0020032,informal-Arson-2,Arson
INF-0029675,informal-Cybercrime-1,Cybercrime
INF-0036316,informal-Fraud-3,Fraud
INF-0004383,informal-Vandalism-7,Vandalism
INF-0033881,informal-Assault-5,Assault
INF-0036223,informal-Vandalism-9,Vandalism
SYN-0008389,Cybercrime-0-layout5,Cybercrime
INF-0024110,informal-Theft-7,Theft
SYN-0003846,Vandalism-0-layout0,Vandalism
INF-0009582,informal-Theft-9,Theft
INF-0017216,informal-Arson-10,Arson
INF-0046158,informal-Theft-9,Theft
SYN-0002967,Arson-2-layout4,Arson
INF-0004327,informal-Vandalism-0,Vandalism
INF-0037066,informal-Burglary-7,Burglary
INF-0015154,informal-Burglary-4,Burglary
SYN-0008385,Robbery-0-layout5,Robbery
INF-0009447,informal-Vandalism-10,Vandalism
INF-0041225,informal-Assault-5,Assault
INF-0034748,informal-Fraud-5,Fraud
INF-0009441,informal-Assault-10,Assault
INF-0022099,informal-Cybercrime-8,Cybercrime
INF-0015207,informal-Vandalism-10,Vandalism
INF-0019319,informal-Vandalism-2,Vandalism
SYN-0005718,Vandalism-2-layout5,Vandalism
INF-0044427,informal-Cybercrime-9,Cybercrime
INF-0035426,informal-Burglary-0,Burglary
INF-0025403,informal-Cybercrime-7,Cybercrime
INF-0020677,informal-Robbery-10,Robbery
INF-0037366,informal-Theft-8,Theft
INF-0005393,informal-Assault-8,Assault
SYN-0004893,Cybercrime-3-layout4,Cybercrime
INF-0009553,informal-Assault-6,Assault
SYN-0009821,Cybercrime-3-layout3,Cybercrime
INF-0002105,informal-Assault-11,Assault
INF-0007778,informal-Burglary-0,Burglary
INF-0034876,informal-Fraud-3,Fraud
INF-0025712,informal-Arson-10,Arson
INF-0019189,informal-Robbery-4,Robbery
INF-0011596,informal-Fraud-9,Fraud
INF-0027223,informal-Vandalism-0,Vandalism
INF-0009434,informal-Burglary-9,Burglary
SYN-0010502,Vandalism-0-layout2,Vandalism
INF-0011107,informal-Cybercrime-2,Cybercrime
SYN-0003812,Fraud-4-layout5,Fraud
INF-0033052,informal-Fraud-9,Fraud
INF-0045976,informal-Arson-5,Arson
INF-0018659,informal-Cybercrime-10,Cybercrime
INF-0034011,informal-Cybercrime-3,Cybercrime
SYN-0005524,Fraud-2-layout2,Fraud
SYN-0002778,Theft-3-layout1,Theft
INF-0026232,informal-Arson-3,Arson
INF-0029520,informal-Arson-0,Arson
INF-0020652,informal-Fraud-7,Fraud
INF-0028370,informal-Burglary-0,Burglary
SYN-0005895,Arson-0-layout2,Arson
INF-0024930,informal-Burglary-2,Burglary
INF-0016049,informal-Assault-8,Assault
INF-0018045,informal-Robbery-5,Robbery
SYN-0010071,Arson-2-layout1,Arson
SYN-0008855,Arson-2-layout0,Arson
SYN-0004164,Fraud-0-layout5,Fraud
INF-0025986,informal-Burglary-8,Burglary
INF-0019042,informal-Burglary-4,Burglary
INF-0001730,informal-Burglary-0,Burglary
INF-0039521,informal-Assault-8,Assault
INF-0012573,informal-Robbery-5,Robbery
INF-0026148,informal-Fraud-10,Fraud
INF-0007146,informal-Burglary-11,Burglary
INF-0032041,informal-Assault-9,Assault
INF-0028442,informal-Burglary-9,Burglary
INF-0025421,informal-Robbery-9,Robbery
SYN-0002844,Fraud-3-layout2,Fraud
INF-0000611,informal-Cybercrime-4,Cybercrime
INF-0035425,informal-Assault-0,Assault
INF-0015870,informal-Theft-3,Theft
SYN-0002087,Arson-4-layout2,Arson
INF-0011118,informal-Theft-3,Theft
SYN-0006104,Burglary-3-layout5,Burglary
INF-0006399,informal-Vandalism-7,Vandalism
INF-0038767,informal-Vandalism-3,Vandalism
INF-0044575,informal-Vandalism-9,Vandalism
INF-0025581,informal-Robbery-11,Robbery
INF-0032444,informal-Fraud-5,Fraud
INF-0025261,informal-Robbery-7,Robbery
INF-0011857,informal-Assault-6,Assault
INF-0036186,informal-Burglary-5,Burglary
INF-0012584,informal-Arson-7,Arson
INF-0004916,informal-Fraud-2,Fraud
INF-0011147,informal-Cybercrime-7,Cybercrime
INF-0000795,informal-Cybercrime-9,Cybercrime
INF-0041087,informal-Vandalism-5,Vandalism
INF-0014044,informal-Fraud-9,Fraud
INF-0013910,informal-Theft-10,Theft
INF-0038628,informal-Fraud-4,Fraud
INF-0010536,informal-Arson-3,Arson
INF-0016034,informal-Burglary-6,Burglary
INF-0017018,informal-Burglary-3,Burglary
INF-0004965,informal-Robbery-8,Robbery
INF-0014725,informal-Robbery-4,Robbery
INF-0025560,informal-Arson-9,Arson
INF-0042056,informal-Arson-1,Arson
INF-0015500,informal-Fraud-11,Fraud
INF-0017944,informal-Arson-11,Arson
INF-0042545,informal-Assault-8,Assault
INF-0029450,informal-Burglary-9,Burglary
INF-0038237,informal-Robbery-9,Robbery
INF-0004380,informal-Fraud-7,Fraud
INF-0044287,informal-Vandalism-9,Vandalism
SYN-0002589,Cybercrime-3-layout4,Cybercrime
INF-0038475,informal-Cybercrime-3,Cybercrime
INF-0021503,informal-Vandalism-5,Vandalism
INF-0044568,informal-Arson-9,Arson
INF-0010262,informal-Theft-4,Theft
INF-0002363,informal-Cybercrime-7,Cybercrime
INF-0020757,informal-Robbery-2,Robbery
INF-0030182,informal-Theft-10,Theft
INF-0046001,informal-Assault-8,Assault
INF-0030699,informal-Cybercrime-3,Cybercrime
INF-0018919,informal-Vandalism-6,Vandalism
INF-0020391,informal-Vandalism-10,Vandalism
INF-0007488,informal-Arson-0,Arson
INF-0009976,informal-Arson-5,Arson
INF-0037920,informal-Arson-6,Arson
INF-0003647,informal-Vandalism-5,Vandalism
INF-0021195,informal-Cybercrime-3,Cybercrime
INF-0016503,informal-Vandalism-10,Vandalism
INF-0020349,informal-Robbery-5,Robbery
INF-0032875,informal-Cybercrime-5,Cybercrime
INF-0008684,informal-Fraud-5,Fraud
SYN-0001173,Cybercrime-2-layout0,Cybercrime
INF-0037896,informal-Arson-3,Arson
SYN-0011291,Assault-3-layout2,Assault
INF-0022693,informal-Robbery-10,Robbery
INF-0032348,informal-Fraud-11,Fraud
INF-0029590,informal-Theft-8,Theft
INF-0002392,informal-Arson-11,Arson
INF-0037639,informal-Vandalism-6,Vandalism
INF-0042777,informal-Assault-1,Assault
INF-0035348,informal-Fraud-8,Fraud
INF-0033592,informal-Arson-5,Arson
INF-0008428,informal-Fraud-9,Fraud
INF-0042781,informal-Robbery-1,Robbery
INF-0006633,informal-Assault-1,Assault
INF-0023544,informal-Arson-9,Arson
INF-0031536,informal-Arson-0,Arson
INF-0037585,informal-Assault-0,Assault
SYN-0009024,Burglary-0-layout3,Burglary
SYN-0001809,Robbery-2-layout4,Robbery
INF-0020915,informal-Cybercrime-4,Cybercrime
INF-0001874,informal-Burglary-0,Burglary
INF-0016010,informal-Burglary-3,Burglary
INF-0034281,informal-Assault-1,Assault
SYN-0002591,Arson-3-layout4,Arson
INF-0018456,informal-Arson-3,Arson
INF-0019945,informal-Assault-9,Assault
SYN-0000776,Burglary-1-layout0,Burglary
INF-0028439,informal-Vandalism-8,Vandalism
INF-0034456,informal-Arson-5,Arson
INF-0024971,informal-Cybercrime-7,Cybercrime
INF-0030398,informal-Theft-1,Theft
INF-0007104,informal-Arson-6,Arson
INF-0020637,informal-Robbery-5,Robbery
SYN-0001164,Fraud-1-layout0,Fraud
INF-0015123,informal-Cybercrime-0,Cybercrime
INF-0019305,informal-Assault-1,Assault
INF-0019312,informal-Arson-2,Arson
INF-0029446,informal-Theft-8,Theft
INF-0017865,informal-Assault-1,Assault
INF-0006206,informal-Theft-1,Theft
INF-0002485,informal-Robbery-4,Robbery
INF-0011413,informal-Robbery-4,Robbery
INF-0007562,informal-Burglary-9,Burglary
SYN-0011421,Cybercrime-3-layout4,Cybercrime
INF-0000785,informal-Assault-8,Assault
INF-0017182,informal-Theft-5,Theft
INF-0005187,informal-Cybercrime-0,Cybercrime
INF-0004368,informal-Arson-6,Arson
INF-0038109,informal-Robbery-11,Robbery
INF-0006063,informal-Vandalism-1,Vandalism
SYN-0011290,Theft-3-layout2,Theft
INF-0030872,informal-Arson-7,Arson
INF-0032980,informal-Fraud-0,Fraud
SYN-0001821,Cybercrime-3-layout4,Cybercrime
INF-0047899,informal-Cybercrime-11,Cybercrime
INF-0020389,informal-Robbery-10,Robbery
INF-0007410,informal-Burglary-8,Burglary
INF-0018352,informal-Arson-8,Arson
INF-0034884,informal-Fraud-4,Fraud
INF-0020367,informal-Vandalism-7,Vandalism
INF-0020884,informal-Fraud-0,Fraud
INF-0006919,informal-Vandalism-0,Vandalism
INF-0014548,informal-Fraud-0,Fraud
INF-0020756,informal-Fraud-2,Fraud
SYN-0006745,Robbery-3-layout3,Robbery
INF-0020816,informal-Arson-10,Arson
SYN-0001106,Theft-2-layout5,Theft
SYN-0010593,Robbery-4-layout3,Robbery
INF-0047965,informal-Robbery-1,Robbery
SYN-0010697,Robbery-1-layout5,Robbery
INF-0033178,informal-Burglary-7,Burglary
SYN-0000987,Assault-3-layout3,Assault
INF-0023072,informal-Arson-4,Arson
INF-0017458,informal-Burglary-4,Burglary
INF-0025225,informal-Assault-3,Assault
INF-0034275,informal-Cybercrime-0,Cybercrime
SYN-0009296,Burglary-2-layout1,Burglary
INF-0021379,informal-Cybercrime-8,Cybercrime
INF-0033992,informal-Arson-1,Arson
SYN-0006339,Assault-0-layout3,Assault
INF-0002616,informal-Arson-3,Arson
INF-0004193,informal-Assault-2,Assault
INF-0006636,informal-Fraud-1,Fraud
INF-0018306,informal-Burglary-2,Burglary
SYN-0004757,Cybercrime-2-layout2,Cybercrime
SYN-0003087,Arson-1-layout0,Arson
INF-0016436,informal-Fraud-2,Fraud
INF-0034027,informal-Cybercrime-5,Cybercrime
INF-0002190,informal-Theft-3,Theft
SYN-0000196,Fraud-0-layout3,Fraud
INF-0024261,informal-Robbery-8,Robbery
INF-0021830,informal-Theft-10,Theft
SYN-0002013,Cybercrime-3-layout1,Cybercrime
INF-0000358,informal-Theft-8,Theft
INF-0008680,informal-Arson-5,Arson
INF-0020820,informal-Fraud-10,Fraud
INF-0027589,informal-Robbery-10,Robbery
INF-0001155,informal-Cybercrime-0,Cybercrime
INF-0010111,informal-Vandalism-3,Vandalism
INF-0039249,informal-Assault-10,Assault
INF-0014432,informal-Arson-4,Arson
INF-0021393,informal-Assault-10,Assault
INF-0033329,informal-Assault-8,Assault
INF-0008139,informal-Cybercrime-9,Cybercrime
SYN-0007960,Burglary-3-layout4,Burglary
INF-0012684,informal-Fraud-1,Fraud
INF-0030130,informal-Burglary-4,Burglary
INF-0026071,informal-Vandalism-0,Vandalism
INF-0006701,informal-Robbery-9,Robbery
INF-0044116,informal-Fraud-6,Fraud
INF-0022102,informal-Theft-8,Theft
INF-0021460,informal-Fraud-0,Fraud
INF-0045520,informal-Arson-2,Arson
SYN-0003467,Assault-1-layout0,Assault
INF-0038495,informal-Vandalism-5,Vandalism
INF-0030131,informal-Cybercrime-4,Cybercrime
SYN-0000520,Burglary-1-layout2,Burglary
INF-0017001,informal-Assault-1,Assault
INF-0039175,informal-Vandalism-0,Vandalism
INF-0004681,informal-Assault-9,Assault
INF-0015018,informal-Burglary-5,Burglary
INF-0044015,informal-Vandalism-11,Vandalism
INF-0014032,informal-Arson-8,Arson
SYN-0009757,Cybercrime-3-layout2,Cybercrime
SYN-0009033,Robbery-1-layout3,Robbery
INF-0016712,informal-Arson-1,Arson
SYN-0011099,Assault-3-layout5,Assault
SYN-0011476,Fraud-2-layout5,Fraud
INF-0042655,informal-Vandalism-3,Vandalism
INF-0016651,informal-Cybercrime-11,Cybercrime
INF-0043433,informal-Assault-11,Assault
INF-0035491,informal-Cybercrime-8,Cybercrime
INF-0018435,informal-Cybercrime-0,Cybercrime
INF-0034767,informal-Vandalism-7,Vandalism
SYN-0003409,Robbery-2-layout5,Robbery
SYN-0010688,Burglary-0-layout5,Burglary
INF-0022040,informal-Arson-1,Arson
SYN-0003333,Cybercrime-0-layout4,Cybercrime
INF-0035424,informal-Arson-0,Arson
INF-0035492,informal-Fraud-8,Fraud
INF-0044851,informal-Cybercrime-8,Cybercrime
INF-0026696,informal-Arson-7,Arson
INF-0030598,informal-Theft-8,Theft
INF-0029157,informal-Robbery-8,Robbery
INF-0005703,informal-Vandalism-10,Vandalism
INF-0000364,informal-Fraud-9,Fraud
INF-0012877,informal-Robbery-7,Robbery
INF-0018916,informal-Fraud-6,Fraud
INF-0017456,informal-Arson-4,Arson
SYN-0008903,Arson-0-layout1,Arson
INF-0013134,informal-Theft-3,Theft
SYN-0011686,Vandalism-4-layout2,Vandalism
INF-0040834,informal-Burglary-10,Burglary
INF-0021667,informal-Cybercrime-8,Cybercrime
INF-0034714,informal-Burglary-1,Burglary
INF-0016471,informal-Vandalism-6,Vandalism
INF-0044367,informal-Vandalism-1,Vandalism
INF-0038815,informal-Vandalism-9,Vandalism
INF-0046826,informal-Burglary-3,Burglary
INF-0022483,informal-Cybercrime-2,Cybercrime
INF-0000146,informal-Burglary-0,Burglary
INF-0003827,informal-Cybercrime-10,Cybercrime
INF-0018163,informal-Cybercrime-2,Cybercrime
INF-0023079,informal-Vandalism-4,Vandalism
INF-0040831,informal-Vandalism-9,Vandalism
INF-0014404,informal-Fraud-0,Fraud
SYN-0009446,Vandalism-4-layout3,Vandalism
INF-0031416,informal-Arson-3,Arson
INF-0022352,informal-Arson-4,Arson
INF-0047603,informal-Cybercrime-10,Cybercrime
INF-0014006,informal-Theft-4,Theft
SYN-0001382,Vandalism-4-layout3,Vandalism
INF-0035885,informal-Robbery-3,Robbery
INF-0027167,informal-Vandalism-11,Vandalism
SYN-0007114,Theft-1-layout3,Theft
INF-0029544,informal-Arson-3,Arson
SYN-0007638,Vandalism-2-layout5,Vandalism
INF-0006104,informal-Arson-7,Arson
INF-0024263,informal-Vandalism-8,Vandalism
INF-0041474,informal-Burglary-0,Burglary
INF-0006482,informal-Burglary-0,Burglary
SYN-0009285,Cybercrime-0-layout1,Cybercrime
INF-0005232,informal-Arson-6,Arson
INF-0043537,informal-Assault-6,Assault
SYN-0008512,Burglary-0-layout1,Burglary
INF-0047972,informal-Fraud-2,Fraud
INF-0030762,informal-Burglary-11,Burglary
INF-0036295,informal-Vandalism-0,Vandalism
INF-0045390,informal-Theft-3,Theft
INF-0007851,informal-Cybercrime-9,Cybercrime
INF-0006505,informal-Assault-3,Assault
INF-0033611,informal-Cybercrime-7,Cybercrime
INF-0002606,informal-Theft-1,Theft
INF-0013400,informal-Arson-1,Arson
INF-0030558,informal-Theft-3,Theft
INF-0023221,informal-Robbery-4,Robbery
INF-0031140,informal-Fraud-4,Fraud
INF-0033494,informal-Theft-10,Theft
INF-0038344,informal-Arson-5,Arson
INF-0014885,informal-Robbery-6,Robbery
SYN-0010192,Burglary-2-layout3,Burglary
INF-0024389,informal-Robbery-6,Robbery
INF-0015265,informal-Assault-0,Assault
SYN-0011982,Vandalism-1-layout1,Vandalism
INF-0047860,informal-Fraud-6,Fraud
INF-0000612,informal-Fraud-4,Fraud
INF-0038490,informal-Burglary-5,Burglary
SYN-0011295,Arson-3-layout2,Arson
SYN-0008211,Assault-2-layout2,Assault
INF-0031764,informal-Fraud-10,Fraud
INF-0002827,informal-Cybercrime-11,Cybercrime
SYN-0006543,Arson-1-layout0,Arson
INF-0046604,informal-Fraud-11,Fraud
INF-0044662,informal-Theft-2,Theft
INF-0024836,informal-Fraud-8,Fraud
INF-0010542,informal-Theft-3,Theft
INF-0046017,informal-Assault-10,Assault
INF-0009674,informal-Burglary-3,Burglary
INF-0047031,informal-Vandalism-10,Vandalism
INF-0039252,informal-Fraud-10,Fraud
SYN-0004380,Fraud-3-layout2,Fraud
INF-0003479,informal-Vandalism-2,Vandalism
INF-0004217,informal-Assault-5,Assault
INF-0014474,informal-Burglary-9,Burglary
INF-0015127,informal-Vandalism-0,Vandalism
INF-0040535,informal-Vandalism-8,Vandalism
SYN-0001029,Cybercrime-0-layout4,Cybercrime
INF-0005195,informal-Cybercrime-1,Cybercrime
SYN-0000580,Fraud-0-layout3,Fraud
SYN-0006403,Assault-0-layout4,Assault
INF-0028395,informal-Cybercrime-3,Cybercrime
SYN-0008029,Cybercrime-3-layout5,Cybercrime
INF-0003058,informal-Burglary-4,Burglary
INF-0015496,informal-Arson-11,Arson
INF-0014157,informal-Robbery-5,Robbery
INF-0039522,informal-Burglary-8,Burglary
SYN-0011857,Robbery-2-layout5,Robbery
SYN-0004772,Fraud-4-layout2,Fraud
INF-0013189,informal-Robbery-10,Robbery
INF-0017457,informal-Assault-4,Assault
INF-0037234,informal-Burglary-10,Burglary
INF-0011957,informal-Robbery-0,Robbery
INF-0001605,informal-Robbery-2,Robbery
INF-0002533,informal-Robbery-10,Robbery
INF-0039963,informal-Cybercrime-9,Cybercrime
INF-0007516,informal-Fraud-3,Fraud
INF-0045022,informal-Theft-11,Theft
SYN-0006750,Vandalism-3-layout3,Vandalism
INF-0043355,informal-Cybercrime-1,Cybercrime
INF-0033302,informal-Theft-4,Theft
INF-0038960,informal-Arson-10,Arson
INF-0032147,informal-Cybercrime-4,Cybercrime
INF-0033201,informal-Assault-10,Assault
INF-0037814,informal-Theft-10,Theft
INF-0047306,informal-Burglary-9,Burglary
INF-0030400,informal-Arson-2,Arson
INF-0046663,informal-Vandalism-0,Vandalism
INF-0040363,informal-Cybercrime-5,Cybercrime
INF-0045222,informal-Theft-0,Theft
INF-0009421,informal-Robbery-7,Robbery
INF-0030132,informal-Fraud-4,Fraud
SYN-0005792,Burglary-4-layout0,Burglary
INF-0012879,informal-Vandalism-7,Vandalism
SYN-0009441,Robbery-4-layout3,Robbery
INF-0043097,informal-Assault-5,Assault
INF-0005531,informal-Cybercrime-7,Cybercrime
INF-0014403,informal-Cybercrime-0,Cybercrime
INF-0002022,informal-Theft-0,Theft
INF-0026835,informal-Cybercrime-6,Cybercrime
SYN-0003720,Burglary-1-layout4,Burglary
INF-0016321,informal-Assault-6,Assault
INF-0006780,informal-Fraud-1,Fraud
INF-0007694,informal-Theft-7,Theft
INF-0045423,informal-Vandalism-7,Vandalism
INF-0003535,informal-Vandalism-9,Vandalism
INF-0010304,informal-Arson-10,Arson
INF-0006389,informal-Robbery-6,Robbery
INF-0002328,informal-Arson-3,Arson
INF-0043569,informal-Assault-10,Assault
INF-0014882,informal-Burglary-6,Burglary
INF-0025697,informal-Assault-8,Assault
INF-0017071,informal-Vandalism-9,Vandalism
INF-0045145,informal-Assault-9,Assault
INF-0035373,informal-Robbery-11,Robbery
INF-0023905,informal-Assault-0,Assault
SYN-0011236,Fraud-4-layout1,Fraud
INF-0043678,informal-Theft-5,Theft
SYN-0005003,Assault-1-layout0,Assault
INF-0013877,informal-Robbery-6,Robbery
INF-0001782,informal-Theft-6,Theft
INF-0043421,informal-Robbery-9,Robbery
INF-0041269,informal-Robbery-10,Robbery
SYN-0006375,Arson-4-layout3,Arson
INF-0018915,informal-Cybercrime-6,Cybercrime
INF-0008123,informal-Cybercrime-7,Cybercrime
INF-0038758,informal-Theft-2,Theft
SYN-0010944,Burglary-0-layout3,Burglary
INF-0013898,informal-Burglary-9,Burglary
SYN-0008525,Cybercrime-1-layout1,Cybercrime
INF-0035358,informal-Theft-9,Theft
INF-0019606,informal-Theft-2,Theft
SYN-0009753,Robbery-3-layout2,Robbery
INF-0020048,informal-Arson-4,Arson
INF-0044280,informal-Arson-9,Arson
INF-0006484,informal-Fraud-0,Fraud
SYN-0010272,Burglary-4-layout4,Burglary
INF-0008298,informal-Burglary-11,Burglary
INF-0006965,informal-Robbery-6,Robbery
INF-0014267,informal-Cybercrime-1,Cybercrime
INF-0033296,informal-Arson-4,Arson
SYN-0000532,Fraud-2-layout2,Fraud
INF-0046121,informal-Assault-5,Assault
INF-0001159,informal-Vandalism-0,Vandalism
INF-0007832,informal-Arson-7,Arson
INF-0035941,informal-Robbery-10,Robbery
INF-0010895,informal-Vandalism-11,Vandalism
INF-0020628,informal-Fraud-4,Fraud
INF-0016473,informal-Assault-7,Assault
INF-0038193,informal-Assault-4,Assault
SYN-0002649,Robbery-3-layout5,Robbery
INF-0020940,informal-Fraud-7,Fraud
INF-0040825,informal-Assault-9,Assault
INF-0010267,informal-Cybercrime-5,Cybercrime
SYN-0008530,Theft-2-layout1,Theft
SYN-0001819,Assault-3-layout4,Assault
INF-0030596,informal-Fraud-8,Fraud
INF-0029456,informal-Arson-10,Arson
INF-0022467,informal-Cybercrime-0,Cybercrime
SYN-0001053,Cybercrime-3-layout4,Cybercrime
INF-0025417,informal-Assault-9,Assault
INF-0018024,informal-Arson-3,Arson
INF-0029037,informal-Robbery-11,Robbery
INF-0027964,informal-Fraud-3,Fraud
INF-0022266,informal-Burglary-11,Burglary
INF-0021383,informal-Vandalism-8,Vandalism
INF-0038224,informal-Arson-8,Arson
INF-0011597,informal-Robbery-9,Robbery
INF-0046810,informal-Burglary-1,Burglary
INF-0024256,informal-Arson-8,Arson
INF-0045702,informal-Theft-6,Theft
SYN-0001929,Robbery-1-layout0,Robbery
SYN-0010332,Fraud-3-layout5,Fraud
SYN-0011782,Vandalism-0-layout4,Vandalism
INF-0019349,informal-Robbery-6,Robbery
INF-0030880,informal-Arson-8,Arson
INF-0039491,informal-Cybercrime-4,Cybercrime
INF-0037788,informal-Fraud-7,Fraud
INF-0034347,informal-Cybercrime-9,Cybercrime
INF-0015484,informal-Fraud-9,Fraud
SYN-0010770,Theft-2-layout0,Theft
INF-0047706,informal-Burglary-5,Burglary
INF-0007124,informal-Fraud-8,Fraud
SYN-0006475,Assault-1-layout5,Assault
INF-0010018,informal-Burglary-10,Burglary
INF-0010107,informal-Cybercrime-3,Cybercrime
SYN-0000523,Assault-1-layout2,Assault
SYN-0000769,Robbery-0-layout0,Robbery
INF-0044660,informal-Fraud-2,Fraud
INF-0040040,informal-Arson-1,Arson
INF-0019060,informal-Fraud-6,Fraud
INF-0009556,informal-Fraud-6,Fraud
INF-0006281,informal-Assault-11,Assault
INF-0000877,informal-Robbery-1,Robbery
INF-0013448,informal-Arson-7,Arson
INF-0036770,informal-Burglary-6,Burglary
INF-0008152,informal-Arson-11,Arson
INF-0018918,informal-Theft-6,Theft
INF-0039041,informal-Assault-2,Assault
INF-0018459,informal-Cybercrime-3,Cybercrime
SYN-0008140,Fraud-1-layout1,Fraud
SYN-0011995,Assault-3-layout1,Assault
SYN-0002051,Assault-0-layout2,Assault
INF-0036189,informal-Robbery-5,Robbery
INF-0003793,informal-Assault-6,Assault
INF-0030402,informal-Burglary-2,Burglary
SYN-0002629,Cybercrime-0-layout5,Cybercrime
INF-0034482,informal-Burglary-8,Burglary
INF-0022806,informal-Theft-6,Theft
INF-0008301,informal-Robbery-11,Robbery
SYN-0011589,Cybercrime-0-layout1,Cybercrime
INF-0046015,informal-Vandalism-9,Vandalism
INF-0036306,informal-Burglary-2,Burglary
INF-0024997,informal-Robbery-10,Robbery
INF-0047903,informal-Vandalism-11,Vandalism
INF-0006778,informal-Burglary-1,Burglary
INF-0027962,informal-Burglary-3,Burglary
INF-0021792,informal-Arson-6,Arson
INF-0029155,informal-Cybercrime-8,Cybercrime
SYN-0009925,Cybercrime-0-layout5,Cybercrime
SYN-0005782,Vandalism-2-layout0,Vandalism
INF-0042059,informal-Cybercrime-1,Cybercrime
INF-0047980,informal-Fraud-3,Fraud
INF-0030393,informal-Assault-1,Assault
INF-0019052,informal-Fraud-5,Fraud
INF-0025098,informal-Burglary-5,Burglary
INF-0019359,informal-Vandalism-7,Vandalism
INF-0018601,informal-Assault-3,Assault
INF-0044255,informal-Vandalism-5,Vandalism
SYN-0001165,Cybercrime-1-layout0,Cybercrime
INF-0025089,informal-Assault-4,Assault
INF-0043789,informal-Robbery-1,Robbery
INF-0019377,informal-Assault-10,Assault
INF-0021252,informal-Fraud-10,Fraud
INF-0005696,informal-Arson-10,Arson
INF-0013714,informal-Burglary-4,Burglary
INF-0027547,informal-Cybercrime-5,Cybercrime
INF-0004381,informal-Robbery-7,Robbery
INF-0045018,informal-Burglary-11,Burglary
INF-0042547,informal-Cybercrime-8,Cybercrime
INF-0029012,informal-Fraud-8,Fraud
INF-0017222,informal-Theft-10,Theft
INF-0042668,informal-Fraud-5,Fraud
INF-0021337,informal-Assault-3,Assault
SYN-0001882,Theft-3-layout5,Theft
SYN-0007894,Vandalism-2-layout3,Vandalism
INF-0029715,informal-Cybercrime-6,Cybercrime
INF-0013868,informal-Fraud-5,Fraud
INF-0020911,informal-Vandalism-3,Vandalism
INF-0009437,informal-Robbery-9,Robbery
SYN-0010894,Vandalism-1-layout2,Vandalism
SYN-0004165,Cybercrime-0-layout5,Cybercrime
INF-0037166,informal-Theft-1,Theft
INF-0028448,informal-Arson-10,Arson
INF-0041946,informal-Burglary-5,Burglary
INF-0040407,informal-Vandalism-10,Vandalism
INF-0001327,informal-Vandalism-3,Vandalism
INF-0046568,informal-Arson-7,Arson
INF-0020917,informal-Robbery-4,Robbery
INF-0003937,informal-Assault-6,Assault
INF-0040683,informal-Cybercrime-9,Cybercrime
INF-0039470,informal-Theft-1,Theft
INF-0006396,informal-Fraud-7,Fraud
SYN-0007618,Theft-0-layout5,Theft
SYN-0003659,Assault-1-layout3,Assault
SYN-0004377,Robbery-3-layout2,Robbery
INF-0022830,informal-Theft-9,Theft
INF-0001458,informal-Burglary-2,Burglary
INF-0044572,informal-Fraud-9,Fraud
SYN-0005893,Cybercrime-0-layout2,Cybercrime
INF-0000872,informal-Arson-1,Arson
INF-0002068,informal-Fraud-6,Fraud
INF-0027393,informal-Assault-4,Assault
INF-0004497,informal-Assault-4,Assault
INF-0015021,informal-Robbery-5,Robbery
INF-0009711,informal-Vandalism-7,Vandalism
INF-0012868,informal-Fraud-6,Fraud
INF-0033410,informal-Burglary-0,Burglary
INF-0039172,informal-Fraud-0,Fraud
INF-0006358,informal-Theft-2,Theft
INF-0025374,informal-Theft-3,Theft
INF-0043831,informal-Vandalism-6,Vandalism
INF-0005115,informal-Cybercrime-9,Cybercrime
INF-0027281,informal-Assault-8,Assault
INF-0002681,informal-Assault-11,Assault
INF-0031020,informal-Fraud-7,Fraud
INF-0023393,informal-Assault-8,Assault
INF-0026798,informal-Theft-1,Theft
INF-0009018,informal-Burglary-11,Burglary
INF-0031143,informal-Vandalism-4,Vandalism
INF-0033297,informal-Assault-4,Assault
INF-0007126,informal-Theft-8,Theft
INF-0019335,informal-Vandalism-4,Vandalism
INF-0006924,informal-Fraud-1,Fraud
SYN-0006105,Robbery-3-layout5,Robbery
SYN-0007305,Robbery-1-layout0,Robbery
SYN-0010202,Theft-3-layout3,Theft
INF-0012267,informal-Cybercrime-3,Cybercrime
SYN-0002581,Cybercrime-2-layout4,Cybercrime
INF-0016143,informal-Vandalism-1,Vandalism
INF-0036292,informal-Fraud-0,Fraud
INF-0017949,informal-Robbery-11,Robbery
INF-0020463,informal-Vandalism-1,Vandalism
INF-0034462,informal-Theft-5,Theft
INF-0005185,informal-Assault-0,Assault
INF-0037596,informal-Fraud-1,Fraud
INF-0017206,informal-Theft-8,Theft
INF-0002248,informal-Arson-11,Arson
INF-0038524,informal-Fraud-9,Fraud
INF-0011599,informal-Vandalism-9,Vandalism
INF-0046749,informal-Robbery-11,Robbery
SYN-0000406,Vandalism-2-layout0,Vandalism
INF-0001307,informal-Cybercrime-1,Cybercrime
INF-0023481,informal-Assault-1,Assault
INF-0027590,informal-Theft-10,Theft
INF-0007122,informal-Burglary-8,Burglary
INF-0043386,informal-Burglary-5,Burglary
SYN-0005569,Robbery-0-layout3,Robbery
SYN-0004364,Fraud-1-layout2,Fraud
INF-0011997,informal-Robbery-5,Robbery
SYN-0011075,Assault-0-layout5,Assault
INF-0003403,informal-Cybercrime-11,Cybercrime
INF-0000764,informal-Fraud-5,Fraud
INF-0014265,informal-Assault-1,Assault
INF-0010095,informal-Vandalism-1,Vandalism
INF-0021814,informal-Theft-8,Theft
INF-0014903,informal-Vandalism-8,Vandalism
INF-0020073,informal-Assault-7,Assault
INF-0017613,informal-Robbery-5,Robbery
INF-0027431,informal-Vandalism-8,Vandalism
INF-0038308,informal-Fraud-0,Fraud
SYN-0000401,Robbery-2-layout0,Robbery
INF-0013394,informal-Burglary-0,Burglary
INF-0001791,informal-Vandalism-7,Vandalism
INF-0005928,informal-Arson-3,Arson
INF-0004475,informal-Cybercrime-1,Cybercrime
INF-0014035,informal-Cybercrime-8,Cybercrime
INF-0014485,informal-Robbery-10,Robbery
INF-0005977,informal-Assault-9,Assault
INF-0000615,informal-Vandalism-4,Vandalism
INF-0025368,informal-Arson-3,Arson
INF-0043813,informal-Robbery-4,Robbery
SYN-0006813,Cybercrime-3-layout4,Cybercrime
INF-0039174,informal-Theft-0,Theft
INF-0033331,informal-Cybercrime-8,Cybercrime
INF-0039067,informal-Cybercrime-5,Cybercrime
INF-0044994,informal-Burglary-8,Burglary
INF-0002605,informal-Robbery-1,Robbery
SYN-0004197,Cybercrime-4-layout5,Cybercrime
INF-0008581,informal-Robbery-10,Robbery
INF-0032626,informal-Burglary-10,Burglary
INF-0041092,informal-Fraud-6,Fraud
INF-0019925,informal-Robbery-6,Robbery
INF-0046707,informal-Cybercrime-6,Cybercrime
INF-0028243,informal-Cybercrime-2,Cybercrime
INF-0020821,informal-Robbery-10,Robbery
INF-0047715,informal-Cybercrime-6,Cybercrime
INF-0021177,informal-Assault-1,Assault
INF-0002107,informal-Cybercrime-11,Cybercrime
INF-0028240,informal-Arson-2,Arson
INF-0026663,informal-Vandalism-2,Vandalism
INF-0044248,informal-Arson-5,Arson
SYN-0000666,Theft-3-layout4,Theft
INF-0041708,informal-Fraud-11,Fraud
INF-0032038,informal-Theft-8,Theft
INF-0014148,informal-Fraud-4,Fraud
INF-0040190,informal-Theft-1,Theft
SYN-0004771,Assault-4-layout2,Assault
INF-0024624,informal-Arson-0,Arson
SYN-0006341,Cybercrime-0-layout3,Cybercrime
INF-0041230,informal-Theft-5,Theft
SYN-0006467,Assault-0-layout5,Assault
INF-0044253,informal-Robbery-5,Robbery
INF-0017769,informal-Assault-7,Assault
INF-0037587,informal-Cybercrime-0,Cybercrime
INF-0026577,informal-Assault-10,Assault
INF-0038950,informal-Theft-8,Theft
SYN-0002757,Cybercrime-0-layout1,Cybercrime
INF-0029395,informal-Cybercrime-2,Cybercrime
INF-0012439,informal-Vandalism-6,Vandalism
INF-0030026,informal-Burglary-9,Burglary
INF-0009980,informal-Fraud-5,Fraud
INF-0010266,informal-Burglary-5,Burglary
SYN-0006886,Vandalism-4-layout5,Vandalism
SYN-0010375,Arson-0-layout0,Arson
INF-0045977,informal-Assault-5,Assault
INF-0028302,informal-Theft-9,Theft
SYN-0006721,Robbery-0-layout3,Robbery
INF-0025227,informal-Cybercrime-3,Cybercrime
INF-0009661,informal-Robbery-1,Robbery
INF-0001080,informal-Arson-9,Arson
INF-0024210,informal-Burglary-2,Burglary
INF-0003027,informal-Cybercrime-0,Cybercrime
INF-0022800,informal-Arson-6,Arson
INF-0043719,informal-Vandalism-10,Vandalism
INF-0000879,informal-Vandalism-1,Vandalism
INF-0027137,informal-Assault-8,Assault
SYN-0008930,Theft-4-layout1,Theft
SYN-0008900,Fraud-0-layout1,Fraud
INF-0022068,informal-Fraud-4,Fraud
INF-0044261,informal-Robbery-6,Robbery
INF-0022271,informal-Vandalism-11,Vandalism
SYN-0008897,Robbery-0-layout1,Robbery
INF-0037009,informal-Assault-0,Assault
INF-0035308,informal-Fraud-3,Fraud
INF-0001604,informal-Fraud-2,Fraud
SYN-0000963,Assault-0-layout3,Assault
SYN-0000577,Robbery-0-layout3,Robbery
INF-0029460,informal-Fraud-10,Fraud
INF-0017791,informal-Vandalism-9,Vandalism
INF-0016868,informal-Fraud-2,Fraud
INF-0002936,informal-Arson-7,Arson
INF-0029755,informal-Cybercrime-11,Cybercrime
INF-0018038,informal-Theft-4,Theft
INF-0002093,informal-Robbery-9,Robbery
INF-0025717,informal-Robbery-10,Robbery
SYN-0000640,Burglary-0-layout4,Burglary
SYN-0004481,Robbery-0-layout4,Robbery
INF-0009389,informal-Robbery-3,Robbery
INF-0033719,informal-Vandalism-2,Vandalism
INF-0046099,informal-Cybercrime-2,Cybercrime
INF-0021029,informal-Robbery-0,Robbery
INF-0037595,informal-Cybercrime-1,Cybercrime
SYN-0008472,Burglary-3-layout0,Burglary
INF-0023055,informal-Vandalism-1,Vandalism
INF-0044648,informal-Arson-1,Arson
INF-0010021,informal-Robbery-10,Robbery
INF-0014473,informal-Assault-9,Assault
INF-0023258,informal-Burglary-9,Burglary
INF-0004517,informal-Robbery-6,Robbery
INF-0018158,informal-Theft-1,Theft
SYN-0002827,Assault-1-layout2,Assault
INF-0025564,informal-Fraud-9,Fraud
SYN-0004249,Robbery-3-layout0,Robbery
INF-0022666,informal-Burglary-7,Burglary
INF-0025718,informal-Theft-10,Theft
INF-0045704,informal-Arson-7,Arson
SYN-0004162,Theft-0-layout5,Theft
INF-0021031,informal-Vandalism-0,Vandalism
INF-0010945,informal-Assault-0,Assault
INF-0035044,informal-Fraud-6,Fraud
INF-0023553,informal-Assault-10,Assault
INF-0027983,informal-Vandalism-5,Vandalism
SYN-0000198,Vandalism-0-layout3,Vandalism
INF-0016479,informal-Vandalism-7,Vandalism
SYN-0005250,Theft-0-layout4,Theft
INF-0041921,informal-Assault-2,Assault
INF-0026718,informal-Theft-9,Theft
SYN-0000522,Theft-1-layout2,Theft
INF-0005398,informal-Theft-8,Theft
INF-0007518,informal-Theft-3,Theft
INF-0025104,informal-Arson-6,Arson
SYN-0002063,Arson-1-layout2,Arson
INF-0014569,informal-Assault-3,Assault
INF-0012588,informal-Fraud-7,Fraud
INF-0007848,informal-Arson-9,Arson
SYN-0001111,Arson-2-layout5,Arson
INF-0003817,informal-Assault-9,Assault
INF-0008867,informal-Cybercrime-10,Cybercrime
INF-0011861,informal-Robbery-6,Robbery
INF-0035453,informal-Robbery-3,Robbery
SYN-0002194,Theft-2-layout4,Theft
INF-0014407,informal-Vandalism-0,Vandalism
INF-0030135,informal-Vandalism-4,Vandalism
INF-0028264,informal-Arson-5,Arson
SYN-0005522,Theft-2-layout2,Theft
SYN-0005155,Assault-4-layout2,Assault
SYN-0003840,Burglary-0-layout0,Burglary
SYN-0009829,Cybercrime-4-layout3,Cybercrime
INF-0038754,informal-Burglary-2,Burglary
INF-0035209,informal-Assault-9,Assault
INF-0040195,informal-Cybercrime-2,Cybercrime
INF-0023392,informal-Arson-8,Arson
INF-0033200,informal-Arson-10,Arson
INF-0040532,informal-Fraud-8,Fraud
SYN-0003219,Assault-2-layout2,Assault
INF-0047104,informal-Arson-2,Arson
INF-0006205,informal-Robbery-1,Robbery
INF-0007414,informal-Theft-8,Theft
INF-0013392,informal-Arson-0,Arson
INF-0016751,informal-Vandalism-5,Vandalism
INF-0013285,informal-Robbery-4,Robbery
INF-0003769,informal-Assault-3,Assault
INF-0020678,informal-Theft-10,Theft
INF-0042276,informal-Fraud-10,Fraud
INF-0001606,informal-Theft-2,Theft
INF-0029257,informal-Assault-3,Assault
INF-0035042,informal-Burglary-6,Burglary
INF-0031840,informal-Arson-2,Arson
SYN-0001314,Theft-4-layout2,Theft
INF-0007794,informal-Burglary-2,Burglary
SYN-0004381,Cybercrime-3-layout2,Cybercrime
INF-0047704,informal-Arson-5,Arson
INF-0024242,informal-Burglary-6,Burglary
INF-0028719,informal-Vandalism-7,Vandalism
INF-0026271,informal-Vandalism-7,Vandalism
INF-0032982,informal-Theft-0,Theft
SYN-0011798,Vandalism-2-layout4,Vandalism
INF-0010105,informal-Assault-3,Assault
SYN-0011073,Robbery-0-layout5,Robbery
INF-0015481,informal-Assault-9,Assault
INF-0020759,informal-Vandalism-2,Vandalism
INF-0042093,informal-Robbery-5,Robbery
INF-0025110,informal-Theft-6,Theft
INF-0003646,informal-Theft-5,Theft
INF-0001008,informal-Arson-0,Arson
INF-0042371,informal-Cybercrime-4,Cybercrime
INF-0012859,informal-Cybercrime-5,Cybercrime
SYN-0007117,Cybercrime-1-layout3,Cybercrime
INF-0022514,informal-Burglary-6,Burglary
INF-0028963,informal-Cybercrime-2,Cybercrime
INF-0038081,informal-Assault-8,Assault
INF-0003342,informal-Theft-3,Theft
INF-0015629,informal-Robbery-9,Robbery
INF-0017784,informal-Arson-9,Arson
SYN-0000211,Assault-2-layout3,Assault
INF-0016920,informal-Arson-9,Arson
INF-0014290,informal-Burglary-4,Burglary
INF-0010670,informal-Theft-1,Theft
SYN-0009028,Fraud-0-layout3,Fraud
INF-0032271,informal-Vandalism-1,Vandalism
INF-0033898,informal-Burglary-7,Burglary
INF-0021964,informal-Fraud-9,Fraud
INF-0001239,informal-Vandalism-10,Vandalism
INF-0042861,informal-Robbery-11,Robbery
INF-0016132,informal-Fraud-0,Fraud
INF-0038526,informal-Theft-9,Theft
SYN-0010887,Arson-0-layout2,Arson
INF-0025400,informal-Arson-7,Arson
INF-0041678,informal-Theft-7,Theft
INF-0001644,informal-Fraud-7,Fraud
SYN-0007113,Robbery-1-layout3,Robbery
INF-0026265,informal-Assault-7,Assault
INF-0027982,informal-Theft-5,Theft
INF-0039316,informal-Fraud-0,Fraud
SYN-0004489,Robbery-1-layout4,Robbery
INF-0031856,informal-Arson-4,Arson
INF-0015038,informal-Theft-7,Theft
INF-0011521,informal-Assault-0,Assault
INF-0047111,informal-Vandalism-2,Vandalism
INF-0046588,informal-Fraud-9,Fraud
INF-0042142,informal-Theft-11,Theft
INF-0016310,informal-Theft-4,Theft
INF-0045968,informal-Arson-4,Arson
INF-0025091,informal-Cybercrime-4,Cybercrime
INF-0003499,informal-Cybercrime-5,Cybercrime
INF-0011705,informal-Assault-5,Assault
INF-0025367,informal-Vandalism-2,Vandalism
INF-0023908,informal-Fraud-0,Fraud
INF-0034762,informal-Burglary-7,Burglary
INF-0005935,informal-Vandalism-3,Vandalism
INF-0045937,informal-Assault-0,Assault
INF-0018773,informal-Robbery-6,Robbery
INF-0044659,informal-Cybercrime-2,Cybercrime
INF-0044707,informal-Cybercrime-8,Cybercrime
INF-0032024,informal-Arson-7,Arson
SYN-0000022,Vandalism-2-layout0,Vandalism
INF-0015444,informal-Fraud-4,Fraud
INF-0016750,informal-Theft-5,Theft
INF-0020255,informal-Vandalism-11,Vandalism
SYN-0008733,Cybercrime-3-layout4,Cybercrime
INF-0013420,informal-Fraud-3,Fraud
SYN-0002256,Burglary-2-layout5,Burglary
SYN-0005125,Cybercrime-0-layout2,Cybercrime
INF-0034066,informal-Burglary-10,Burglary
INF-0006423,informal-Vandalism-10,Vandalism
INF-0002309,informal-Robbery-0,Robbery
INF-0040334,informal-Theft-1,Theft
INF-0022324,informal-Fraud-0,Fraud
INF-0045376,informal-Arson-2,Arson
INF-0003938,informal-Burglary-6,Burglary
INF-0026995,informal-Cybercrime-8,Cybercrime
INF-0004479,informal-Vandalism-1,Vandalism
SYN-0010886,Vandalism-0-layout2,Vandalism
INF-0040412,informal-Fraud-11,Fraud
INF-0011895,informal-Vandalism-10,Vandalism
INF-0003468,informal-Fraud-1,Fraud
INF-0032437,informal-Robbery-4,Robbery
SYN-0001883,Assault-3-layout5,Assault
INF-0004945,informal-Assault-6,Assault
INF-0018013,informal-Robbery-1,Robbery
SYN-0008007,Arson-0-layout5,Arson
INF-0038967,informal-Vandalism-10,Vandalism
INF-0046665,informal-Assault-1,Assault
INF-0005642,informal-Burglary-3,Burglary
INF-0019924,informal-Fraud-6,Fraud
INF-0028168,informal-Arson-11,Arson
INF-0024199,informal-Vandalism-0,Vandalism
INF-0045818,informal-Burglary-3,Burglary
INF-0033558,informal-Theft-0,Theft
INF-0018308,informal-Fraud-2,Fraud
INF-0043648,informal-Arson-2,Arson
SYN-0004940,Fraud-1-layout5,Fraud
INF-0017085,informal-Robbery-11,Robbery
INF-0043434,informal-Burglary-11,Burglary
INF-0039071,informal-Vandalism-5,Vandalism
INF-0014778,informal-Burglary-11,Burglary
INF-0021811,informal-Cybercrime-8,Cybercrime
INF-0006702,informal-Theft-9,Theft
INF-0010950,informal-Theft-0,Theft
INF-0004801,informal-Assault-6,Assault
INF-0004956,informal-Fraud-7,Fraud
INF-0031341,informal-Robbery-11,Robbery
SYN-0011417,Robbery-3-layout4,Robbery
INF-0033704,informal-Arson-1,Arson
INF-0025231,informal-Vandalism-3,Vandalism
INF-0044246,informal-Theft-4,Theft
INF-0027423,informal-Vandalism-7,Vandalism
INF-0003467,informal-Cybercrime-1,Cybercrime
INF-0026708,informal-Fraud-8,Fraud
INF-0019331,informal-Cybercrime-4,Cybercrime
SYN-0010663,Arson-4-layout4,Arson
INF-0029551,informal-Vandalism-3,Vandalism
INF-0010699,informal-Cybercrime-5,Cybercrime
SYN-0009693,Cybercrime-3-layout1,Cybercrime
INF-0009946,informal-Burglary-1,Burglary
INF-0033301,informal-Robbery-4,Robbery
INF-0031257,informal-Assault-1,Assault
INF-0020627,informal-Cybercrime-4,Cybercrime
INF-0025209,informal-Assault-1,Assault
INF-0042795,informal-Cybercrime-3,Cybercrime
INF-0015485,informal-Robbery-9,Robbery
INF-0001233,informal-Assault-10,Assault
INF-0028170,informal-Burglary-11,Burglary
INF-0038226,informal-Burglary-8,Burglary
INF-0021954,informal-Burglary-8,Burglary
INF-0005112,informal-Arson-9,Arson
INF-0003900,informal-Fraud-1,Fraud
SYN-0009031,Arson-0-layout3,Arson
INF-0003496,informal-Arson-5,Arson
INF-0030243,informal-Cybercrime-0,Cybercrime
INF-0020909,informal-Robbery-3,Robbery
INF-0044119,informal-Vandalism-6,Vandalism
SYN-0005007,Arson-1-layout0,Arson
SYN-0008141,Cybercrime-1-layout1,Cybercrime
INF-0002359,informal-Vandalism-6,Vandalism
INF-0046657,informal-Assault-0,Assault
INF-0040357,informal-Robbery-4,Robbery
INF-0038523,informal-Cybercrime-9,Cybercrime
INF-0031001,informal-Assault-5,Assault
INF-0038813,informal-Robbery-9,Robbery
INF-0005338,informal-Burglary-1,Burglary
INF-0045974,informal-Theft-4,Theft
INF-0034012,informal-Fraud-3,Fraud
SYN-0010471,Arson-4-layout1,Arson
INF-0032481,informal-Assault-10,Assault
INF-0030620,informal-Fraud-11,Fraud
INF-0041064,informal-Arson-3,Arson
SYN-0003549,Cybercrime-3-layout1,Cybercrime
INF-0031187,informal-Cybercrime-10,Cybercrime
INF-0033718,informal-Theft-2,Theft
INF-0029398,informal-Theft-2,Theft
INF-0014144,informal-Arson-4,Arson
INF-0022186,informal-Burglary-1,Burglary
INF-0018799,informal-Vandalism-9,Vandalism
INF-0005921,informal-Assault-2,Assault
INF-0021967,informal-Vandalism-9,Vandalism
SYN-0001765,Cybercrime-4-layout3,Cybercrime
SYN-0007566,Vandalism-1-layout4,Vandalism
SYN-0007813,Cybercrime-0-layout2,Cybercrime
INF-0001875,informal-Cybercrime-0,Cybercrime
INF-0004518,informal-Theft-6,Theft
INF-0036053,informal-Robbery-6,Robbery
INF-0002393,informal-Assault-11,Assault
INF-0042139,informal-Cybercrime-11,Cybercrime
SYN-0005123,Assault-0-layout2,Assault
INF-0004243,informal-Cybercrime-8,Cybercrime
SYN-0010017,Robbery-4-layout0,Robbery
INF-0041918,informal-Theft-1,Theft
INF-0008932,informal-Fraud-0,Fraud
INF-0030009,informal-Assault-7,Assault
INF-0036050,informal-Burglary-6,Burglary
INF-0008987,informal-Cybercrime-7,Cybercrime
SYN-0002372,Fraud-0-layout1,Fraud
INF-0036919,informal-Vandalism-6,Vandalism
INF-0039516,informal-Fraud-7,Fraud
INF-0036380,informal-Fraud-11,Fraud
INF-0047606,informal-Theft-10,Theft
SYN-0008901,Cybercrime-0-layout1,Cybercrime
INF-0000201,informal-Assault-7,Assault
INF-0024196,informal-Fraud-0,Fraud
INF-0006380,informal-Fraud-5,Fraud
INF-0031538,informal-Burglary-0,Burglary
SYN-0010629,Cybercrime-0-layout4,Cybercrime
INF-0021028,informal-Fraud-0,Fraud
SYN-0005143,Arson-2-layout2,Arson
INF-0016322,informal-Burglary-6,Burglary
SYN-0010389,Cybercrime-2-layout0,Cybercrime
INF-0024838,informal-Theft-8,Theft
INF-0002751,informal-Vandalism-1,Vandalism
INF-0014897,informal-Assault-8,Assault
INF-0028146,informal-Burglary-8,Burglary
INF-0024974,informal-Theft-7,Theft
INF-0010720,informal-Arson-8,Arson
SYN-0006228,Fraud-2-layout1,Fraud
INF-0017742,informal-Theft-3,Theft
INF-0018364,informal-Fraud-9,Fraud
INF-0041401,informal-Assault-9,Assault
INF-0017745,informal-Assault-4,Assault
INF-0008130,informal-Burglary-8,Burglary
INF-0033334,informal-Theft-8,Theft
INF-0035185,informal-Assault-6,Assault
INF-0012552,informal-Arson-3,Arson
INF-0014000,informal-Arson-4,Arson
INF-0023557,informal-Robbery-10,Robbery
INF-0009660,informal-Fraud-1,Fraud
INF-0042853,informal-Robbery-10,Robbery
INF-0042228,informal-Fraud-4,Fraud
INF-0045817,informal-Assault-3,Assault
SYN-0005272,Burglary-3-layout4,Burglary
INF-0023261,informal-Robbery-9,Robbery
INF-0004913,informal-Assault-2,Assault
INF-0018438,informal-Theft-0,Theft
INF-0031407,informal-Vandalism-1,Vandalism
INF-0003040,informal-Arson-2,Arson
SYN-0000971,Assault-1-layout3,Assault
INF-0018165,informal-Robbery-2,Robbery
INF-0014004,informal-Fraud-4,Fraud
INF-0015920,informal-Arson-10,Arson
INF-0024265,informal-Assault-9,Assault
INF-0009143,informal-Vandalism-8,Vandalism
SYN-0000644,Fraud-0-layout4,Fraud
SYN-0000974,Vandalism-1-layout3,Vandalism
INF-0005198,informal-Theft-1,Theft
INF-0023259,informal-Cybercrime-9,Cybercrime
INF-0030392,informal-Arson-1,Arson
INF-0043377,informal-Assault-4,Assault
INF-0030622,informal-Theft-11,Theft
INF-0003831,informal-Vandalism-10,Vandalism
INF-0022670,informal-Theft-7,Theft
INF-0025977,informal-Assault-7,Assault
INF-0003117,informal-Robbery-11,Robbery
SYN-0011100,Fraud-3-layout5,Fraud
INF-0022760,informal-Arson-1,Arson
SYN-0007168,Burglary-0-layout4,Burglary
INF-0044436,informal-Fraud-10,Fraud
INF-0025388,informal-Fraud-5,Fraud
INF-0035368,informal-Arson-11,Arson
SYN-0007808,Burglary-0-layout2,Burglary
INF-0014018,informal-Burglary-6,Burglary
INF-0022481,informal-Assault-2,Assault
INF-0045286,informal-Theft-8,Theft
SYN-0002752,Burglary-0-layout1,Burglary
INF-0038051,informal-Cybercrime-4,Cybercrime
INF-0022517,informal-Robbery-6,Robbery
INF-0004374,informal-Theft-6,Theft
INF-0021753,informal-Assault-1,Assault
INF-0014022,informal-Theft-6,Theft
INF-0010860,informal-Fraud-7,Fraud
SYN-0001936,Burglary-2-layout0,Burglary
INF-0047967,informal-Vandalism-1,Vandalism
INF-0003393,informal-Assault-10,Assault
INF-0039068,informal-Fraud-5,Fraud
INF-0018463,informal-Vandalism-3,Vandalism
INF-0035000,informal-Arson-1,Arson
INF-0031185,informal-Assault-10,Assault
INF-0015921,informal-Assault-10,Assault
INF-0004936,informal-Arson-5,Arson
INF-0014628,informal-Fraud-10,Fraud
INF-0046965,informal-Robbery-2,Robbery
INF-0021462,informal-Theft-0,Theft
INF-0037898,informal-Burglary-3,Burglary
INF-0034191,informal-Vandalism-7,Vandalism
SYN-0008527,Arson-1-layout1,Arson
INF-0024975,informal-Vandalism-7,Vandalism
INF-0012821,informal-Robbery-0,Robbery
INF-0009962,informal-Burglary-3,Burglary
INF-0004326,informal-Theft-0,Theft
INF-0004954,informal-Burglary-7,Burglary
INF-0047239,informal-Vandalism-0,Vandalism
INF-0045387,informal-Cybercrime-3,Cybercrime
INF-0000066,informal-Burglary-8,Burglary
INF-0003477,informal-Robbery-2,Robbery
INF-0042671,informal-Vandalism-5,Vandalism
INF-0021211,informal-Cybercrime-5,Cybercrime
INF-0031171,informal-Cybercrime-8,Cybercrime
INF-0046585,informal-Assault-9,Assault
INF-0004898,informal-Burglary-0,Burglary
INF-0024240,informal-Arson-6,Arson
SYN-0005153,Robbery-4-layout2,Robbery
SYN-0005248,Burglary-0-layout4,Burglary
INF-0022543,informal-Vandalism-9,Vandalism
SYN-0009754,Theft-3-layout2,Theft
INF-0029558,informal-Theft-4,Theft
INF-0040696,informal-Arson-11,Arson
INF-0005810,informal-Burglary-6,Burglary
INF-0041081,informal-Assault-5,Assault
INF-0028835,informal-Cybercrime-4,Cybercrime
INF-0038170,informal-Burglary-1,Burglary
INF-0008984,informal-Arson-7,Arson
INF-0030168,informal-Arson-9,Arson
INF-0038465,informal-Assault-2,Assault
INF-0013478,informal-Theft-10,Theft
INF-0013284,informal-Fraud-4,Fraud
INF-0021051,informal-Cybercrime-3,Cybercrime
INF-0013908,informal-Fraud-10,Fraud
INF-0035777,informal-Assault-8,Assault
SYN-0006340,Fraud-0-layout3,Fraud
INF-0009420,informal-Fraud-7,Fraud
INF-0031544,informal-Arson-1,Arson
INF-0012282,informal-Burglary-5,Burglary
INF-0003042,informal-Burglary-2,Burglary
INF-0004375,informal-Vandalism-6,Vandalism
INF-0030242,informal-Burglary-0,Burglary
SYN-0002900,Fraud-2-layout3,Fraud
INF-0000350,informal-Theft-7,Theft
INF-0022475,informal-Cybercrime-1,Cybercrime
INF-0008269,informal-Robbery-7,Robbery
INF-0046154,informal-Burglary-9,Burglary
SYN-0006428,Fraud-3-layout4,Fraud
SYN-0001934,Vandalism-1-layout0,Vandalism
INF-0005814,informal-Theft-6,Theft
INF-0030171,informal-Cybercrime-9,Cybercrime
SYN-0008091,Assault-3-layout0,Assault
INF-0013772,informal-Fraud-11,Fraud
INF-0047828,informal-Fraud-2,Fraud
INF-0021752,informal-Arson-1,Arson
INF-0028246,informal-Theft-2,Theft
INF-0041949,informal-Robbery-5,Robbery
SYN-0010246,Vandalism-0-layout4,Vandalism
INF-0014195,informal-Cybercrime-10,Cybercrime
SYN-0010560,Burglary-0-layout3,Burglary
INF-0024051,informal-Cybercrime-0,Cybercrime
INF-0033433,informal-Assault-3,Assault
INF-0022189,informal-Robbery-1,Robbery
INF-0042850,informal-Burglary-10,Burglary
SYN-0009500,Fraud-3-layout4,Fraud
INF-0047308,informal-Fraud-9,Fraud
SYN-0010659,Assault-4-layout4,Assault
INF-0013597,informal-Robbery-7,Robbery
INF-0045447,informal-Vandalism-10,Vandalism
INF-0022828,informal-Fraud-9,Fraud
INF-0038030,informal-Theft-1,Theft
INF-0016710,informal-Theft-0,Theft
INF-0010734,informal-Theft-9,Theft
INF-0017739,informal-Cybercrime-3,Cybercrime
SYN-0007892,Fraud-2-layout3,Fraud
INF-0045564,informal-Fraud-7,Fraud
INF-0006064,informal-Arson-2,Arson
INF-0031540,informal-Fraud-0,Fraud
INF-0019888,informal-Arson-2,Arson
SYN-0002058,Theft-1-layout2,Theft
INF-0031449,informal-Assault-7,Assault
SYN-0011863,Arson-2-layout5,Arson
INF-0019073,informal-Assault-8,Assault
INF-0032880,informal-Arson-6,Arson
INF-0009280,informal-Arson-8,Arson
INF-0012458,informal-Burglary-9,Burglary
SYN-0006085,Cybercrime-0-layout5,Cybercrime
INF-0022476,informal-Fraud-1,Fraud
INF-0005811,informal-Cybercrime-6,Cybercrime
SYN-0000193,Robbery-0-layout3,Robbery
INF-0011994,informal-Burglary-5,Burglary
SYN-0005667,Assault-4-layout4,Assault
INF-0031452,informal-Fraud-7,Fraud
SYN-0002849,Robbery-4-layout2,Robbery
INF-0015121,informal-Assault-0,Assault
INF-0047745,informal-Assault-10,Assault
INF-0014328,informal-Arson-9,Arson
INF-0032575,informal-Vandalism-3,Vandalism
INF-0018157,informal-Robbery-1,Robbery
SYN-0002783,Arson-3-layout1,Arson
INF-0010722,informal-Burglary-8,Burglary
INF-0013879,informal-Vandalism-6,Vandalism
INF-0012548,informal-Fraud-2,Fraud
SYN-0007235,Assault-0-layout5,Assault
INF-0003678,informal-Theft-9,Theft
INF-0002817,informal-Assault-10,Assault
INF-0030478,informal-Theft-11,Theft
INF-0035190,informal-Theft-6,Theft
INF-0016444,informal-Fraud-3,Fraud
INF-0012594,informal-Burglary-8,Burglary
INF-0028989,informal-Robbery-5,Robbery
INF-0010110,informal-Theft-3,Theft
INF-0027165,informal-Robbery-11,Robbery
INF-0034621,informal-Robbery-7,Robbery
INF-0012871,informal-Vandalism-6,Vandalism
INF-0004947,informal-Cybercrime-6,Cybercrime
INF-0010258,informal-Burglary-4,Burglary
INF-0025547,informal-Cybercrime-7,Cybercrime
INF-0029897,informal-Assault-11,Assault
INF-0027292,informal-Fraud-9,Fraud
INF-0032294,informal-Theft-4,Theft
INF-0045940,informal-Fraud-0,Fraud
INF-0042848,informal-Arson-10,Arson
SYN-0003866,Theft-3-layout0,Theft
SYN-0010696,Burglary-1-layout5,Burglary
INF-0044973,informal-Robbery-5,Robbery
INF-0029262,informal-Theft-3,Theft
SYN-0005013,Cybercrime-2-layout0,Cybercrime
INF-0009705,informal-Assault-7,Assault
INF-0045381,informal-Robbery-2,Robbery
SYN-0003726,Vandalism-1-layout4,Vandalism
SYN-0010496,Burglary-0-layout2,Burglary
INF-0046090,informal-Burglary-1,Burglary
SYN-0004578,Theft-4-layout5,Theft
SYN-0003290,Theft-3-layout3,Theft
INF-0017786,informal-Burglary-9,Burglary
INF-0007395,informal-Cybercrime-6,Cybercrime
INF-0007820,informal-Fraud-5,Fraud
SYN-0011680,Burglary-4-layout2,Burglary
INF-0028840,informal-Arson-5,Arson
INF-0013196,informal-Fraud-11,Fraud
INF-0016916,informal-Fraud-8,Fraud
INF-0022480,informal-Arson-2,Arson
INF-0033768,informal-Arson-9,Arson
SYN-0011557,Cybercrime-4-layout0,Cybercrime
INF-0023050,informal-Burglary-1,Burglary
SYN-0004939,Assault-1-layout5,Assault
INF-0035427,informal-Cybercrime-0,Cybercrime
INF-0046428,informal-Fraud-7,Fraud
INF-0002187,informal-Cybercrime-3,Cybercrime
INF-0016317,informal-Robbery-5,Robbery
INF-0010088,informal-Arson-1,Arson
INF-0032044,informal-Fraud-9,Fraud
INF-0024237,informal-Robbery-5,Robbery
INF-0005186,informal-Burglary-0,Burglary
INF-0038198,informal-Theft-4,Theft
INF-0015850,informal-Burglary-1,Burglary
INF-0045402,informal-Burglary-5,Burglary
INF-0012438,informal-Theft-6,Theft
INF-0036521,informal-Assault-11,Assault
INF-0020254,informal-Theft-11,Theft
INF-0021952,informal-Arson-8,Arson
INF-0006696,informal-Arson-9,Arson
INF-0037614,informal-Theft-3,Theft
INF-0047712,informal-Arson-6,Arson
INF-0005844,informal-Fraud-10,Fraud
SYN-0003547,Assault-3-layout1,Assault
INF-0025287,informal-Vandalism-10,Vandalism
INF-0022840,informal-Arson-11,Arson
INF-0040773,informal-Robbery-2,Robbery
INF-0031343,informal-Vandalism-11,Vandalism
INF-0040640,informal-Arson-4,Arson
INF-0006379,informal-Cybercrime-5,Cybercrime
INF-0024212,informal-Fraud-2,Fraud
INF-0026820,informal-Fraud-4,Fraud
INF-0023546,informal-Burglary-9,Burglary
INF-0042514,informal-Burglary-4,Burglary
INF-0036219,informal-Cybercrime-9,Cybercrime
INF-0018039,informal-Vandalism-4,Vandalism
INF-0013768,informal-Arson-11,Arson
INF-0015859,informal-Cybercrime-2,Cybercrime
INF-0047735,informal-Vandalism-8,Vandalism
SYN-0007687,Arson-0-layout0,Arson
SYN-0011272,Burglary-1-layout2,Burglary
INF-0030617,informal-Assault-11,Assault
INF-0020738,informal-Burglary-0,Burglary
INF-0031762,informal-Burglary-10,Burglary
SYN-0002850,Theft-4-layout2,Theft
INF-0041200,informal-Arson-2,Arson
INF-0007504,informal-Arson-2,Arson
INF-0039627,informal-Cybercrime-3,Cybercrime
INF-0032256,informal-Arson-0,Arson
SYN-0007514,Theft-3-layout3,Theft
INF-0023054,informal-Theft-1,Theft
INF-0046396,informal-Fraud-3,Fraud
INF-0040549,informal-Robbery-10,Robbery
INF-0035780,informal-Fraud-8,Fraud
INF-0042572,informal-Fraud-11,Fraud
INF-0007372,informal-Fraud-3,Fraud
INF-0032881,informal-Assault-6,Assault
SYN-0007396,Fraud-4-layout1,Fraud
SYN-0009497,Robbery-3-layout4,Robbery
INF-0013876,informal-Fraud-6,Fraud
INF-0002398,informal-Theft-11,Theft
INF-0043808,informal-Arson-4,Arson
INF-0036522,informal-Burglary-11,Burglary
INF-0045697,informal-Assault-6,Assault
INF-0018457,informal-Assault-3,Assault
INF-0040366,informal-Theft-5,Theft
INF-0013199,informal-Vandalism-11,Vandalism
SYN-0008790,Vandalism-2-layout5,Vandalism
INF-0031403,informal-Cybercrime-1,Cybercrime
INF-0000304,informal-Arson-2,Arson
INF-0033552,informal-Arson-0,Arson
INF-0038026,informal-Burglary-1,Burglary
INF-0040352,informal-Arson-4,Arson
INF-0020361,informal-Assault-7,Assault
INF-0001188,informal-Fraud-4,Fraud
INF-0046564,informal-Fraud-6,Fraud
SYN-0002854,Vandalism-4-layout2,Vandalism
INF-0028433,informal-Assault-8,Assault
INF-0006211,informal-Cybercrime-2,Cybercrime
INF-0035605,informal-Robbery-4,Robbery
INF-0036774,informal-Theft-6,Theft
INF-0034187,informal-Cybercrime-7,Cybercrime
INF-0003486,informal-Theft-3,Theft
SYN-0004576,Burglary-4-layout5,Burglary
SYN-0007763,Assault-2-layout1,Assault
INF-0029309,informal-Robbery-9,Robbery
INF-0005925,informal-Robbery-2,Robbery
INF-0005944,informal-Arson-5,Arson
SYN-0010206,Vandalism-3-layout3,Vandalism
SYN-0002199,Arson-2-layout4,Arson
INF-0004225,informal-Assault-6,Assault
INF-0047236,informal-Fraud-0,Fraud
INF-0035320,informal-Arson-5,Arson
INF-0005482,informal-Burglary-1,Burglary
INF-0025698,informal-Burglary-8,Burglary
INF-0042091,informal-Cybercrime-5,Cybercrime
INF-0042665,informal-Assault-5,Assault
INF-0003029,informal-Robbery-0,Robbery
SYN-0009306,Theft-3-layout1,Theft
INF-0009657,informal-Assault-1,Assault
SYN-0006227,Assault-2-layout1,Assault
INF-0018650,informal-Burglary-9,Burglary
SYN-0002977,Robbery-4-layout4,Robbery
SYN-0002080,Burglary-4-layout2,Burglary
INF-0039759,informal-Vandalism-1,Vandalism
INF-0028408,informal-Arson-5,Arson
SYN-0004563,Assault-2-layout5,Assault
SYN-0008072,Burglary-1-layout0,Burglary
INF-0025957,informal-Robbery-4,Robbery
INF-0046311,informal-Vandalism-10,Vandalism
SYN-0005008,Burglary-2-layout0,Burglary
INF-0015035,informal-Cybercrime-7,Cybercrime
INF-0037235,informal-Cybercrime-10,Cybercrime
INF-0031032,informal-Arson-9,Arson
INF-0033447,informal-Vandalism-4,Vandalism
INF-0042774,informal-Theft-0,Theft
INF-0007564,informal-Fraud-9,Fraud
INF-0014196,informal-Fraud-10,Fraud
INF-0007069,informal-Robbery-1,Robbery
INF-0015752,informal-Arson-7,Arson
INF-0009130,informal-Burglary-7,Burglary
SYN-0002053,Cybercrime-0-layout2,Cybercrime
INF-0012465,informal-Assault-10,Assault
INF-0030257,informal-Assault-2,Assault
INF-0006651,informal-Cybercrime-3,Cybercrime
INF-0027367,informal-Vandalism-0,Vandalism
INF-0033055,informal-Vandalism-9,Vandalism
INF-0034287,informal-Vandalism-1,Vandalism
INF-0027162,informal-Burglary-11,Burglary
INF-0045146,informal-Burglary-9,Burglary
INF-0013283,informal-Cybercrime-4,Cybercrime
INF-0006997,informal-Robbery-10,Robbery
INF-0035174,informal-Theft-4,Theft
INF-0028532,informal-Fraud-2,Fraud
INF-0020394,informal-Burglary-11,Burglary
INF-0043387,informal-Cybercrime-5,Cybercrime
INF-0013548,informal-Fraud-1,Fraud
INF-0007510,informal-Theft-2,Theft
INF-0039518,informal-Theft-7,Theft
INF-0029738,informal-Burglary-9,Burglary
INF-0020072,informal-Arson-7,Arson
INF-0026002,informal-Burglary-10,Burglary
INF-0025366,informal-Theft-2,Theft
INF-0008686,informal-Theft-5,Theft
INF-0045561,informal-Assault-7,Assault
INF-0031050,informal-Burglary-11,Burglary
INF-0019447,informal-Vandalism-0,Vandalism
SYN-0006338,Theft-0-layout3,Theft
INF-0017463,informal-Vandalism-4,Vandalism
INF-0020385,informal-Assault-10,Assault
INF-0047964,informal-Fraud-1,Fraud
INF-0035321,informal-Assault-5,Assault
INF-0003392,informal-Arson-10,Arson
INF-0021947,informal-Cybercrime-7,Cybercrime
INF-0014402,informal-Burglary-0,Burglary
INF-0045237,informal-Robbery-2,Robbery
INF-0030552,informal-Arson-3,Arson
SYN-0008599,Arson-2-layout2,Arson
INF-0019186,informal-Burglary-4,Burglary
SYN-0008607,Arson-3-layout2,Arson
INF-0010558,informal-Theft-5,Theft
SYN-0004053,Cybercrime-2-layout3,Cybercrime
INF-0002942,informal-Theft-7,Theft
INF-0009802,informal-Burglary-1,Burglary
INF-0014609,informal-Assault-8,Assault
INF-0003763,informal-Cybercrime-2,Cybercrime
SYN-0003419,Assault-3-layout5,Assault
SYN-0010945,Robbery-0-layout3,Robbery
INF-0045526,informal-Theft-2,Theft
INF-0019046,informal-Theft-4,Theft
INF-0024837,informal-Robbery-8,Robbery
SYN-0002909,Cybercrime-3-layout3,Cybercrime
INF-0017313,informal-Assault-4,Assault
INF-0037586,informal-Burglary-0,Burglary
INF-0005063,informal-Vandalism-2,Vandalism
INF-0013402,informal-Burglary-1,Burglary
INF-0003475,informal-Cybercrime-2,Cybercrime
INF-0019603,informal-Cybercrime-2,Cybercrime
INF-0028836,informal-Fraud-4,Fraud
SYN-0010788,Fraud-4-layout0,Fraud
INF-0045404,informal-Fraud-5,Fraud
INF-0027397,informal-Robbery-4,Robbery
INF-0019518,informal-Theft-9,Theft
SYN-0003222,Vandalism-2-layout2,Vandalism
INF-0043836,informal-Fraud-7,Fraud
SYN-0008849,Robbery-2-layout0,Robbery
INF-0002603,informal-Cybercrime-1,Cybercrime
INF-0008646,informal-Theft-0,Theft
INF-0006060,informal-Fraud-1,Fraud
INF-0020366,informal-Theft-7,Theft
SYN-0003725,Cybercrime-1-layout4,Cybercrime
INF-0002354,informal-Burglary-6,Burglary
SYN-0002628,Fraud-0-layout5,Fraud
INF-0035350,informal-Theft-8,Theft
INF-0029587,informal-Cybercrime-8,Cybercrime
INF-0002192,informal-Arson-4,Arson
INF-0004896,informal-Arson-0,Arson
INF-0015502,informal-Theft-11,Theft
INF-0023985,informal-Assault-10,Assault
INF-0010101,informal-Robbery-2,Robbery
INF-0005619,informal-Cybercrime-0,Cybercrime
INF-0019812,informal-Fraud-10,Fraud
INF-0006057,informal-Assault-1,Assault
INF-0037346,informal-Burglary-6,Burglary
INF-0001610,informal-Burglary-3,Burglary
INF-0008985,informal-Assault-7,Assault
SYN-0003335,Arson-0-layout4,Arson
INF-0045379,informal-Cybercrime-2,Cybercrime
SYN-0008523,Assault-1-layout1,Assault
SYN-0006808,Burglary-3-layout4,Burglary
INF-0023558,informal-Theft-10,Theft
SYN-0011974,Vandalism-0-layout1,Vandalism
INF-0040330,informal-Burglary-1,Burglary
INF-0037921,informal-Assault-6,Assault
INF-0021955,informal-Cybercrime-8,Cybercrime
INF-0032630,informal-Theft-10,Theft
INF-0036315,informal-Cybercrime-3,Cybercrime
SYN-0011998,Vandalism-3-layout1,Vandalism
INF-0028747,informal-Cybercrime-11,Cybercrime
SYN-0011778,Theft-0-layout4,Theft
SYN-0000671,Arson-3-layout4,Arson
INF-0021949,informal-Robbery-7,Robbery
INF-0039971,informal-Cybercrime-10,Cybercrime
SYN-0002585,Robbery-3-layout4,Robbery
INF-0002108,informal-Fraud-11,Fraud
INF-0004685,informal-Robbery-9,Robbery
INF-0011704,informal-Arson-5,Arson
INF-0008991,informal-Vandalism-7,Vandalism
INF-0016039,informal-Vandalism-6,Vandalism
INF-0047384,informal-Arson-1,Arson
INF-0014332,informal-Fraud-9,Fraud
INF-0004942,informal-Theft-5,Theft
INF-0005533,informal-Robbery-7,Robbery
INF-0038943,informal-Vandalism-7,Vandalism
INF-0008734,informal-Theft-11,Theft
INF-0005519,informal-Vandalism-5,Vandalism
SYN-0010881,Robbery-0-layout2,Robbery
INF-0016051,informal-Cybercrime-8,Cybercrime
SYN-0000667,Assault-3-layout4,Assault
INF-0007682,informal-Burglary-6,Burglary
INF-0012459,informal-Cybercrime-9,Cybercrime
INF-0011104,informal-Arson-2,Arson
INF-0015503,informal-Vandalism-11,Vandalism
INF-0027230,informal-Theft-1,Theft
INF-0039026,informal-Burglary-0,Burglary
INF-0041093,informal-Robbery-6,Robbery
INF-0037590,informal-Theft-0,Theft
SYN-0005781,Cybercrime-2-layout0,Cybercrime
INF-0029524,informal-Fraud-0,Fraud
INF-0009390,informal-Theft-3,Theft
SYN-0002009,Robbery-3-layout1,Robbery
INF-0018619,informal-Cybercrime-5,Cybercrime
SYN-0005015,Arson-2-layout0,Arson
INF-0009391,informal-Vandalism-3,Vandalism
INF-0030008,informal-Arson-7,Arson
INF-0044992,informal-Arson-8,Arson
INF-0001612,informal-Fraud-3,Fraud
INF-0026719,informal-Vandalism-9,Vandalism
SYN-0003218,Theft-2-layout2,Theft
INF-0036225,informal-Assault-10,Assault
INF-0019752,informal-Arson-3,Arson
INF-0041273,informal-Assault-11,Assault
INF-0004683,informal-Cybercrime-9,Cybercrime
INF-0032631,informal-Vandalism-10,Vandalism
INF-0033997,informal-Robbery-1,Robbery
INF-0046669,informal-Robbery-1,Robbery
INF-0013540,informal-Fraud-0,Fraud
SYN-0009690,Theft-3-layout1,Theft
INF-0041071,informal-Vandalism-3,Vandalism
INF-0012598,informal-Theft-8,Theft
INF-0005515,informal-Cybercrime-5,Cybercrime
INF-0033212,informal-Fraud-11,Fraud
INF-0008579,informal-Cybercrime-10,Cybercrime
SYN-0009104,Burglary-2-layout4,Burglary
INF-0011558,informal-Theft-4,Theft
INF-0009139,informal-Cybercrime-8,Cybercrime
INF-0032461,informal-Robbery-7,Robbery
INF-0040826,informal-Burglary-9,Burglary
SYN-0005793,Robbery-4-layout0,Robbery
SYN-0009694,Vandalism-3-layout1,Vandalism
SYN-0008731,Assault-3-layout4,Assault
INF-0003953,informal-Assault-8,Assault
INF-0000930,informal-Burglary-8,Burglary
INF-0025399,informal-Vandalism-6,Vandalism
INF-0011408,informal-Arson-4,Arson
INF-0027430,informal-Theft-8,Theft
INF-0010949,informal-Robbery-0,Robbery
INF-0009805,informal-Robbery-1,Robbery
SYN-0011682,Theft-4-layout2,Theft
INF-0020675,informal-Cybercrime-10,Cybercrime
INF-0012275,informal-Cybercrime-4,Cybercrime
INF-0018913,informal-Assault-6,Assault
INF-0010023,informal-Vandalism-10,Vandalism
INF-0007563,informal-Cybercrime-9,Cybercrime
INF-0031404,informal-Fraud-1,Fraud
INF-0030010,informal-Burglary-7,Burglary
INF-0040331,informal-Cybercrime-1,Cybercrime
INF-0029010,informal-Burglary-8,Burglary
INF-0031839,informal-Vandalism-1,Vandalism
INF-0010410,informal-Burglary-5,Burglary
INF-0037067,informal-Cybercrime-7,Cybercrime
INF-0017211,informal-Cybercrime-9,Cybercrime
INF-0038674,informal-Burglary-10,Burglary
INF-0008263,informal-Vandalism-6,Vandalism
INF-0009694,informal-Theft-5,Theft
INF-0015478,informal-Theft-8,Theft
INF-0044418,informal-Burglary-8,Burglary
INF-0002972,informal-Fraud-11,Fraud
SYN-0007749,Cybercrime-0-layout1,Cybercrime
INF-0001342,informal-Theft-5,Theft
INF-0000606,informal-Theft-3,Theft
INF-0012996,informal-Fraud-4,Fraud
INF-0020347,informal-Cybercrime-5,Cybercrime
INF-0025545,informal-Assault-7,Assault
SYN-0010370,Theft-0-layout0,Theft
INF-0022477,informal-Robbery-1,Robbery
INF-0016435,informal-Cybercrime-2,Cybercrime
INF-0027677,informal-Robbery-3,Robbery
INF-0011387,informal-Cybercrime-1,Cybercrime
INF-0006976,informal-Arson-8,Arson
SYN-0004932,Fraud-0-layout5,Fraud
INF-0040774,informal-Theft-2,Theft
SYN-0004005,Cybercrime-4-layout2,Cybercrime
INF-0021961,informal-Assault-9,Assault
INF-0040400,informal-Arson-10,Arson
INF-0035184,informal-Arson-6,Arson
INF-0041912,informal-Arson-1,Arson
SYN-0000962,Theft-0-layout3,Theft
SYN-0000670,Vandalism-3-layout4,Vandalism
INF-0013267,informal-Cybercrime-2,Cybercrime
INF-0019051,informal-Cybercrime-5,Cybercrime
INF-0033328,informal-Arson-8,Arson
INF-0027288,informal-Arson-9,Arson
SYN-0007238,Vandalism-0-layout5,Vandalism
SYN-0010501,Cybercrime-0-layout2,Cybercrime
INF-0008654,informal-Theft-1,Theft
SYN-0008420,Fraud-4-layout5,Fraud
INF-0045017,informal-Assault-11,Assault
INF-0006996,informal-Fraud-10,Fraud
INF-0018755,informal-Cybercrime-4,Cybercrime
SYN-0007714,Theft-4-layout0,Theft
INF-0021953,informal-Assault-8,Assault
INF-0020745,informal-Assault-1,Assault
INF-0008121,informal-Assault-7,Assault
INF-0018912,informal-Arson-6,Arson
INF-0042686,informal-Theft-7,Theft
INF-0004324,informal-Fraud-0,Fraud
INF-0028712,informal-Arson-7,Arson
INF-0018602,informal-Burglary-3,Burglary
SYN-0011292,Fraud-3-layout2,Fraud
INF-0002353,informal-Assault-6,Assault
INF-0015624,informal-Arson-9,Arson
INF-0019332,informal-Fraud-4,Fraud
INF-0000347,informal-Cybercrime-7,Cybercrime
SYN-0000020,Fraud-2-layout0,Fraud
SYN-0004353,Robbery-0-layout2,Robbery
INF-0011414,informal-Theft-4,Theft
INF-0019376,informal-Arson-10,Arson
INF-0009800,informal-Arson-1,Arson
INF-0002162,informal-Burglary-0,Burglary
INF-0008143,informal-Vandalism-9,Vandalism
INF-0016876,informal-Fraud-3,Fraud
INF-0044008,informal-Arson-11,Arson
INF-0042336,informal-Arson-0,Arson
INF-0042682,informal-Burglary-7,Burglary
INF-0003643,informal-Cybercrime-5,Cybercrime
SYN-0004116,Fraud-2-layout4,Fraud
INF-0009951,informal-Vandalism-1,Vandalism
INF-0020461,informal-Robbery-1,Robbery
INF-0045949,informal-Robbery-1,Robbery
INF-0024934,informal-Theft-2,Theft
INF-0042405,informal-Robbery-8,Robbery
INF-0006574,informal-Theft-11,Theft
SYN-0009287,Arson-0-layout1,Arson
INF-0020248,informal-Arson-11,Arson
INF-0023552,informal-Arson-10,Arson
INF-0017760,informal-Arson-6,Arson
INF-0027587,informal-Cybercrime-10,Cybercrime
INF-0037929,informal-Assault-7,Assault
SYN-0008138,Theft-1-layout1,Theft
INF-0036928,informal-Arson-8,Arson
INF-0032704,informal-Arson-2,Arson
INF-0020933,informal-Robbery-6,Robbery
INF-0035887,informal-Vandalism-3,Vandalism
INF-0001789,informal-Robbery-7,Robbery
INF-0010092,informal-Fraud-1,Fraud
INF-0015756,informal-Fraud-7,Fraud
INF-0020197,informal-Robbery-4,Robbery
INF-0047971,informal-Cybercrime-2,Cybercrime
INF-0027364,informal-Fraud-0,Fraud
INF-0010891,informal-Cybercrime-11,Cybercrime
INF-0046009,informal-Assault-9,Assault
INF-0001793,informal-Assault-8,Assault
INF-0021381,informal-Robbery-8,Robbery
INF-0003114,informal-Burglary-11,Burglary
INF-0005392,informal-Arson-8,Arson
INF-0002457,informal-Assault-1,Assault
SYN-0010081,Robbery-4-layout1,Robbery
INF-0041080,informal-Arson-5,Arson
INF-0043926,informal-Theft-0,Theft
SYN-0001859,Assault-0-layout5,Assault
INF-0042687,informal-Vandalism-7,Vandalism
INF-0010829,informal-Robbery-3,Robbery
SYN-0011030,Vandalism-2-layout4,Vandalism
INF-0047455,informal-Vandalism-9,Vandalism
INF-0011706,informal-Burglary-5,Burglary
INF-0026686,informal-Theft-5,Theft
SYN-0003459,Assault-0-layout0,Assault
SYN-0008540,Fraud-3-layout1,Fraud
INF-0013124,informal-Fraud-2,Fraud
INF-0036519,informal-Vandalism-10,Vandalism
INF-0001081,informal-Assault-9,Assault
INF-0031052,informal-Fraud-11,Fraud
INF-0040698,informal-Burglary-11,Burglary
INF-0036893,informal-Robbery-3,Robbery
INF-0008154,informal-Burglary-11,Burglary
INF-0047000,informal-Arson-7,Arson
INF-0033840,informal-Arson-0,Arson
INF-0010104,informal-Arson-3,Arson
SYN-0000274,Theft-2-layout4,Theft
INF-0045517,informal-Robbery-1,Robbery
INF-0025212,informal-Fraud-1,Fraud
INF-0010973,informal-Robbery-3,Robbery
INF-0021180,informal-Fraud-1,Fraud
INF-0031339,informal-Cybercrime-11,Cybercrime
INF-0018432,informal-Arson-0,Arson
INF-0008261,informal-Robbery-6,Robbery
SYN-0010976,Burglary-4-layout3,Burglary
SYN-0009503,Arson-3-layout4,Arson
INF-0041405,informal-Robbery-9,Robbery
INF-0031259,informal-Cybercrime-1,Cybercrime
INF-0004964,informal-Fraud-8,Fraud
INF-0000489,informal-Assault-7,Assault
INF-0043432,informal-Arson-11,Arson
INF-0042642,informal-Burglary-2,Burglary
INF-0039961,informal-Assault-9,Assault
INF-0006983,informal-Vandalism-8,Vandalism
INF-0013287,informal-Vandalism-4,Vandalism
INF-0024928,informal-Arson-2,Arson
INF-0026818,informal-Burglary-4,Burglary
INF-0012117,informal-Robbery-2,Robbery
SYN-0005778,Theft-2-layout0,Theft
SYN-0007504,Burglary-2-layout3,Burglary
INF-0038961,informal-Assault-10,Assault
INF-0005058,informal-Burglary-2,Burglary
INF-0030760,informal-Arson-11,Arson
SYN-0003294,Vandalism-3-layout3,Vandalism
SYN-0004633,Robbery-3-layout0,Robbery
INF-0040365,informal-Robbery-5,Robbery
INF-0015190,informal-Theft-8,Theft
INF-0014896,informal-Arson-8,Arson
INF-0006383,informal-Vandalism-5,Vandalism
INF-0017948,informal-Fraud-11,Fraud
INF-0004242,informal-Burglary-8,Burglary
SYN-0006672,Burglary-2-layout2,Burglary
INF-0005806,informal-Theft-5,Theft
INF-0002883,informal-Cybercrime-0,Cybercrime
INF-0002227,informal-Cybercrime-8,Cybercrime
INF-0001444,informal-Fraud-0,Fraud
INF-0040322,informal-Burglary-0,Burglary
INF-0010557,informal-Robbery-5,Robbery
INF-0040189,informal-Robbery-1,Robbery
INF-0004962,informal-Burglary-8,Burglary
INF-0013144,informal-Arson-5,Arson
SYN-0004632,Burglary-3-layout0,Burglary
SYN-0002905,Robbery-3-layout3,Robbery
INF-0026292,informal-Fraud-10,Fraud
INF-0005056,informal-Arson-2,Arson
INF-0026662,informal-Theft-2,Theft
INF-0047140,informal-Fraud-6,Fraud
INF-0033202,informal-Burglary-10,Burglary
INF-0040904,informal-Arson-1,Arson
INF-0025111,informal-Vandalism-6,Vandalism
INF-0013325,informal-Robbery-9,Robbery
SYN-0005669,Cybercrime-4-layout4,Cybercrime
INF-0002973,informal-Robbery-11,Robbery
INF-0043785,informal-Assault-1,Assault
SYN-0010574,Vandalism-1-layout3,Vandalism
INF-0018365,informal-Robbery-9,Robbery
INF-0015443,informal-Cybercrime-4,Cybercrime
INF-0008000,informal-Arson-10,Arson
INF-0002687,informal-Vandalism-11,Vandalism
INF-0024262,informal-Theft-8,Theft
INF-0015754,informal-Burglary-7,Burglary
INF-0027228,informal-Fraud-1,Fraud
SYN-0005216,Burglary-4-layout3,Burglary
INF-0031007,informal-Vandalism-5,Vandalism
INF-0030878,informal-Theft-7,Theft
SYN-0005000,Burglary-1-layout0,Burglary
INF-0021825,informal-Assault-10,Assault
INF-0001182,informal-Theft-3,Theft
INF-0012385,informal-Assault-0,Assault
INF-0023191,informal-Vandalism-0,Vandalism
INF-0024844,informal-Fraud-9,Fraud
INF-0012994,informal-Burglary-4,Burglary
INF-0006652,informal-Fraud-3,Fraud
INF-0005641,informal-Assault-3,Assault
INF-0044852,informal-Fraud-8,Fraud
INF-0042051,informal-Cybercrime-0,Cybercrime
INF-0042949,informal-Robbery-4,Robbery
INF-0039171,informal-Cybercrime-0,Cybercrime
INF-0036317,informal-Robbery-3,Robbery
INF-0030701,informal-Robbery-3,Robbery
SYN-0006482,Theft-2-layout5,Theft
INF-0008136,informal-Arson-9,Arson
INF-0002337,informal-Assault-4,Assault
INF-0018772,informal-Fraud-6,Fraud
INF-0001237,informal-Robbery-10,Robbery
INF-0023184,informal-Arson-0,Arson
INF-0029811,informal-Cybercrime-0,Cybercrime
INF-0016747,informal-Cybercrime-5,Cybercrime
INF-0012397,informal-Robbery-1,Robbery
INF-0019468,informal-Fraud-3,Fraud
SYN-0004052,Fraud-2-layout3,Fraud
INF-0010892,informal-Fraud-11,Fraud
INF-0016926,informal-Theft-9,Theft
SYN-0008514,Theft-0-layout1,Theft
INF-0042817,informal-Assault-6,Assault
INF-0002483,informal-Cybercrime-4,Cybercrime
INF-0037912,informal-Arson-5,Arson
INF-0019944,informal-Arson-9,Arson
INF-0009598,informal-Theft-11,Theft
INF-0001010,informal-Burglary-0,Burglary
INF-0005847,informal-Vandalism-10,Vandalism
INF-0000928,informal-Arson-8,Arson
INF-0019467,informal-Cybercrime-3,Cybercrime
INF-0046748,informal-Fraud-11,Fraud
INF-0027157,informal-Robbery-10,Robbery
INF-0014747,informal-Cybercrime-7,Cybercrime
SYN-0004931,Assault-0-layout5,Assault
INF-0026516,informal-Fraud-2,Fraud
INF-0035046,informal-Theft-6,Theft
INF-0020604,informal-Fraud-1,Fraud
INF-0022767,informal-Vandalism-1,Vandalism
INF-0019607,informal-Vandalism-2,Vandalism
INF-0003254,informal-Theft-10,Theft
INF-0001185,informal-Assault-4,Assault
INF-0014547,informal-Cybercrime-0,Cybercrime
SYN-0006662,Vandalism-0-layout2,Vandalism
SYN-0001923,Assault-0-layout0,Assault
INF-0003473,informal-Assault-2,Assault
INF-0044569,informal-Assault-9,Assault
INF-0018461,informal-Robbery-3,Robbery
SYN-0002641,Robbery-2-layout5,Robbery
INF-0043536,informal-Arson-6,Arson
INF-0034006,informal-Theft-2,Theft
INF-0021813,informal-Robbery-8,Robbery
INF-0043679,informal-Vandalism-5,Vandalism
SYN-0009284,Fraud-0-layout1,Fraud
INF-0019893,informal-Robbery-2,Robbery
SYN-0010888,Burglary-1-layout2,Burglary
INF-0008687,informal-Vandalism-5,Vandalism
SYN-0008854,Vandalism-2-layout0,Vandalism
INF-0025213,informal-Robbery-1,Robbery
INF-0008673,informal-Assault-4,Assault
SYN-0003864,Burglary-3-layout0,Burglary
INF-0013341,informal-Robbery-11,Robbery
INF-0034577,informal-Assault-2,Assault
INF-0017625,informal-Assault-7,Assault
INF-0015753,informal-Assault-7,Assault
INF-0039324,informal-Fraud-1,Fraud
INF-0010426,informal-Burglary-7,Burglary
INF-0022539,informal-Cybercrime-9,Cybercrime
INF-0007499,informal-Cybercrime-1,Cybercrime
INF-0008935,informal-Vandalism-0,Vandalism
INF-0018511,informal-Vandalism-9,Vandalism
SYN-0004416,Burglary-0-layout3,Burglary
INF-0010096,informal-Arson-2,Arson
SYN-0006087,Arson-0-layout5,Arson
INF-0029031,informal-Vandalism-10,Vandalism
INF-0030029,informal-Robbery-9,Robbery
INF-0024840,informal-Arson-9,Arson
SYN-0000964,Fraud-0-layout3,Fraud
INF-0025831,informal-Vandalism-6,Vandalism
INF-0019515,informal-Cybercrime-9,Cybercrime
INF-0030015,informal-Vandalism-7,Vandalism
INF-0036498,informal-Burglary-8,Burglary
INF-0026064,informal-Arson-0,Arson
SYN-0011779,Assault-0-layout4,Assault
SYN-0011477,Cybercrime-2-layout5,Cybercrime
INF-0037789,informal-Robbery-7,Robbery
INF-0001238,informal-Theft-10,Theft
INF-0005926,informal-Theft-2,Theft
SYN-0003938,Theft-4-layout1,Theft
INF-0020351,informal-Vandalism-5,Vandalism
INF-0003395,informal-Cybercrime-10,Cybercrime
INF-0020673,informal-Assault-10,Assault
INF-0003466,informal-Burglary-1,Burglary
INF-0027136,informal-Arson-8,Arson
INF-0020826,informal-Burglary-11,Burglary
INF-0018505,informal-Assault-9,Assault
INF-0045800,informal-Arson-1,Arson
INF-0039524,informal-Fraud-8,Fraud
INF-0009592,informal-Arson-11,Arson
INF-0010888,informal-Arson-11,Arson
INF-0029268,informal-Fraud-4,Fraud
INF-0019584,informal-Arson-0,Arson
INF-0015342,informal-Theft-9,Theft
INF-0011716,informal-Fraud-6,Fraud
INF-0017069,informal-Robbery-9,Robbery
INF-0006355,informal-Cybercrime-2,Cybercrime
INF-0038183,informal-Vandalism-2,Vandalism
INF-0030599,informal-Vandalism-8,Vandalism
INF-0023187,informal-Cybercrime-0,Cybercrime
INF-0023699,informal-Cybercrime-10,Cybercrime
INF-0020818,informal-Burglary-10,Burglary
INF-0000878,informal-Theft-1,Theft
INF-0018449,informal-Assault-2,Assault
INF-0037588,informal-Fraud-0,Fraud
INF-0034880,informal-Arson-4,Arson
INF-0021456,informal-Arson-0,Arson
INF-0046745,informal-Assault-11,Assault
INF-0038110,informal-Theft-11,Theft
INF-0006637,informal-Robbery-1,Robbery
INF-0036319,informal-Vandalism-3,Vandalism
SYN-0003994,Theft-3-layout2,Theft
INF-0040646,informal-Theft-4,Theft
SYN-0000768,Burglary-0-layout0,Burglary
INF-0038627,informal-Cybercrime-4,Cybercrime
INF-0042136,informal-Arson-11,Arson
INF-0022484,informal-Fraud-2,Fraud
INF-0007721,informal-Assault-11,Assault
INF-0012274,informal-Burglary-4,Burglary
INF-0039031,informal-Vandalism-0,Vandalism
SYN-0007254,Vandalism-2-layout5,Vandalism
SYN-0004195,Assault-4-layout5,Assault
INF-0029825,informal-Assault-2,Assault
SYN-0002011,Assault-3-layout1,Assault
INF-0046424,informal-Arson-7,Arson
INF-0031425,informal-Assault-4,Assault
INF-0012407,informal-Vandalism-2,Vandalism
SYN-0007588,Fraud-4-layout4,Fraud
SYN-0010656,Burglary-4-layout4,Burglary
SYN-0010500,Fraud-0-layout2,Fraud
INF-0039168,informal-Arson-0,Arson
INF-0012461,informal-Robbery-9,Robbery
INF-0007987,informal-Cybercrime-8,Cybercrime
INF-0013592,informal-Arson-7,Arson
INF-0003474,informal-Burglary-2,Burglary
INF-0013878,informal-Theft-6,Theft
INF-0046945,informal-Assault-0,Assault
INF-0002626,informal-Burglary-4,Burglary
INF-0028374,informal-Theft-0,Theft
SYN-0003221,Cybercrime-2-layout2,Cybercrime
INF-0018504,informal-Arson-9,Arson
INF-0046834,informal-Burglary-4,Burglary
SYN-0010275,Assault-4-layout4,Assault
INF-0007496,informal-Arson-1,Arson
INF-0007703,informal-Vandalism-8,Vandalism
INF-0043380,informal-Fraud-4,Fraud
INF-0046962,informal-Burglary-2,Burglary
INF-0019352,informal-Arson-7,Arson
INF-0037665,informal-Assault-10,Assault
INF-0045806,informal-Theft-1,Theft
INF-0028092,informal-Fraud-1,Fraud
INF-0013473,informal-Assault-10,Assault
INF-0002746,informal-Burglary-1,Burglary
SYN-0008929,Robbery-4-layout1,Robbery
INF-0032727,informal-Vandalism-4,Vandalism
INF-0035002,informal-Burglary-1,Burglary
SYN-0009759,Arson-3-layout2,Arson
INF-0012555,informal-Cybercrime-3,Cybercrime
INF-0002307,informal-Cybercrime-0,Cybercrime
INF-0015923,informal-Cybercrime-10,Cybercrime
INF-0029673,informal-Assault-1,Assault
SYN-0003017,Robbery-1-layout5,Robbery
INF-0045950,informal-Theft-1,Theft
INF-0011243,informal-Cybercrime-1,Cybercrime
INF-0038675,informal-Cybercrime-10,Cybercrime
INF-0010975,informal-Vandalism-3,Vandalism
INF-0031851,informal-Cybercrime-3,Cybercrime
INF-0015862,informal-Theft-2,Theft
INF-0003924,informal-Fraud-4,Fraud
SYN-0007143,Arson-4-layout3,Arson
INF-0044010,informal-Burglary-11,Burglary
INF-0004196,informal-Fraud-2,Fraud
INF-0017804,informal-Fraud-11,Fraud
INF-0001798,informal-Theft-8,Theft
SYN-0009307,Assault-3-layout1,Assault
INF-0025393,informal-Assault-6,Assault
INF-0015037,informal-Robbery-7,Robbery
SYN-0007586,Theft-4-layout4,Theft
SYN-0009417,Robbery-1-layout3,Robbery
INF-0022671,informal-Vandalism-7,Vandalism
INF-0016433,informal-Assault-2,Assault
INF-0023485,informal-Robbery-1,Robbery
INF-0005512,informal-Arson-5,Arson
INF-0042798,informal-Theft-3,Theft
INF-0017058,informal-Burglary-8,Burglary
SYN-0010264,Burglary-3-layout4,Burglary
INF-0007140,informal-Fraud-10,Fraud
SYN-0006685,Cybercrime-3-layout2,Cybercrime
SYN-0010193,Robbery-2-layout3,Robbery
INF-0023646,informal-Theft-3,Theft
INF-0016649,informal-Assault-11,Assault
INF-0043651,informal-Cybercrime-2,Cybercrime
INF-0026839,informal-Vandalism-6,Vandalism
INF-0031841,informal-Assault-2,Assault
INF-0027229,informal-Robbery-1,Robbery
INF-0047982,informal-Theft-3,Theft
INF-0021631,informal-Vandalism-3,Vandalism
INF-0020037,informal-Robbery-2,Robbery
INF-0026837,informal-Robbery-6,Robbery
INF-0039536,informal-Arson-10,Arson
INF-0006359,informal-Vandalism-2,Vandalism
SYN-0005198,Vandalism-1-layout3,Vandalism
SYN-0002961,Robbery-2-layout4,Robbery
SYN-0006541,Cybercrime-1-layout0,Cybercrime
INF-0044654,informal-Theft-1,Theft
SYN-0011474,Theft-2-layout5,Theft
INF-0038348,informal-Fraud-5,Fraud
INF-0015704,informal-Arson-1,Arson
INF-0038031,informal-Vandalism-1,Vandalism
INF-0030755,informal-Cybercrime-10,Cybercrime
INF-0034056,informal-Arson-9,Arson
INF-0021828,informal-Fraud-10,Fraud
INF-0007991,informal-Vandalism-8,Vandalism
INF-0012687,informal-Vandalism-1,Vandalism
INF-0020535,informal-Vandalism-10,Vandalism
INF-0025544,informal-Arson-7,Arson
INF-0018622,informal-Theft-5,Theft
SYN-0000272,Burglary-2-layout4,Burglary
INF-0012592,informal-Arson-8,Arson
INF-0039314,informal-Burglary-0,Burglary
INF-0035604,informal-Fraud-4,Fraud
INF-0002463,informal-Vandalism-1,Vandalism
INF-0007501,informal-Robbery-1,Robbery
INF-0032572,informal-Fraud-3,Fraud
INF-0045019,informal-Cybercrime-11,Cybercrime
SYN-0011992,Burglary-3-layout1,Burglary
INF-0002021,informal-Robbery-0,Robbery
SYN-0011723,Assault-1-layout3,Assault
INF-0021959,informal-Vandalism-8,Vandalism
INF-0017184,informal-Arson-6,Arson
INF-0020817,informal-Assault-10,Assault
INF-0006511,informal-Vandalism-3,Vandalism
INF-0037192,informal-Arson-5,Arson
INF-0002818,informal-Burglary-10,Burglary
INF-0044259,informal-Cybercrime-6,Cybercrime
INF-0017021,informal-Robbery-3,Robbery
INF-0019516,informal-Fraud-9,Fraud
INF-0019588,informal-Fraud-0,Fraud
INF-0035372,informal-Fraud-11,Fraud
INF-0009693,informal-Robbery-5,Robbery
INF-0037897,informal-Assault-3,Assault
INF-0046013,informal-Robbery-9,Robbery
INF-0038168,informal-Arson-1,Arson
INF-0016437,informal-Robbery-2,Robbery
INF-0032887,informal-Vandalism-6,Vandalism
INF-0036437,informal-Robbery-0,Robbery
INF-0034024,informal-Arson-5,Arson
INF-0033206,informal-Theft-10,Theft
INF-0016446,informal-Theft-3,Theft
INF-0024681,informal-Assault-7,Assault
INF-0024197,informal-Robbery-0,Robbery
INF-0017869,informal-Robbery-1,Robbery
INF-0042570,informal-Burglary-11,Burglary
INF-0002340,informal-Fraud-4,Fraud
SYN-0006540,Fraud-1-layout0,Fraud
INF-0024847,informal-Vandalism-9,Vandalism
INF-0009697,informal-Assault-6,Assault
INF-0042517,informal-Robbery-4,Robbery
INF-0042784,informal-Arson-2,Arson
INF-0010093,informal-Robbery-1,Robbery
INF-0042648,informal-Arson-3,Arson
INF-0039659,informal-Cybercrime-7,Cybercrime
SYN-0000209,Robbery-2-layout3,Robbery
INF-0023078,informal-Theft-4,Theft
INF-0006925,informal-Robbery-1,Robbery
INF-0025820,informal-Fraud-5,Fraud
INF-0046115,informal-Cybercrime-4,Cybercrime
SYN-0000961,Robbery-0-layout3,Robbery
INF-0016857,informal-Assault-1,Assault
INF-0017181,informal-Robbery-5,Robbery
SYN-0005794,Theft-4-layout0,Theft
INF-0004635,informal-Cybercrime-3,Cybercrime
SYN-0002078,Vandalism-3-layout2,Vandalism
INF-0046100,informal-Fraud-2,Fraud
INF-0037936,informal-Arson-8,Arson
INF-0002945,informal-Assault-8,Assault
INF-0000065,informal-Assault-8,Assault
INF-0012532,informal-Fraud-0,Fraud
INF-0005278,informal-Theft-11,Theft
SYN-0002322,Theft-2-layout0,Theft
INF-0040185,informal-Assault-1,Assault
INF-0002743,informal-Vandalism-0,Vandalism
INF-0005654,informal-Theft-4,Theft
INF-0019074,informal-Burglary-8,Burglary
INF-0026821,informal-Robbery-4,Robbery
SYN-0000017,Robbery-2-layout0,Robbery
INF-0035043,informal-Cybercrime-6,Cybercrime
INF-0019354,informal-Burglary-7,Burglary
INF-0024797,informal-Robbery-3,Robbery
INF-0046091,informal-Cybercrime-1,Cybercrime
INF-0001323,informal-Cybercrime-3,Cybercrime
INF-0016142,informal-Theft-1,Theft
INF-0029902,informal-Theft-11,Theft
INF-0000068,informal-Fraud-8,Fraud
INF-0042080,informal-Arson-4,Arson
INF-0005062,informal-Theft-2,Theft
INF-0033335,informal-Vandalism-8,Vandalism
INF-0021050,informal-Burglary-3,Burglary
INF-0027579,informal-Cybercrime-9,Cybercrime
INF-0030310,informal-Theft-8,Theft
INF-0005277,informal-Robbery-11,Robbery
SYN-0009933,Cybercrime-1-layout5,Cybercrime
INF-0012316,informal-Fraud-9,Fraud
INF-0005702,informal-Theft-10,Theft
SYN-0007509,Cybercrime-2-layout3,Cybercrime
SYN-0010465,Robbery-4-layout1,Robbery
INF-0013286,informal-Theft-4,Theft
INF-0014033,informal-Assault-8,Assault
INF-0006573,informal-Robbery-11,Robbery
INF-0012568,informal-Arson-5,Arson
INF-0037194,informal-Burglary-5,Burglary
INF-0016858,informal-Burglary-1,Burglary
SYN-0000677,Cybercrime-4-layout4,Cybercrime
INF-0040032,informal-Arson-0,Arson
INF-0043149,informal-Robbery-11,Robbery
INF-0042692,informal-Fraud-8,Fraud
INF-0003540,informal-Fraud-10,Fraud
SYN-0007639,Arson-2-layout5,Arson
INF-0009713,informal-Assault-8,Assault
INF-0031485,informal-Robbery-11,Robbery
INF-0015340,informal-Fraud-9,Fraud
INF-0040545,informal-Assault-10,Assault
INF-0031455,informal-Vandalism-7,Vandalism
INF-0010667,informal-Cybercrime-1,Cybercrime
SYN-0004048,Burglary-2-layout3,Burglary
SYN-0001924,Fraud-0-layout0,Fraud
INF-0019946,informal-Burglary-9,Burglary
INF-0009552,informal-Arson-6,Arson
INF-0009558,informal-Theft-6,Theft
INF-0012177,informal-Assault-10,Assault
SYN-0011776,Burglary-0-layout4,Burglary
SYN-0010270,Vandalism-3-layout4,Vandalism
INF-0025582,informal-Theft-11,Theft
INF-0020887,informal-Vandalism-0,Vandalism
INF-0013405,informal-Robbery-1,Robbery
INF-0030309,informal-Robbery-8,Robbery
SYN-0005453,Cybercrime-1-layout1,Cybercrime
INF-0003218,informal-Burglary-6,Burglary
INF-0042851,informal-Cybercrime-10,Cybercrime
INF-0002604,informal-Fraud-1,Fraud
INF-0033432,informal-Arson-3,Arson
INF-0026145,informal-Assault-10,Assault
INF-0027424,informal-Arson-8,Arson
INF-0012264,informal-Arson-3,Arson
SYN-0004894,Vandalism-3-layout4,Vandalism
INF-0047718,informal-Theft-6,Theft
INF-0037633,informal-Assault-6,Assault
INF-0027953,informal-Assault-2,Assault
INF-0013712,informal-Arson-4,Arson
INF-0016744,informal-Arson-5,Arson
INF-0016860,informal-Fraud-1,Fraud
INF-0003526,informal-Theft-8,Theft
INF-0035045,informal-Robbery-6,Robbery
INF-0003926,informal-Theft-4,Theft
INF-0010825,informal-Assault-3,Assault
SYN-0004233,Robbery-1-layout0,Robbery
INF-0046586,informal-Burglary-9,Burglary
INF-0041915,informal-Cybercrime-1,Cybercrime
SYN-0001315,Assault-4-layout2,Assault
INF-0039069,informal-Robbery-5,Robbery
INF-0007821,informal-Robbery-5,Robbery
INF-0020638,informal-Theft-5,Theft
SYN-0005969,Robbery-2-layout3,Robbery
INF-0019190,informal-Theft-4,Theft
INF-0043101,informal-Robbery-5,Robbery
INF-0042368,informal-Arson-4,Arson
INF-0007837,informal-Robbery-7,Robbery
INF-0018771,informal-Cybercrime-6,Cybercrime
INF-0002819,informal-Cybercrime-10,Cybercrime
INF-0025714,informal-Burglary-10,Burglary
SYN-0005892,Fraud-0-layout2,Fraud
SYN-0010085,Cybercrime-4-layout1,Cybercrime
INF-0012433,informal-Assault-6,Assault
SYN-0009422,Vandalism-1-layout3,Vandalism
INF-0027712,informal-Arson-8,Arson
INF-0032120,informal-Arson-1,Arson
INF-0018598,informal-Theft-2,Theft
INF-0042654,informal-Theft-3,Theft
INF-0044425,informal-Assault-9,Assault
INF-0005394,informal-Burglary-8,Burglary
INF-0035309,informal-Robbery-3,Robbery
INF-0034882,informal-Burglary-4,Burglary
INF-0039460,informal-Fraud-0,Fraud
INF-0010525,informal-Robbery-1,Robbery
INF-0026793,informal-Assault-1,Assault
INF-0007495,informal-Vandalism-0,Vandalism
INF-0031581,informal-Robbery-5,Robbery
INF-0005093,informal-Robbery-6,Robbery
INF-0046813,informal-Robbery-1,Robbery
SYN-0005394,Theft-2-layout0,Theft
INF-0000160,informal-Arson-2,Arson
SYN-0011025,Robbery-2-layout4,Robbery
INF-0040199,informal-Vandalism-2,Vandalism
SYN-0011862,Vandalism-2-layout5,Vandalism
SYN-0002587,Assault-3-layout4,Assault
INF-0015483,informal-Cybercrime-9,Cybercrime
SYN-0002086,Vandalism-4-layout2,Vandalism
INF-0040194,informal-Burglary-2,Burglary
INF-0043575,informal-Vandalism-10,Vandalism
INF-0034576,informal-Arson-2,Arson
SYN-0000471,Arson-2-layout1,Arson
INF-0026701,informal-Robbery-7,Robbery
INF-0022338,informal-Burglary-2,Burglary
INF-0043429,informal-Robbery-10,Robbery
INF-0001460,informal-Fraud-2,Fraud
INF-0040783,informal-Vandalism-3,Vandalism
SYN-0004255,Arson-3-layout0,Arson
INF-0046835,informal-Cybercrime-4,Cybercrime
INF-0025396,informal-Fraud-6,Fraud
INF-0021958,informal-Theft-8,Theft
INF-0044417,informal-Assault-8,Assault
INF-0043812,informal-Fraud-4,Fraud
SYN-0009935,Arson-1-layout5,Arson
INF-0013180,informal-Fraud-9,Fraud
INF-0021338,informal-Burglary-3,Burglary
SYN-0007751,Arson-0-layout1,Arson
INF-0013452,informal-Fraud-7,Fraud
SYN-0010464,Burglary-4-layout1,Burglary
SYN-0010569,Robbery-1-layout3,Robbery
INF-0038205,informal-Robbery-5,Robbery
INF-0025954,informal-Burglary-4,Burglary
SYN-0009826,Theft-4-layout3,Theft
INF-0030879,informal-Vandalism-7,Vandalism
INF-0013340,informal-Fraud-11,Fraud
INF-0014155,informal-Cybercrime-5,Cybercrime
SYN-0004634,Theft-3-layout0,Theft
SYN-0000276,Fraud-2-layout4,Fraud
INF-0014478,informal-Theft-9,Theft
INF-0032593,informal-Assault-6,Assault
INF-0034142,informal-Theft-1,Theft
SYN-0000464,Burglary-2-layout1,Burglary
INF-0029713,informal-Assault-6,Assault
INF-0031139,informal-Cybercrime-4,Cybercrime
INF-0005803,informal-Cybercrime-5,Cybercrime
INF-0047028,informal-Fraud-10,Fraud
INF-0010731,informal-Cybercrime-9,Cybercrime
INF-0019923,informal-Cybercrime-6,Cybercrime
SYN-0003081,Robbery-1-layout0,Robbery
INF-0018652,informal-Fraud-9,Fraud
INF-0005535,informal-Vandalism-7,Vandalism
INF-0021380,informal-Fraud-8,Fraud
INF-0019310,informal-Theft-1,Theft
INF-0007727,informal-Vandalism-11,Vandalism
INF-0006285,informal-Robbery-11,Robbery
INF-0034744,informal-Arson-5,Arson
INF-0025562,informal-Burglary-9,Burglary
INF-0042947,informal-Cybercrime-4,Cybercrime
SYN-0003456,Burglary-0-layout0,Burglary
INF-0029844,informal-Fraud-4,Fraud
INF-0043573,informal-Robbery-10,Robbery
INF-0001062,informal-Theft-6,Theft
SYN-0007882,Theft-1-layout3,Theft
INF-0033903,informal-Vandalism-7,Vandalism
INF-0021826,informal-Burglary-10,Burglary
INF-0003047,informal-Vandalism-2,Vandalism
INF-0019590,informal-Theft-0,Theft
INF-0032290,informal-Burglary-4,Burglary
INF-0046127,informal-Vandalism-5,Vandalism
SYN-0002050,Theft-0-layout2,Theft
INF-0003464,informal-Arson-1,Arson
INF-0039482,informal-Burglary-3,Burglary
INF-0016133,informal-Robbery-0,Robbery
INF-0011298,informal-Burglary-8,Burglary
INF-0034645,informal-Robbery-10,Robbery
INF-0008264,informal-Arson-7,Arson
SYN-0002123,Assault-1-layout3,Assault
SYN-0005197,Cybercrime-1-layout3,Cybercrime
SYN-0010572,Fraud-1-layout3,Fraud
INF-0023701,informal-Robbery-10,Robbery
INF-0007125,informal-Robbery-8,Robbery
SYN-0005255,Arson-0-layout4,Arson
INF-0040200,informal-Arson-3,Arson
INF-0039399,informal-Vandalism-10,Vandalism
SYN-0010769,Robbery-2-layout0,Robbery
INF-0038350,informal-Theft-5,Theft
INF-0012529,informal-Assault-0,Assault
SYN-0007966,Vandalism-3-layout4,Vandalism
INF-0022066,informal-Burglary-4,Burglary
INF-0019814,informal-Theft-10,Theft
INF-0040550,informal-Theft-10,Theft
INF-0017003,informal-Cybercrime-1,Cybercrime
INF-0047389,informal-Robbery-1,Robbery
INF-0005117,informal-Robbery-9,Robbery
SYN-0000782,Vandalism-1-layout0,Vandalism
INF-0008125,informal-Robbery-7,Robbery
INF-0042227,informal-Cybercrime-4,Cybercrime
INF-0003541,informal-Robbery-10,Robbery
INF-0041478,informal-Theft-0,Theft
INF-0047607,informal-Vandalism-10,Vandalism
INF-0045942,informal-Theft-0,Theft
INF-0025402,informal-Burglary-7,Burglary
SYN-0004194,Theft-4-layout5,Theft
INF-0021466,informal-Burglary-1,Burglary
INF-0014777,informal-Assault-11,Assault
SYN-0000783,Arson-1-layout0,Arson
INF-0006393,informal-Assault-7,Assault
INF-0039070,informal-Theft-5,Theft
INF-0004198,informal-Theft-2,Theft
SYN-0001881,Robbery-3-layout5,Robbery
INF-0003118,informal-Theft-11,Theft
INF-0022097,informal-Assault-8,Assault
SYN-0006089,Robbery-1-layout5,Robbery
INF-0042855,informal-Vandalism-10,Vandalism
INF-0037594,informal-Burglary-1,Burglary
INF-0003026,informal-Burglary-0,Burglary
INF-0044260,informal-Fraud-6,Fraud
INF-0002064,informal-Arson-6,Arson
INF-0015271,informal-Vandalism-0,Vandalism
INF-0032289,informal-Assault-4,Assault
INF-0017188,informal-Fraud-6,Fraud
SYN-0009298,Theft-2-layout1,Theft
INF-0047707,informal-Cybercrime-5,Cybercrime
INF-0028852,informal-Fraud-6,Fraud
SYN-0003662,Vandalism-1-layout3,Vandalism
INF-0017946,informal-Burglary-11,Burglary
INF-0047857,informal-Assault-6,Assault
SYN-0002590,Vandalism-3-layout4,Vandalism
INF-0008649,informal-Assault-1,Assault
INF-0045418,informal-Burglary-7,Burglary
INF-0033901,informal-Robbery-7,Robbery
INF-0026522,informal-Burglary-3,Burglary
INF-0015203,informal-Cybercrime-10,Cybercrime
SYN-0004362,Theft-1-layout2,Theft
INF-0009575,informal-Vandalism-8,Vandalism
INF-0007512,informal-Arson-3,Arson
INF-0005381,informal-Robbery-6,Robbery
INF-0001783,informal-Vandalism-6,Vandalism
INF-0028141,informal-Robbery-7,Robbery
INF-0037233,informal-Assault-10,Assault
INF-0005980,informal-Fraud-9,Fraud
INF-0004473,informal-Assault-1,Assault
SYN-0007045,Cybercrime-0-layout2,Cybercrime
INF-0026293,informal-Robbery-10,Robbery
INF-0028543,informal-Vandalism-3,Vandalism
INF-0018433,informal-Assault-0,Assault
SYN-0009110,Vandalism-2-layout4,Vandalism
SYN-0007253,Cybercrime-2-layout5,Cybercrime
INF-0017788,informal-Fraud-9,Fraud
INF-0042058,informal-Burglary-1,Burglary
INF-0017175,informal-Vandalism-4,Vandalism
SYN-0005142,Vandalism-2-layout2,Vandalism
INF-0046824,informal-Arson-3,Arson
INF-0007127,informal-Vandalism-8,Vandalism
SYN-0005253,Cybercrime-0-layout4,Cybercrime
INF-0031191,informal-Vandalism-10,Vandalism
SYN-0008476,Fraud-3-layout0,Fraud
INF-0035357,informal-Robbery-9,Robbery
INF-0014405,informal-Robbery-0,Robbery
INF-0025580,informal-Fraud-11,Fraud
SYN-0003996,Fraud-3-layout2,Fraud
INF-0011956,informal-Fraud-0,Fraud
INF-0040355,informal-Cybercrime-4,Cybercrime
INF-0033213,informal-Robbery-11,Robbery
INF-0000490,informal-Burglary-7,Burglary
SYN-0001175,Arson-2-layout0,Arson
INF-0009804,informal-Fraud-1,Fraud
INF-0042849,informal-Assault-10,Assault
INF-0016440,informal-Arson-3,Arson
SYN-0004252,Fraud-3-layout0,Fraud
INF-0006653,informal-Robbery-3,Robbery
INF-0027360,informal-Arson-0,Arson
INF-0011554,informal-Burglary-4,Burglary
INF-0013120,informal-Arson-2,Arson
INF-0017928,informal-Arson-9,Arson
SYN-0000467,Assault-2-layout1,Assault
INF-0036951,informal-Vandalism-10,Vandalism
INF-0001776,informal-Arson-6,Arson
INF-0028839,informal-Vandalism-4,Vandalism
SYN-0007505,Robbery-2-layout3,Robbery
INF-0029454,informal-Theft-9,Theft
INF-0005190,informal-Theft-0,Theft
INF-0037361,informal-Assault-8,Assault
INF-0038966,informal-Theft-10,Theft
INF-0027273,informal-Assault-7,Assault
INF-0015446,informal-Theft-4,Theft
INF-0044114,informal-Burglary-6,Burglary
INF-0014480,informal-Arson-10,Arson
SYN-0004235,Assault-1-layout0,Assault
INF-0031848,informal-Arson-3,Arson
INF-0017349,informal-Robbery-8,Robbery
INF-0020034,informal-Burglary-2,Burglary
SYN-0010701,Cybercrime-1-layout5,Cybercrime
INF-0036932,informal-Fraud-8,Fraud
INF-0028531,informal-Cybercrime-2,Cybercrime
INF-0036930,informal-Burglary-8,Burglary
INF-0022409,informal-Assault-11,Assault
INF-0043925,informal-Robbery-0,Robbery
INF-0044970,informal-Burglary-5,Burglary
INF-0019950,informal-Theft-9,Theft
INF-0000525,informal-Robbery-11,Robbery
INF-0003481,informal-Assault-3,Assault
INF-0000792,informal-Arson-9,Arson
INF-0045377,informal-Assault-2,Assault
INF-0040414,informal-Theft-11,Theft
INF-0010696,informal-Arson-5,Arson
INF-0015705,informal-Assault-1,Assault
INF-0041709,informal-Robbery-11,Robbery
INF-0001187,informal-Cybercrime-4,Cybercrime
SYN-0000972,Fraud-1-layout3,Fraud
SYN-0002584,Burglary-3-layout4,Burglary
INF-0033645,informal-Robbery-11,Robbery
INF-0028842,informal-Burglary-5,Burglary
INF-0039965,informal-Robbery-9,Robbery
INF-0007409,informal-Assault-8,Assault
INF-0028455,informal-Vandalism-10,Vandalism
INF-0016475,informal-Cybercrime-7,Cybercrime
INF-0002529,informal-Assault-10,Assault
INF-0006069,informal-Robbery-2,Robbery
INF-0033555,informal-Cybercrime-0,Cybercrime
SYN-0006472,Burglary-1-layout5,Burglary
INF-0001056,informal-Arson-6,Arson
INF-0045234,informal-Burglary-2,Burglary
INF-0010102,informal-Theft-2,Theft
INF-0004472,informal-Arson-1,Arson
SYN-0005157,Cybercrime-4-layout2,Cybercrime
INF-0013280,informal-Arson-4,Arson
INF-0046667,informal-Cybercrime-1,Cybercrime
INF-0031036,informal-Fraud-9,Fraud
INF-0026799,informal-Vandalism-1,Vandalism
INF-0001462,informal-Theft-2,Theft
INF-0014194,informal-Burglary-10,Burglary
INF-0007413,informal-Robbery-8,Robbery
SYN-0001856,Burglary-0-layout5,Burglary
INF-0017871,informal-Vandalism-1,Vandalism
INF-0011711,informal-Vandalism-5,Vandalism
INF-0040401,informal-Assault-10,Assault
INF-0015134,informal-Theft-1,Theft
INF-0044655,informal-Vandalism-1,Vandalism
INF-0036312,informal-Arson-3,Arson
INF-0029829,informal-Robbery-2,Robbery
SYN-0001932,Fraud-1-layout0,Fraud
INF-0000495,informal-Vandalism-7,Vandalism
INF-0040911,informal-Vandalism-1,Vandalism
INF-0034460,informal-Fraud-5,Fraud
INF-0011958,informal-Theft-0,Theft
INF-0011525,informal-Robbery-0,Robbery
INF-0017078,informal-Theft-10,Theft
INF-0019797,informal-Robbery-8,Robbery
INF-0006803,informal-Cybercrime-4,Cybercrime
INF-0020769,informal-Assault-4,Assault
INF-0028435,informal-Cybercrime-8,Cybercrime
INF-0008133,informal-Robbery-8,Robbery
INF-0015264,informal-Arson-0,Arson
INF-0013454,informal-Theft-7,Theft
SYN-0005196,Fraud-1-layout3,Fraud
INF-0032040,informal-Arson-9,Arson
INF-0002741,informal-Robbery-0,Robbery
SYN-0010082,Theft-4-layout1,Theft
INF-0006109,informal-Robbery-7,Robbery
SYN-0004635,Assault-3-layout0,Assault
INF-0020457,informal-Assault-1,Assault
INF-0032879,informal-Vandalism-5,Vandalism
INF-0032913,informal-Assault-10,Assault
INF-0008685,informal-Robbery-5,Robbery
INF-0000762,informal-Burglary-5,Burglary
INF-0006506,informal-Burglary-3,Burglary
INF-0011593,informal-Assault-9,Assault
INF-0017030,informal-Theft-4,Theft
INF-0036185,informal-Assault-5,Assault
INF-0031279,informal-Vandalism-3,Vandalism
INF-0046659,informal-Cybercrime-0,Cybercrime
INF-0018627,informal-Cybercrime-6,Cybercrime
INF-0025259,informal-Cybercrime-7,Cybercrime
INF-0045435,informal-Cybercrime-9,Cybercrime
INF-0018167,informal-Vandalism-2,Vandalism
INF-0020741,informal-Robbery-0,Robbery
INF-0011976,informal-Arson-3,Arson
INF-0014849,informal-Assault-2,Assault
INF-0002165,informal-Robbery-0,Robbery
SYN-0003809,Robbery-4-layout5,Robbery
INF-0025985,informal-Assault-8,Assault
INF-0018604,informal-Fraud-3,Fraud
INF-0017774,informal-Theft-7,Theft
INF-0042048,informal-Arson-0,Arson
SYN-0003408,Burglary-2-layout5,Burglary
SYN-0007563,Assault-1-layout4,Assault
INF-0001886,informal-Theft-1,Theft
INF-0017801,informal-Assault-11,Assault
INF-0034716,informal-Fraud-1,Fraud
INF-0012575,informal-Vandalism-5,Vandalism
INF-0005550,informal-Theft-9,Theft
SYN-0002780,Fraud-3-layout1,Fraud
INF-0021659,informal-Cybercrime-7,Cybercrime
SYN-0007716,Fraud-4-layout0,Fraud
INF-0007688,informal-Arson-7,Arson
INF-0011109,informal-Robbery-2,Robbery
INF-0034578,informal-Burglary-2,Burglary
INF-0000728,informal-Arson-1,Arson
INF-0000341,informal-Robbery-6,Robbery
INF-0023211,informal-Cybercrime-3,Cybercrime
SYN-0003815,Arson-4-layout5,Arson
INF-0011115,informal-Cybercrime-3,Cybercrime
SYN-0006486,Vandalism-2-layout5,Vandalism
INF-0015061,informal-Robbery-10,Robbery
INF-0008148,informal-Fraud-10,Fraud
INF-0003773,informal-Robbery-3,Robbery
INF-0040361,informal-Assault-5,Assault
INF-0005850,informal-Burglary-11,Burglary
INF-0022694,informal-Theft-10,Theft
SYN-0006885,Cybercrime-4-layout5,Cybercrime
INF-0021773,informal-Robbery-3,Robbery
INF-0028748,informal-Fraud-11,Fraud
INF-0037020,informal-Fraud-1,Fraud
INF-0040832,informal-Arson-10,Arson
INF-0012406,informal-Theft-2,Theft
INF-0006283,informal-Cybercrime-11,Cybercrime
INF-0027287,informal-Vandalism-8,Vandalism
INF-0004955,informal-Cybercrime-7,Cybercrime
INF-0039970,informal-Burglary-10,Burglary
INF-0026582,informal-Theft-10,Theft
INF-0022518,informal-Theft-6,Theft
INF-0031022,informal-Theft-7,Theft
INF-0019361,informal-Assault-8,Assault
SYN-0006407,Arson-0-layout4,Arson
INF-0012471,informal-Vandalism-10,Vandalism
INF-0043391,informal-Vandalism-5,Vandalism
INF-0007852,informal-Fraud-9,Fraud
INF-0001457,informal-Assault-2,Assault
INF-0013547,informal-Cybercrime-1,Cybercrime
SYN-0010773,Cybercrime-2-layout0,Cybercrime
INF-0017205,informal-Robbery-8,Robbery
INF-0013719,informal-Vandalism-4,Vandalism
SYN-0005457,Robbery-2-layout1,Robbery
INF-0008098,informal-Burglary-4,Burglary
SYN-0001762,Theft-4-layout3,Theft
INF-0020819,informal-Cybercrime-10,Cybercrime
INF-0034885,informal-Robbery-4,Robbery
SYN-0007510,Vandalism-2-layout3,Vandalism
SYN-0007744,Burglary-0-layout1,Burglary
INF-0019358,informal-Theft-7,Theft
INF-0027289,informal-Assault-9,Assault
INF-0033998,informal-Theft-1,Theft
INF-0042690,informal-Burglary-8,Burglary
INF-0032726,informal-Theft-4,Theft
SYN-0009103,Arson-1-layout4,Arson
INF-0044443,informal-Cybercrime-11,Cybercrime
SYN-0011876,Fraud-4-layout5,Fraud
INF-0033617,informal-Assault-8,Assault
SYN-0002326,Vandalism-2-layout0,Vandalism
INF-0012863,informal-Vandalism-5,Vandalism
INF-0039047,informal-Vandalism-2,Vandalism
INF-0007398,informal-Theft-6,Theft
SYN-0006080,Burglary-0-layout5,Burglary
INF-0019498,informal-Burglary-7,Burglary
INF-0002534,informal-Theft-10,Theft
INF-0001180,informal-Fraud-3,Fraud
INF-0017610,informal-Burglary-5,Burglary
INF-0008729,informal-Assault-11,Assault
INF-0025686,informal-Theft-6,Theft
INF-0030559,informal-Vandalism-3,Vandalism
INF-0019334,informal-Theft-4,Theft
SYN-0008077,Cybercrime-1-layout0,Cybercrime
SYN-0001028,Fraud-0-layout4,Fraud
SYN-0007712,Burglary-4-layout0,Burglary
INF-0023703,informal-Vandalism-10,Vandalism
INF-0018354,informal-Burglary-8,Burglary
INF-0044209,informal-Assault-0,Assault
INF-0015626,informal-Burglary-9,Burglary
SYN-0005447,Arson-0-layout1,Arson
INF-0001600,informal-Arson-2,Arson
INF-0027140,informal-Fraud-8,Fraud
SYN-0001050,Theft-3-layout4,Theft
SYN-0006664,Burglary-1-layout2,Burglary
INF-0001773,informal-Robbery-5,Robbery
SYN-0009039,Arson-1-layout3,Arson
INF-0039260,informal-Fraud-11,Fraud
INF-0037344,informal-Arson-6,Arson
INF-0017771,informal-Cybercrime-7,Cybercrime
INF-0047304,informal-Arson-9,Arson
INF-0008640,informal-Arson-0,Arson
INF-0008672,informal-Arson-4,Arson
INF-0044284,informal-Fraud-9,Fraud
INF-0009578,informal-Burglary-9,Burglary
INF-0039969,informal-Assault-10,Assault
SYN-0008593,Robbery-2-layout2,Robbery
INF-0017002,informal-Burglary-1,Burglary
SYN-0003942,Vandalism-4-layout1,Vandalism
SYN-0010562,Theft-0-layout3,Theft
SYN-0009109,Cybercrime-2-layout4,Cybercrime
INF-0034641,informal-Assault-10,Assault
INF-0003478,informal-Theft-2,Theft
INF-0003397,informal-Robbery-10,Robbery
INF-0042141,informal-Robbery-11,Robbery
INF-0001083,informal-Cybercrime-9,Cybercrime
INF-0009947,informal-Cybercrime-1,Cybercrime
INF-0026685,informal-Robbery-5,Robbery
INF-0006699,informal-Cybercrime-9,Cybercrime
INF-0030129,informal-Assault-4,Assault
INF-0017170,informal-Burglary-4,Burglary
INF-0026001,informal-Assault-10,Assault
INF-0015056,informal-Arson-10,Arson
SYN-0003661,Cybercrime-1-layout3,Cybercrime
SYN-0001171,Assault-2-layout0,Assault
INF-0011105,informal-Assault-2,Assault
INF-0003760,informal-Arson-2,Arson
INF-0042548,informal-Fraud-8,Fraud
INF-0029444,informal-Fraud-8,Fraud
INF-0021209,informal-Assault-5,Assault
INF-0044243,informal-Cybercrime-4,Cybercrime
INF-0008988,informal-Fraud-7,Fraud
INF-0023789,informal-Robbery-3,Robbery
INF-0034140,informal-Fraud-1,Fraud
INF-0033210,informal-Burglary-11,Burglary
INF-0006802,informal-Burglary-4,Burglary
INF-0034643,informal-Cybercrime-10,Cybercrime
INF-0022380,informal-Fraud-7,Fraud
INF-0040551,informal-Vandalism-10,Vandalism
SYN-0002269,Cybercrime-3-layout5,Cybercrime
INF-0030308,informal-Fraud-8,Fraud
INF-0035508,informal-Fraud-10,Fraud
SYN-0002826,Theft-1-layout2,Theft
SYN-0006368,Burglary-4-layout3,Burglary
INF-0042632,informal-Arson-1,Arson
SYN-0011147,Assault-1-layout0,Assault
INF-0023349,informal-Robbery-2,Robbery
SYN-0007249,Robbery-2-layout5,Robbery
INF-0043677,informal-Robbery-5,Robbery
INF-0023260,informal-Fraud-9,Fraud
INF-0012719,informal-Vandalism-5,Vandalism
INF-0042271,informal-Vandalism-9,Vandalism
INF-0027672,informal-Arson-3,Arson
INF-0013864,informal-Arson-5,Arson
INF-0007415,informal-Vandalism-8,Vandalism
INF-0026233,informal-Assault-3,Assault
INF-0028298,informal-Burglary-9,Burglary
SYN-0004484,Fraud-0-layout4,Fraud
INF-0003539,informal-Cybercrime-10,Cybercrime
INF-0016323,informal-Cybercrime-6,Cybercrime
INF-0026583,informal-Vandalism-10,Vandalism
INF-0007492,informal-Fraud-0,Fraud
INF-0024052,informal-Fraud-0,Fraud
INF-0002395,informal-Cybercrime-11,Cybercrime
INF-0029025,informal-Assault-10,Assault
SYN-0008518,Vandalism-0-layout1,Vandalism
SYN-0003018,Theft-1-layout5,Theft
INF-0035936,informal-Arson-10,Arson
SYN-0004417,Robbery-0-layout3,Robbery
INF-0022356,informal-Fraud-4,Fraud
INF-0026392,informal-Arson-5,Arson
SYN-0001761,Robbery-4-layout3,Robbery
INF-0014147,informal-Cybercrime-4,Cybercrime
INF-0028451,informal-Cybercrime-10,Cybercrime
INF-0021496,informal-Arson-5,Arson
INF-0041923,informal-Cybercrime-2,Cybercrime
INF-0026932,informal-Fraud-0,Fraud
INF-0021755,informal-Cybercrime-1,Cybercrime
INF-0016313,informal-Assault-5,Assault
SYN-0003086,Vandalism-1-layout0,Vandalism
INF-0043939,informal-Cybercrime-2,Cybercrime
INF-0028268,informal-Fraud-5,Fraud
INF-0044250,informal-Burglary-5,Burglary
INF-0044211,informal-Cybercrime-0,Cybercrime
INF-0002462,informal-Theft-1,Theft
INF-0036052,informal-Fraud-6,Fraud
INF-0040946,informal-Burglary-6,Burglary
INF-0026690,informal-Burglary-6,Burglary
SYN-0000641,Robbery-0-layout4,Robbery
SYN-0004118,Vandalism-2-layout4,Vandalism
INF-0045705,informal-Assault-7,Assault
INF-0007498,informal-Burglary-1,Burglary
INF-0016875,informal-Cybercrime-3,Cybercrime
SYN-0009099,Assault-1-layout4,Assault
INF-0031768,informal-Arson-11,Arson
SYN-0000214,Vandalism-2-layout3,Vandalism
INF-0011553,informal-Assault-4,Assault
SYN-0009930,Theft-1-layout5,Theft
SYN-0008016,Burglary-2-layout5,Burglary
INF-0032571,informal-Cybercrime-3,Cybercrime
INF-0010310,informal-Theft-10,Theft
SYN-0002824,Burglary-1-layout2,Burglary
INF-0040324,informal-Fraud-0,Fraud
INF-0037809,informal-Assault-10,Assault
SYN-0006465,Robbery-0-layout5,Robbery
INF-0014724,informal-Fraud-4,Fraud
INF-0012115,informal-Cybercrime-2,Cybercrime
INF-0003061,informal-Robbery-4,Robbery
SYN-0007511,Arson-2-layout3,Arson
SYN-0004770,Theft-4-layout2,Theft
SYN-0004582,Vandalism-4-layout5,Vandalism
INF-0044995,informal-Cybercrime-8,Cybercrime
SYN-0000529,Robbery-2-layout2,Robbery
INF-0035454,informal-Theft-3,Theft
INF-0017805,informal-Robbery-11,Robbery
SYN-0000103,Arson-4-layout1,Arson
INF-0001731,informal-Cybercrime-0,Cybercrime
INF-0029826,informal-Burglary-2,Burglary
INF-0041202,informal-Burglary-2,Burglary
INF-0001587,informal-Cybercrime-0,Cybercrime
INF-0000929,informal-Assault-8,Assault
INF-0039973,informal-Robbery-10,Robbery
INF-0006797,informal-Robbery-3,Robbery
SYN-0005252,Fraud-0-layout4,Fraud
INF-0020749,informal-Robbery-1,Robbery
INF-0037014,informal-Theft-0,Theft
INF-0009675,informal-Cybercrime-3,Cybercrime
SYN-0000673,Robbery-4-layout4,Robbery
INF-0029271,informal-Vandalism-4,Vandalism
INF-0000796,informal-Fraud-9,Fraud
SYN-0009369,Robbery-3-layout2,Robbery
INF-0042404,informal-Fraud-8,Fraud
INF-0035004,informal-Fraud-1,Fraud
INF-0025853,informal-Robbery-9,Robbery
SYN-0006091,Assault-1-layout5,Assault
SYN-0001818,Theft-3-layout4,Theft
INF-0029837,informal-Robbery-3,Robbery
INF-0026007,informal-Vandalism-10,Vandalism
INF-0013043,informal-Cybercrime-10,Cybercrime
INF-0013145,informal-Assault-5,Assault
INF-0026784,informal-Arson-0,Arson
INF-0016496,informal-Arson-10,Arson
INF-0024194,informal-Burglary-0,Burglary
INF-0013198,informal-Theft-11,Theft
INF-0026816,informal-Arson-4,Arson
INF-0041566,informal-Theft-11,Theft
INF-0030133,informal-Robbery-4,Robbery
INF-0019237,informal-Robbery-10,Robbery
INF-0005934,informal-Theft-3,Theft
INF-0020611,informal-Cybercrime-2,Cybercrime
INF-0008284,informal-Fraud-9,Fraud
INF-0029845,informal-Robbery-4,Robbery
INF-0021378,informal-Burglary-8,Burglary
INF-0002943,informal-Vandalism-7,Vandalism
INF-0014292,informal-Fraud-4,Fraud
INF-0009594,informal-Burglary-11,Burglary
INF-0004218,informal-Burglary-5,Burglary
INF-0011715,informal-Cybercrime-6,Cybercrime
INF-0010726,informal-Theft-8,Theft
INF-0008870,informal-Theft-10,Theft
INF-0031482,informal-Burglary-11,Burglary
INF-0041421,informal-Robbery-11,Robbery
SYN-0008606,Vandalism-3-layout2,Vandalism
INF-0030479,informal-Vandalism-11,Vandalism
INF-0004231,informal-Vandalism-6,Vandalism
SYN-0009029,Cybercrime-0-layout3,Cybercrime
INF-0022665,informal-Assault-7,Assault
INF-0013899,informal-Cybercrime-9,Cybercrime
INF-0046258,informal-Burglary-4,Burglary
INF-0022411,informal-Cybercrime-11,Cybercrime
INF-0029264,informal-Arson-4,Arson
INF-0003530,informal-Burglary-9,Burglary
INF-0013397,informal-Robbery-0,Robbery
SYN-0008524,Fraud-1-layout1,Fraud
INF-0038171,informal-Cybercrime-1,Cybercrime
INF-0003939,informal-Cybercrime-6,Cybercrime
INF-0029976,informal-Arson-3,Arson
SYN-0003548,Fraud-3-layout1,Fraud
SYN-0007307,Assault-1-layout0,Assault
INF-0042569,informal-Assault-11,Assault
INF-0002487,informal-Vandalism-4,Vandalism
INF-0038467,informal-Cybercrime-2,Cybercrime
INF-0025084,informal-Fraud-3,Fraud
INF-0029847,informal-Vandalism-4,Vandalism
SYN-0000018,Theft-2-layout0,Theft
INF-0043938,informal-Burglary-2,Burglary
INF-0001873,informal-Assault-0,Assault
INF-0011149,informal-Robbery-7,Robbery
INF-0036810,informal-Burglary-11,Burglary
INF-0032459,informal-Cybercrime-7,Cybercrime
SYN-0003867,Assault-3-layout0,Assault
INF-0014152,informal-Arson-5,Arson
INF-0023217,informal-Assault-4,Assault
INF-0010863,informal-Vandalism-7,Vandalism
INF-0029260,informal-Fraud-3,Fraud
SYN-0002960,Burglary-2-layout4,Burglary
INF-0040511,informal-Vandalism-5,Vandalism
INF-0009099,informal-Cybercrime-3,Cybercrime
INF-0014406,informal-Theft-0,Theft
INF-0038238,informal-Theft-9,Theft
INF-0008928,informal-Arson-0,Arson
INF-0038349,informal-Robbery-5,Robbery
INF-0014572,informal-Fraud-3,Fraud
INF-0013326,informal-Theft-9,Theft
SYN-0004385,Robbery-4-layout2,Robbery
INF-0013968,informal-Arson-0,Arson
INF-0021626,informal-Burglary-3,Burglary
INF-0037592,informal-Arson-1,Arson
INF-0009568,informal-Arson-8,Arson
INF-0045433,informal-Assault-9,Assault
SYN-0008390,Vandalism-0-layout5,Vandalism
INF-0007120,informal-Arson-8,Arson
INF-0028524,informal-Fraud-1,Fraud
INF-0031405,informal-Robbery-1,Robbery
INF-0031038,informal-Theft-9,Theft
INF-0021245,informal-Robbery-9,Robbery
INF-0005851,informal-Cybercrime-11,Cybercrime
INF-0022805,informal-Robbery-6,Robbery
INF-0037238,informal-Theft-10,Theft
INF-0039040,informal-Arson-2,Arson
INF-0037019,informal-Cybercrime-1,Cybercrime
INF-0023398,informal-Theft-8,Theft
SYN-0006720,Burglary-0-layout3,Burglary
INF-0021049,informal-Assault-3,Assault
INF-0000603,informal-Cybercrime-3,Cybercrime
SYN-0010699,Assault-1-layout5,Assault
INF-0001788,informal-Fraud-7,Fraud
SYN-0008417,Robbery-4-layout5,Robbery
INF-0040207,informal-Vandalism-3,Vandalism
INF-0032885,informal-Robbery-6,Robbery
INF-0001102,informal-Theft-11,Theft
INF-0033442,informal-Burglary-4,Burglary
INF-0040835,informal-Cybercrime-10,Cybercrime
INF-0034062,informal-Theft-9,Theft
INF-0027226,informal-Burglary-1,Burglary
INF-0031541,informal-Robbery-0,Robbery
INF-0000345,informal-Assault-7,Assault
SYN-0003842,Theft-0-layout0,Theft
SYN-0011780,Fraud-0-layout4,Fraud
SYN-0008535,Arson-2-layout1,Arson
INF-0010540,informal-Fraud-3,Fraud
INF-0045150,informal-Theft-9,Theft
INF-0018152,informal-Arson-1,Arson
INF-0023225,informal-Assault-5,Assault
SYN-0004352,Burglary-0-layout2,Burglary
SYN-0008596,Fraud-2-layout2,Fraud
INF-0034881,informal-Assault-4,Assault
INF-0003955,informal-Cybercrime-8,Cybercrime
INF-0020742,informal-Theft-0,Theft
SYN-0010597,Cybercrime-4-layout3,Cybercrime
INF-0013911,informal-Vandalism-10,Vandalism
INF-0012281,informal-Assault-5,Assault
INF-0018012,informal-Fraud-1,Fraud
INF-0010828,informal-Fraud-3,Fraud
INF-0014005,informal-Robbery-4,Robbery
INF-0025226,informal-Burglary-3,Burglary
SYN-0003080,Burglary-1-layout0,Burglary
INF-0032030,informal-Theft-7,Theft
INF-0020907,informal-Cybercrime-3,Cybercrime
INF-0040119,informal-Vandalism-10,Vandalism
INF-0047453,informal-Robbery-9,Robbery
SYN-0005570,Theft-0-layout3,Theft
SYN-0000275,Assault-2-layout4,Assault
INF-0015851,informal-Cybercrime-1,Cybercrime
INF-0002397,informal-Robbery-11,Robbery
INF-0026234,informal-Burglary-3,Burglary
INF-0011710,informal-Theft-5,Theft
SYN-0006155,Assault-1-layout0,Assault
INF-0002198,informal-Theft-4,Theft
INF-0020606,informal-Theft-1,Theft
INF-0041951,informal-Vandalism-5,Vandalism
INF-0031427,informal-Cybercrime-4,Cybercrime
INF-0000600,informal-Arson-3,Arson
INF-0001787,informal-Cybercrime-7,Cybercrime
SYN-0005444,Fraud-0-layout1,Fraud
INF-0020344,informal-Arson-5,Arson
INF-0016477,informal-Robbery-7,Robbery
INF-0021668,informal-Fraud-8,Fraud
SYN-0006665,Robbery-1-layout2,Robbery
SYN-0004422,Vandalism-0-layout3,Vandalism
INF-0031258,informal-Burglary-1,Burglary
SYN-0007255,Arson-2-layout5,Arson
INF-0000760,informal-Arson-5,Arson
INF-0000524,informal-Fraud-11,Fraud
INF-0040362,informal-Burglary-5,Burglary
SYN-0000665,Robbery-3-layout4,Robbery
INF-0005852,informal-Fraud-11,Fraud
SYN-0011533,Cybercrime-1-layout0,Cybercrime
INF-0026289,informal-Assault-10,Assault
INF-0014481,informal-Assault-10,Assault
INF-0004637,informal-Robbery-3,Robbery
INF-0040057,informal-Assault-3,Assault
INF-0001872,informal-Arson-0,Arson
INF-0026711,informal-Vandalism-8,Vandalism
INF-0025687,informal-Vandalism-6,Vandalism
INF-0021210,informal-Burglary-5,Burglary
INF-0025979,informal-Cybercrime-7,Cybercrime
INF-0019191,informal-Vandalism-4,Vandalism
INF-0005217,informal-Assault-4,Assault
INF-0036191,informal-Vandalism-5,Vandalism
INF-0019309,informal-Robbery-1,Robbery
INF-0001794,informal-Burglary-8,Burglary
INF-0034746,informal-Burglary-5,Burglary
INF-0002948,informal-Fraud-8,Fraud
SYN-0010756,Fraud-0-layout0,Fraud
INF-0042854,informal-Theft-10,Theft
INF-0017317,informal-Robbery-4,Robbery
SYN-0008028,Fraud-3-layout5,Fraud
INF-0020026,informal-Burglary-1,Burglary
SYN-0008536,Burglary-3-layout1,Burglary
INF-0021457,informal-Assault-0,Assault
INF-0020650,informal-Burglary-7,Burglary
INF-0011714,informal-Burglary-6,Burglary
INF-0012297,informal-Assault-7,Assault
INF-0017218,informal-Burglary-10,Burglary
INF-0000148,informal-Fraud-0,Fraud
INF-0010109,informal-Robbery-3,Robbery
INF-0008797,informal-Robbery-1,Robbery
INF-0015020,informal-Fraud-5,Fraud
INF-0015708,informal-Fraud-1,Fraud
SYN-0008853,Cybercrime-2-layout0,Cybercrime
INF-0024835,informal-Cybercrime-8,Cybercrime
INF-0043832,informal-Arson-7,Arson
SYN-0003983,Arson-1-layout2,Arson
INF-0031484,informal-Fraud-11,Fraud
SYN-0008538,Theft-3-layout1,Theft
INF-0047977,informal-Assault-3,Assault
INF-0047570,informal-Burglary-6,Burglary
SYN-0001379,Assault-4-layout3,Assault
INF-0038307,informal-Cybercrime-0,Cybercrime
INF-0002335,informal-Vandalism-3,Vandalism
SYN-0002056,Burglary-1-layout2,Burglary
INF-0046961,informal-Assault-2,Assault
INF-0002968,informal-Arson-11,Arson
INF-0016188,informal-Fraud-7,Fraud
INF-0038057,informal-Assault-5,Assault
INF-0041069,informal-Robbery-3,Robbery
INF-0003942,informal-Theft-6,Theft
INF-0000342,informal-Theft-6,Theft
SYN-0002262,Vandalism-2-layout5,Vandalism
INF-0034348,informal-Fraud-9,Fraud
INF-0000499,informal-Cybercrime-8,Cybercrime
SYN-0007321,Robbery-3-layout0,Robbery
INF-0013176,informal-Arson-9,Arson
INF-0019758,informal-Theft-3,Theft
INF-0006569,informal-Assault-11,Assault
INF-0042816,informal-Arson-6,Arson
SYN-0009934,Vandalism-1-layout5,Vandalism
INF-0020530,informal-Burglary-10,Burglary
INF-0031862,informal-Theft-4,Theft
INF-0000145,informal-Assault-0,Assault
INF-0009943,informal-Vandalism-0,Vandalism
INF-0030885,informal-Robbery-8,Robbery
INF-0006381,informal-Robbery-5,Robbery
INF-0008144,informal-Arson-10,Arson
INF-0013419,informal-Cybercrime-3,Cybercrime
INF-0019063,informal-Vandalism-6,Vandalism
INF-0028445,informal-Robbery-9,Robbery
INF-0036048,informal-Arson-6,Arson
INF-0021251,informal-Cybercrime-10,Cybercrime
INF-0007509,informal-Robbery-2,Robbery
INF-0000305,informal-Assault-2,Assault
INF-0008430,informal-Theft-9,Theft
INF-0029736,informal-Arson-9,Arson
INF-0028297,informal-Assault-9,Assault
SYN-0010242,Theft-0-layout4,Theft
SYN-0003291,Assault-3-layout3,Assault
INF-0013338,informal-Burglary-11,Burglary
SYN-0011529,Robbery-1-layout0,Robbery
SYN-0004618,Theft-1-layout0,Theft
INF-0040184,informal-Arson-1,Arson
INF-0001461,informal-Robbery-2,Robbery
INF-0041976,informal-Arson-9,Arson
INF-0022498,informal-Burglary-4,Burglary
INF-0047107,informal-Cybercrime-2,Cybercrime
SYN-0007771,Assault-3-layout1,Assault
INF-0046658,informal-Burglary-0,Burglary
SYN-0006487,Arson-2-layout5,Arson
INF-0035326,informal-Theft-5,Theft
SYN-0011793,Robbery-2-layout4,Robbery
INF-0028301,informal-Robbery-9,Robbery
SYN-0007584,Burglary-4-layout4,Burglary
INF-0000186,informal-Burglary-5,Burglary
INF-0029591,informal-Vandalism-8,Vandalism
INF-0047601,informal-Assault-10,Assault
INF-0020053,informal-Robbery-4,Robbery
INF-0040839,informal-Vandalism-10,Vandalism
SYN-0003865,Robbery-3-layout0,Robbery
INF-0027578,informal-Burglary-9,Burglary
INF-0016705,informal-Assault-0,Assault
INF-0043495,informal-Vandalism-0,Vandalism
INF-0011983,informal-Vandalism-3,Vandalism
INF-0042647,informal-Vandalism-2,Vandalism
INF-0010091,informal-Cybercrime-1,Cybercrime
INF-0003825,informal-Assault-10,Assault
INF-0047575,informal-Vandalism-6,Vandalism
INF-0031835,informal-Cybercrime-1,Cybercrime
INF-0014483,informal-Cybercrime-10,Cybercrime
INF-0010282,informal-Burglary-7,Burglary
INF-0044372,informal-Fraud-2,Fraud
INF-0020913,informal-Assault-4,Assault
INF-0001101,informal-Robbery-11,Robbery
INF-0035776,informal-Arson-8,Arson
INF-0030884,informal-Fraud-8,Fraud
INF-0046124,informal-Fraud-5,Fraud
SYN-0006498,Theft-4-layout5,Theft
INF-0006639,informal-Vandalism-1,Vandalism
INF-0019184,informal-Arson-4,Arson
SYN-0002015,Arson-3-layout1,Arson
INF-0008650,informal-Burglary-1,Burglary
SYN-0005798,Vandalism-4-layout0,Vandalism
INF-0036940,informal-Fraud-9,Fraud
INF-0042801,informal-Assault-4,Assault
INF-0034365,informal-Robbery-11,Robbery
INF-0026498,informal-Burglary-0,Burglary
INF-0003081,informal-Assault-7,Assault
INF-0047604,informal-Fraud-10,Fraud
INF-0036941,informal-Robbery-9,Robbery
INF-0037350,informal-Theft-6,Theft
INF-0036939,informal-Cybercrime-9,Cybercrime
INF-0009433,informal-Assault-9,Assault
INF-0037813,informal-Robbery-10,Robbery
SYN-0008516,Fraud-0-layout1,Fraud
INF-0030158,informal-Theft-7,Theft
INF-0000806,informal-Theft-10,Theft
SYN-0002777,Robbery-3-layout1,Robbery
INF-0003923,informal-Cybercrime-4,Cybercrime
INF-0007416,informal-Arson-9,Arson
SYN-0009997,Cybercrime-1-layout0,Cybercrime
INF-0027361,informal-Assault-0,Assault
INF-0025578,informal-Burglary-11,Burglary
INF-0025097,informal-Assault-5,Assault
INF-0022686,informal-Theft-9,Theft
INF-0021501,informal-Robbery-5,Robbery
INF-0002740,informal-Fraud-0,Fraud
SYN-0000975,Arson-1-layout3,Arson
INF-0029270,informal-Theft-4,Theft
INF-0002486,informal-Theft-4,Theft
INF-0006420,informal-Fraud-10,Fraud
INF-0000932,informal-Fraud-8,Fraud
INF-0031175,informal-Vandalism-8,Vandalism
SYN-0006230,Vandalism-2-layout1,Vandalism
INF-0001186,informal-Burglary-4,Burglary
INF-0014487,informal-Vandalism-10,Vandalism
INF-0012620,informal-Fraud-11,Fraud
SYN-0002911,Arson-3-layout3,Arson
INF-0006354,informal-Burglary-2,Burglary
SYN-0005851,Assault-3-layout1,Assault
INF-0039467,informal-Cybercrime-1,Cybercrime
SYN-0010068,Fraud-2-layout1,Fraud
SYN-0004051,Assault-2-layout3,Assault
SYN-0004113,Robbery-2-layout4,Robbery
SYN-0004619,Assault-1-layout0,Assault
SYN-0005779,Assault-2-layout0,Assault
SYN-0006370,Theft-4-layout3,Theft
INF-0013149,informal-Robbery-5,Robbery
INF-0017870,informal-Theft-1,Theft
INF-0006485,informal-Robbery-0,Robbery
INF-0037064,informal-Arson-7,Arson
INF-0012623,informal-Vandalism-11,Vandalism
INF-0016191,informal-Vandalism-7,Vandalism
INF-0000352,informal-Arson-8,Arson
INF-0020193,informal-Assault-4,Assault
SYN-0007622,Vandalism-0-layout5,Vandalism
SYN-0008074,Theft-1-layout0,Theft
INF-0028437,informal-Robbery-8,Robbery
INF-0042575,informal-Vandalism-11,Vandalism
INF-0010723,informal-Cybercrime-8,Cybercrime
INF-0022327,informal-Vandalism-0,Vandalism
INF-0008149,informal-Robbery-10,Robbery
INF-0018043,informal-Cybercrime-5,Cybercrime
INF-0006792,informal-Arson-3,Arson
INF-0026290,informal-Burglary-10,Burglary
INF-0012402,informal-Burglary-2,Burglary
INF-0031551,informal-Vandalism-1,Vandalism
SYN-0008973,Cybercrime-1-layout2,Cybercrime
INF-0007986,informal-Burglary-8,Burglary
INF-0004372,informal-Fraud-6,Fraud
INF-0018661,informal-Robbery-10,Robbery
INF-0025567,informal-Vandalism-9,Vandalism
SYN-0002843,Assault-3-layout2,Assault
INF-0038229,informal-Robbery-8,Robbery
INF-0030012,informal-Fraud-7,Fraud
INF-0008153,informal-Assault-11,Assault
INF-0025583,informal-Vandalism-11,Vandalism
INF-0040036,informal-Fraud-0,Fraud
SYN-0002776,Burglary-3-layout1,Burglary
SYN-0004355,Assault-0-layout2,Assault
INF-0023231,informal-Vandalism-5,Vandalism
SYN-0005399,Arson-2-layout0,Arson
INF-0039396,informal-Fraud-10,Fraud
INF-0012469,informal-Robbery-10,Robbery
INF-0034647,informal-Vandalism-10,Vandalism
INF-0039255,informal-Vandalism-10,Vandalism
INF-0025419,informal-Cybercrime-9,Cybercrime
INF-0023791,informal-Vandalism-3,Vandalism
INF-0001953,informal-Assault-10,Assault
INF-0046543,informal-Vandalism-3,Vandalism
INF-0038106,informal-Burglary-11,Burglary
INF-0041068,informal-Fraud-3,Fraud
INF-0025566,informal-Theft-9,Theft
SYN-0009102,Vandalism-1-layout4,Vandalism
INF-0013753,informal-Assault-9,Assault
INF-0044256,informal-Arson-6,Arson
SYN-0008025,Robbery-3-layout5,Robbery
INF-0014484,informal-Fraud-10,Fraud
INF-0032351,informal-Vandalism-11,Vandalism
SYN-0011416,Burglary-3-layout4,Burglary
SYN-0002883,Assault-0-layout3,Assault
INF-0031168,informal-Arson-8,Arson
INF-0010256,informal-Arson-4,Arson
INF-0012303,informal-Vandalism-7,Vandalism
INF-0021957,informal-Robbery-8,Robbery
INF-0009718,informal-Theft-8,Theft
INF-0033846,informal-Theft-0,Theft
INF-0003085,informal-Robbery-7,Robbery
INF-0033866,informal-Burglary-3,Burglary
SYN-0011970,Theft-0-layout1,Theft
INF-0013715,informal-Cybercrime-4,Cybercrime
INF-0042802,informal-Burglary-4,Burglary
INF-0046238,informal-Theft-1,Theft
INF-0045807,informal-Vandalism-1,Vandalism
INF-0005979,informal-Cybercrime-9,Cybercrime
INF-0030761,informal-Assault-11,Assault
INF-0003082,informal-Burglary-7,Burglary
SYN-0010566,Vandalism-0-layout3,Vandalism
INF-0007698,informal-Burglary-8,Burglary
INF-0016307,informal-Cybercrime-4,Cybercrime
INF-0018166,informal-Theft-2,Theft
INF-0012299,informal-Cybercrime-7,Cybercrime
INF-0020881,informal-Assault-0,Assault
INF-0036190,informal-Theft-5,Theft
INF-0046016,informal-Arson-10,Arson
INF-0028834,informal-Burglary-4,Burglary
INF-0023911,informal-Vandalism-0,Vandalism
INF-0001329,informal-Assault-4,Assault
INF-0045805,informal-Robbery-1,Robbery
INF-0033647,informal-Vandalism-11,Vandalism
SYN-0001034,Theft-1-layout4,Theft
INF-0017087,informal-Vandalism-11,Vandalism
INF-0030179,informal-Cybercrime-10,Cybercrime
INF-0025392,informal-Arson-6,Arson
INF-0028454,informal-Theft-10,Theft
INF-0011894,informal-Theft-10,Theft
SYN-0009301,Cybercrime-2-layout1,Cybercrime
INF-0002941,informal-Robbery-7,Robbery
INF-0015868,informal-Fraud-3,Fraud
INF-0003484,informal-Fraud-3,Fraud
INF-0019605,informal-Robbery-2,Robbery
INF-0039029,informal-Robbery-0,Robbery
INF-0040546,informal-Burglary-10,Burglary
INF-0003063,informal-Vandalism-4,Vandalism
INF-0009938,informal-Burglary-0,Burglary
INF-0020748,informal-Fraud-1,Fraud
INF-0017767,informal-Vandalism-6,Vandalism
INF-0000875,informal-Cybercrime-1,Cybercrime
SYN-0002323,Assault-2-layout0,Assault
INF-0018757,informal-Robbery-4,Robbery
INF-0047827,informal-Cybercrime-2,Cybercrime
SYN-0006877,Cybercrime-3-layout5,Cybercrime
INF-0033886,informal-Theft-5,Theft
INF-0042402,informal-Burglary-8,Burglary
INF-0038493,informal-Robbery-5,Robbery
INF-0034360,informal-Arson-11,Arson
INF-0039261,informal-Robbery-11,Robbery
SYN-0008004,Fraud-0-layout5,Fraud
INF-0025829,informal-Robbery-6,Robbery
INF-0032441,informal-Assault-5,Assault
INF-0029677,informal-Robbery-1,Robbery
INF-0027729,informal-Assault-10,Assault
INF-0039628,informal-Fraud-3,Fraud
INF-0006386,informal-Burglary-6,Burglary
INF-0026515,informal-Cybercrime-2,Cybercrime
SYN-0002531,Assault-4-layout3,Assault
SYN-0001313,Robbery-4-layout2,Robbery
INF-0042646,informal-Theft-2,Theft
INF-0014880,informal-Arson-6,Arson
INF-0021367,informal-Vandalism-6,Vandalism
INF-0033612,informal-Fraud-7,Fraud
SYN-0010657,Robbery-4-layout4,Robbery
INF-0017727,informal-Vandalism-1,Vandalism
INF-0034470,informal-Theft-6,Theft
INF-0042640,informal-Arson-2,Arson
SYN-0005780,Fraud-2-layout0,Fraud
INF-0012388,informal-Fraud-0,Fraud
INF-0001084,informal-Fraud-9,Fraud
INF-0005547,informal-Cybercrime-9,Cybercrime
INF-0014472,informal-Arson-9,Arson
INF-0044445,informal-Robbery-11,Robbery
INF-0041914,informal-Burglary-1,Burglary
SYN-0002646,Vandalism-2-layout5,Vandalism
INF-0037925,informal-Robbery-6,Robbery
INF-0021459,informal-Cybercrime-0,Cybercrime
INF-0044242,informal-Burglary-4,Burglary
INF-0042230,informal-Theft-4,Theft
INF-0007494,informal-Theft-0,Theft
INF-0012400,informal-Arson-2,Arson
INF-0019307,informal-Cybercrime-1,Cybercrime
INF-0013040,informal-Arson-10,Arson
INF-0017063,informal-Vandalism-8,Vandalism
INF-0045445,informal-Robbery-10,Robbery
INF-0014149,informal-Robbery-4,Robbery
INF-0044363,informal-Cybercrime-1,Cybercrime
SYN-0010374,Vandalism-0-layout0,Vandalism
INF-0004633,informal-Assault-3,Assault
INF-0033435,informal-Cybercrime-3,Cybercrime
SYN-0003545,Robbery-3-layout1,Robbery
SYN-0006810,Theft-3-layout4,Theft
INF-0014436,informal-Fraud-4,Fraud
SYN-0010571,Assault-1-layout3,Assault
INF-0024238,informal-Theft-5,Theft
INF-0023345,informal-Assault-2,Assault
INF-0032031,informal-Vandalism-7,Vandalism
SYN-0002781,Cybercrime-3-layout1,Cybercrime
SYN-0005854,Vandalism-3-layout1,Vandalism
SYN-0004251,Assault-3-layout0,Assault
INF-0013729,informal-Assault-6,Assault
INF-0044972,informal-Fraud-5,Fraud
INF-0018044,informal-Fraud-5,Fraud
INF-0018437,informal-Robbery-0,Robbery
INF-0040188,informal-Fraud-1,Fraud
SYN-0011475,Assault-2-layout5,Assault
INF-0029808,informal-Arson-0,Arson
INF-0032149,informal-Robbery-4,Robbery
INF-0010889,informal-Assault-11,Assault
INF-0028985,informal-Assault-5,Assault
SYN-0008522,Theft-1-layout1,Theft
INF-0015486,informal-Theft-9,Theft
INF-0032878,informal-Theft-5,Theft
INF-0003761,informal-Assault-2,Assault
INF-0022911,informal-Vandalism-1,Vandalism
INF-0032574,informal-Theft-3,Theft
INF-0003640,informal-Arson-5,Arson
INF-0008096,informal-Arson-4,Arson
INF-0015132,informal-Fraud-1,Fraud
INF-0012816,informal-Arson-0,Arson
INF-0005932,informal-Fraud-3,Fraud
INF-0037916,informal-Fraud-5,Fraud
INF-0025093,informal-Robbery-4,Robbery
INF-0040769,informal-Assault-2,Assault
INF-0000338,informal-Burglary-6,Burglary
INF-0001733,informal-Robbery-0,Robbery
SYN-0010575,Arson-1-layout3,Arson
INF-0008156,informal-Fraud-11,Fraud
SYN-0000773,Cybercrime-0-layout0,Cybercrime
INF-0022191,informal-Vandalism-1,Vandalism
INF-0002885,informal-Robbery-0,Robbery
INF-0025229,informal-Robbery-3,Robbery
INF-0019344,informal-Arson-6,Arson
SYN-0008850,Theft-2-layout0,Theft
INF-0003819,informal-Cybercrime-9,Cybercrime
SYN-0011237,Cybercrime-4-layout1,Cybercrime
INF-0036771,informal-Cybercrime-6,Cybercrime
INF-0028172,informal-Fraud-11,Fraud
INF-0019442,informal-Burglary-0,Burglary
SYN-0004636,Fraud-3-layout0,Fraud
INF-0034469,informal-Robbery-6,Robbery
INF-0011150,informal-Theft-7,Theft
INF-0000071,informal-Vandalism-8,Vandalism
INF-0017213,informal-Robbery-9,Robbery
SYN-0010890,Theft-1-layout2,Theft
INF-0039514,informal-Burglary-7,Burglary
INF-0042055,informal-Vandalism-0,Vandalism
INF-0013126,informal-Theft-2,Theft
INF-0045265,informal-Assault-6,Assault
SYN-0010880,Burglary-0-layout2,Burglary
INF-0027545,informal-Assault-5,Assault
SYN-0004639,Arson-3-layout0,Arson
INF-0018758,informal-Theft-4,Theft
INF-0018373,informal-Robbery-10,Robbery
INF-0012387,informal-Cybercrime-0,Cybercrime
SYN-0006431,Arson-3-layout4,Arson
INF-0003533,informal-Robbery-9,Robbery
SYN-0001109,Cybercrime-2-layout5,Cybercrime
INF-0041982,informal-Theft-9,Theft
INF-0033449,informal-Assault-5,Assault
INF-0000789,informal-Robbery-8,Robbery
INF-0026068,informal-Fraud-0,Fraud
INF-0001768,informal-Arson-5,Arson
INF-0015473,informal-Assault-8,Assault
INF-0018206,informal-Theft-7,Theft
INF-0017373,informal-Robbery-11,Robbery
INF-0027158,informal-Theft-10,Theft
INF-0036888,informal-Arson-3,Arson
INF-0033559,informal-Vandalism-0,Vandalism
SYN-0000277,Cybercrime-2-layout4,Cybercrime
INF-0046811,informal-Cybercrime-1,Cybercrime
INF-0025980,informal-Fraud-7,Fraud
INF-0038761,informal-Assault-3,Assault
INF-0015269,informal-Robbery-0,Robbery
INF-0001184,informal-Arson-4,Arson
SYN-0003021,Cybercrime-1-layout5,Cybercrime
SYN-0009923,Assault-0-layout5,Assault
INF-0038027,informal-Cybercrime-1,Cybercrime
INF-0032914,informal-Burglary-10,Burglary
INF-0000767,informal-Vandalism-5,Vandalism
INF-0044420,informal-Fraud-8,Fraud
INF-0038666,informal-Burglary-9,Burglary
INF-0015628,informal-Fraud-9,Fraud
SYN-0005273,Robbery-3-layout4,Robbery
INF-0022465,informal-Assault-0,Assault
INF-0036438,informal-Theft-0,Theft
INF-0027427,informal-Cybercrime-8,Cybercrime
INF-0044262,informal-Theft-6,Theft
INF-0041760,informal-Arson-0,Arson
INF-0043786,informal-Burglary-1,Burglary
SYN-0001884,Fraud-3-layout5,Fraud
INF-0034580,informal-Fraud-2,Fraud
SYN-0004117,Cybercrime-2-layout4,Cybercrime
INF-0047309,informal-Robbery-9,Robbery
INF-0019175,informal-Vandalism-2,Vandalism
INF-0013151,informal-Vandalism-5,Vandalism
INF-0003217,informal-Assault-6,Assault
INF-0030597,informal-Robbery-8,Robbery
INF-0025136,informal-Arson-10,Arson
INF-0013550,informal-Theft-1,Theft
INF-0029038,informal-Theft-11,Theft
SYN-0005126,Vandalism-0-layout2,Vandalism
INF-0021808,informal-Arson-8,Arson
INF-0020653,informal-Robbery-7,Robbery
INF-0035493,informal-Robbery-8,Robbery
SYN-0010758,Vandalism-0-layout0,Vandalism
INF-0020674,informal-Burglary-10,Burglary
INF-0034873,informal-Assault-3,Assault
INF-0013192,informal-Arson-11,Arson
INF-0018201,informal-Assault-7,Assault
INF-0028520,informal-Arson-1,Arson
SYN-0007141,Cybercrime-4-layout3,Cybercrime
INF-0030156,informal-Fraud-7,Fraud
INF-0036949,informal-Robbery-10,Robbery
INF-0030874,informal-Burglary-7,Burglary
SYN-0006231,Arson-2-layout1,Arson
INF-0029838,informal-Theft-3,Theft
INF-0032335,informal-Vandalism-9,Vandalism
SYN-0008136,Burglary-1-layout1,Burglary
INF-0022499,informal-Cybercrime-4,Cybercrime
INF-0005089,informal-Assault-6,Assault
INF-0020251,informal-Cybercrime-11,Cybercrime
SYN-0005395,Assault-2-layout0,Assault
SYN-0000771,Assault-0-layout0,Assault
INF-0024625,informal-Assault-0,Assault
INF-0038473,informal-Assault-3,Assault
INF-0039490,informal-Burglary-4,Burglary
INF-0001795,informal-Cybercrime-8,Cybercrime
INF-0045223,informal-Vandalism-0,Vandalism
INF-0007141,informal-Robbery-10,Robbery
INF-0031717,informal-Robbery-4,Robbery
INF-0015706,informal-Burglary-1,Burglary
SYN-0001939,Assault-2-layout0,Assault
SYN-0008022,Vandalism-2-layout5,Vandalism
SYN-0000668,Fraud-3-layout4,Fraud
INF-0000328,informal-Arson-5,Arson
INF-0031584,informal-Arson-6,Arson
SYN-0009823,Arson-3-layout3,Arson
SYN-0009034,Theft-1-layout3,Theft
SYN-0008208,Burglary-2-layout2,Burglary
INF-0042672,informal-Arson-6,Arson
INF-0002497,informal-Assault-6,Assault
INF-0003672,informal-Arson-9,Arson
INF-0012997,informal-Robbery-4,Robbery
INF-0005528,informal-Arson-7,Arson
INF-0031585,informal-Assault-6,Assault
SYN-0007891,Assault-2-layout3,Assault
SYN-0009752,Burglary-3-layout2,Burglary
INF-0028140,informal-Fraud-7,Fraud
INF-0018630,informal-Theft-6,Theft
INF-0017721,informal-Assault-1,Assault
INF-0045709,informal-Robbery-7,Robbery
INF-0019947,informal-Cybercrime-9,Cybercrime
INF-0033706,informal-Burglary-1,Burglary
INF-0000161,informal-Assault-2,Assault
INF-0012865,informal-Assault-6,Assault
INF-0042792,informal-Arson-3,Arson
INF-0023413,informal-Robbery-10,Robbery
INF-0044281,informal-Assault-9,Assault
INF-0022664,informal-Arson-7,Arson
INF-0036929,informal-Assault-8,Assault
INF-0030767,informal-Vandalism-11,Vandalism
INF-0005697,informal-Assault-10,Assault
INF-0017029,informal-Robbery-4,Robbery
INF-0046007,informal-Vandalism-8,Vandalism
INF-0019360,informal-Arson-8,Arson
SYN-0008000,Burglary-0-layout5,Burglary
INF-0002106,informal-Burglary-11,Burglary
INF-0018203,informal-Cybercrime-7,Cybercrime
INF-0038061,informal-Robbery-5,Robbery
INF-0031483,informal-Cybercrime-11,Cybercrime
INF-0020929,informal-Assault-6,Assault
SYN-0010630,Vandalism-0-layout4,Vandalism
INF-0012595,informal-Cybercrime-8,Cybercrime
INF-0045391,informal-Vandalism-3,Vandalism
INF-0039251,informal-Cybercrime-10,Cybercrime
INF-0031915,informal-Cybercrime-11,Cybercrime
SYN-0000989,Cybercrime-3-layout3,Cybercrime
SYN-0006671,Arson-1-layout2,Arson
SYN-0009416,Burglary-1-layout3,Burglary
INF-0021465,informal-Assault-1,Assault
INF-0023410,informal-Burglary-10,Burglary
INF-0016184,informal-Arson-7,Arson
SYN-0010467,Assault-4-layout1,Assault
INF-0038173,informal-Robbery-1,Robbery
INF-0020030,informal-Theft-1,Theft
INF-0002750,informal-Theft-1,Theft
INF-0018454,informal-Theft-2,Theft
INF-0025824,informal-Arson-6,Arson
INF-0000239,informal-Vandalism-11,Vandalism
INF-0011409,informal-Assault-4,Assault
INF-0001957,informal-Robbery-10,Robbery
SYN-0005571,Assault-0-layout3,Assault
INF-0044705,informal-Assault-8,Assault
SYN-0004943,Arson-1-layout5,Arson
INF-0007835,informal-Cybercrime-7,Cybercrime
INF-0017075,informal-Cybercrime-10,Cybercrime
INF-0043382,informal-Theft-4,Theft
INF-0009444,informal-Fraud-10,Fraud
INF-0018593,informal-Assault-2,Assault
INF-0017741,informal-Robbery-3,Robbery
SYN-0010771,Assault-2-layout0,Assault
INF-0018160,informal-Arson-2,Arson
INF-0017004,informal-Fraud-1,Fraud
INF-0038756,informal-Fraud-2,Fraud
INF-0007984,informal-Arson-8,Arson
INF-0000610,informal-Burglary-4,Burglary
INF-0010100,informal-Fraud-2,Fraud
INF-0039066,informal-Burglary-5,Burglary
INF-0012390,informal-Theft-0,Theft
INF-0046705,informal-Assault-6,Assault
INF-0002032,informal-Arson-2,Arson
INF-0027153,informal-Assault-10,Assault
INF-0047974,informal-Theft-2,Theft
INF-0000492,informal-Fraud-7,Fraud
INF-0014545,informal-Assault-0,Assault
INF-0003221,informal-Robbery-6,Robbery
SYN-0006371,Assault-4-layout3,Assault
SYN-0003417,Robbery-3-layout5,Robbery
INF-0012302,informal-Theft-7,Theft
INF-0014746,informal-Burglary-7,Burglary
INF-0045271,informal-Vandalism-6,Vandalism
INF-0014002,informal-Burglary-4,Burglary
INF-0003927,informal-Vandalism-4,Vandalism
INF-0002630,informal-Theft-4,Theft
INF-0012599,informal-Vandalism-8,Vandalism
SYN-0000192,Burglary-0-layout3,Burglary
SYN-0005523,Assault-2-layout2,Assault
INF-0039073,informal-Assault-6,Assault
INF-0022500,informal-Fraud-4,Fraud
INF-0007145,informal-Assault-11,Assault
SYN-0007886,Vandalism-1-layout3,Vandalism
INF-0033180,informal-Fraud-7,Fraud
INF-0000355,informal-Cybercrime-8,Cybercrime
INF-0040043,informal-Cybercrime-1,Cybercrime
INF-0037471,informal-Vandalism-3,Vandalism
INF-0022100,informal-Fraud-8,Fraud
INF-0030702,informal-Theft-3,Theft
INF-0023213,informal-Robbery-3,Robbery
SYN-0010595,Assault-4-layout3,Assault
INF-0045525,informal-Robbery-2,Robbery
INF-0017624,informal-Arson-7,Arson
SYN-0007252,Fraud-2-layout5,Fraud
INF-0006654,informal-Theft-3,Theft
INF-0024839,informal-Vandalism-8,Vandalism
INF-0041070,informal-Theft-3,Theft
SYN-0007681,Robbery-0-layout0,Robbery
INF-0015442,informal-Burglary-4,Burglary
INF-0018793,informal-Assault-9,Assault
SYN-0006108,Fraud-3-layout5,Fraud
INF-0034059,informal-Cybercrime-9,Cybercrime
INF-0007855,informal-Vandalism-9,Vandalism
INF-0020052,informal-Fraud-4,Fraud
INF-0024235,informal-Cybercrime-5,Cybercrime
INF-0014613,informal-Robbery-8,Robbery
INF-0033615,informal-Vandalism-7,Vandalism
INF-0021340,informal-Fraud-3,Fraud
INF-0002249,informal-Assault-11,Assault
INF-0004202,informal-Burglary-3,Burglary
INF-0005620,informal-Fraud-0,Fraud
INF-0009133,informal-Robbery-7,Robbery
INF-0018957,informal-Robbery-11,Robbery
SYN-0008142,Vandalism-1-layout1,Vandalism
INF-0020532,informal-Fraud-10,Fraud
INF-0016915,informal-Cybercrime-8,Cybercrime
INF-0007144,informal-Arson-11,Arson
INF-0018618,informal-Burglary-5,Burglary
INF-0044154,informal-Burglary-11,Burglary
INF-0022336,informal-Arson-2,Arson
INF-0003503,informal-Vandalism-5,Vandalism
INF-0016312,informal-Arson-5,Arson
SYN-0007172,Fraud-0-layout4,Fraud
INF-0012820,informal-Fraud-0,Fraud
SYN-0005716,Fraud-2-layout5,Fraud
SYN-0006484,Fraud-2-layout5,Fraud
INF-0010666,informal-Burglary-1,Burglary
INF-0021361,informal-Assault-6,Assault
INF-0014848,informal-Arson-2,Arson
INF-0022056,informal-Arson-3,Arson
INF-0015186,informal-Burglary-8,Burglary
INF-0021395,informal-Cybercrime-10,Cybercrime
INF-0020632,informal-Arson-5,Arson
INF-0037469,informal-Robbery-3,Robbery
INF-0021798,informal-Theft-6,Theft
INF-0035355,informal-Cybercrime-9,Cybercrime
INF-0036291,informal-Cybercrime-0,Cybercrime
INF-0032291,informal-Cybercrime-4,Cybercrime
INF-0005981,informal-Robbery-9,Robbery
INF-0033050,informal-Burglary-9,Burglary
INF-0019170,informal-Burglary-2,Burglary
SYN-0009808,Burglary-2-layout3,Burglary
INF-0002461,informal-Robbery-1,Robbery
INF-0040838,informal-Theft-10,Theft
INF-0005976,informal-Arson-9,Arson
INF-0035940,informal-Fraud-10,Fraud
SYN-0002904,Burglary-3-layout3,Burglary
SYN-0003420,Fraud-3-layout5,Fraud
INF-0005551,informal-Vandalism-9,Vandalism
SYN-0009181,Cybercrime-3-layout5,Cybercrime
SYN-0007760,Burglary-2-layout1,Burglary
INF-0009385,informal-Assault-3,Assault
INF-0038525,informal-Robbery-9,Robbery
INF-0024233,informal-Assault-5,Assault
INF-0025416,informal-Arson-9,Arson
INF-0012680,informal-Arson-1,Arson
INF-0043572,informal-Fraud-10,Fraud
INF-0042512,informal-Arson-4,Arson
INF-0036433,informal-Assault-0,Assault
INF-0004415,informal-Vandalism-11,Vandalism
INF-0046661,informal-Robbery-0,Robbery
SYN-0008479,Arson-3-layout0,Arson
INF-0010108,informal-Fraud-3,Fraud
INF-0016443,informal-Cybercrime-3,Cybercrime
SYN-0009688,Burglary-3-layout1,Burglary
INF-0023049,informal-Assault-1,Assault
INF-0045420,informal-Fraud-7,Fraud
INF-0027222,informal-Theft-0,Theft
INF-0025099,informal-Cybercrime-5,Cybercrime
SYN-0011103,Arson-3-layout5,Arson
INF-0022474,informal-Burglary-1,Burglary
INF-0002505,informal-Assault-7,Assault
INF-0012679,informal-Vandalism-0,Vandalism
INF-0046393,informal-Assault-3,Assault
INF-0028534,informal-Theft-2,Theft
INF-0016319,informal-Vandalism-5,Vandalism
INF-0024668,informal-Fraud-5,Fraud
INF-0044437,informal-Robbery-10,Robbery
SYN-0005799,Arson-4-layout0,Arson
INF-0014153,informal-Assault-5,Assault
INF-0009282,informal-Burglary-8,Burglary
SYN-0006084,Fraud-0-layout5,Fraud
INF-0032458,informal-Burglary-7,Burglary
INF-0006770,informal-Burglary-0,Burglary
INF-0000505,informal-Assault-9,Assault
INF-0040840,informal-Arson-11,Arson
INF-0019049,informal-Assault-5,Assault
INF-0038949,informal-Robbery-8,Robbery
INF-0020626,informal-Burglary-4,Burglary
INF-0036513,informal-Assault-10,Assault
SYN-0007587,Assault-4-layout4,Assault
INF-0006912,informal-Arson-0,Arson
INF-0043538,informal-Burglary-6,Burglary
SYN-0004229,Cybercrime-0-layout0,Cybercrime
INF-0040205,informal-Robbery-3,Robbery
INF-0008158,informal-Theft-11,Theft
INF-0008800,informal-Arson-2,Arson
INF-0031590,informal-Theft-6,Theft
INF-0044362,informal-Burglary-1,Burglary
SYN-0003723,Assault-1-layout4,Assault
SYN-0005463,Arson-2-layout1,Arson
INF-0020768,informal-Arson-4,Arson
INF-0021502,informal-Theft-5,Theft
INF-0021054,informal-Theft-3,Theft
SYN-0004892,Fraud-3-layout4,Fraud
INF-0024193,informal-Assault-0,Assault
INF-0009388,informal-Fraud-3,Fraud
INF-0003223,informal-Vandalism-6,Vandalism
INF-0037239,informal-Vandalism-10,Vandalism
INF-0042796,informal-Fraud-3,Fraud
INF-0013872,informal-Arson-6,Arson
SYN-0006474,Theft-1-layout5,Theft
SYN-0007517,Cybercrime-3-layout3,Cybercrime
INF-0012270,informal-Theft-3,Theft
INF-0044731,informal-Cybercrime-11,Cybercrime
INF-0042664,informal-Arson-5,Arson
INF-0017750,informal-Theft-4,Theft
INF-0025683,informal-Cybercrime-6,Cybercrime
INF-0021255,informal-Vandalism-10,Vandalism
INF-0029034,informal-Burglary-11,Burglary
INF-0026682,informal-Burglary-5,Burglary
INF-0036515,informal-Cybercrime-10,Cybercrime
INF-0021365,informal-Robbery-6,Robbery
INF-0030881,informal-Assault-8,Assault
INF-0019815,informal-Vandalism-10,Vandalism
INF-0030875,informal-Cybercrime-7,Cybercrime
INF-0039394,informal-Burglary-10,Burglary
INF-0021182,informal-Theft-1,Theft
INF-0017882,informal-Burglary-3,Burglary
INF-0016011,informal-Cybercrime-3,Cybercrime
INF-0008260,informal-Fraud-6,Fraud
INF-0000144,informal-Arson-0,Arson
INF-0008804,informal-Fraud-2,Fraud
INF-0035881,informal-Assault-3,Assault
INF-0013537,informal-Assault-0,Assault
INF-0002095,informal-Vandalism-9,Vandalism
INF-0037914,informal-Burglary-5,Burglary
INF-0017038,informal-Theft-5,Theft
INF-0008674,informal-Burglary-4,Burglary
INF-0026291,informal-Cybercrime-10,Cybercrime
INF-0029307,informal-Cybercrime-9,Cybercrime
SYN-0006669,Cybercrime-1-layout2,Cybercrime
INF-0017210,informal-Burglary-9,Burglary
INF-0038346,informal-Burglary-5,Burglary
INF-0038228,informal-Fraud-8,Fraud
SYN-0005890,Theft-0-layout2,Theft
SYN-0002582,Vandalism-2-layout4,Vandalism
INF-0032434,informal-Burglary-4,Burglary
INF-0033446,informal-Theft-4,Theft
SYN-0002885,Cybercrime-0-layout3,Cybercrime
INF-0016445,informal-Robbery-3,Robbery
INF-0041274,informal-Burglary-11,Burglary
SYN-0008537,Robbery-3-layout1,Robbery
SYN-0011478,Vandalism-2-layout5,Vandalism
INF-0038664,informal-Arson-9,Arson
INF-0003668,informal-Fraud-8,Fraud
INF-0005220,informal-Fraud-4,Fraud
INF-0022322,informal-Burglary-0,Burglary
SYN-0005777,Robbery-2-layout0,Robbery
SYN-0011558,Vandalism-4-layout0,Vandalism
INF-0021824,informal-Arson-10,Arson
INF-0008138,informal-Burglary-9,Burglary
INF-0000165,informal-Robbery-2,Robbery
INF-0021053,informal-Robbery-3,Robbery
INF-0026712,informal-Arson-9,Arson
INF-0027219,informal-Cybercrime-0,Cybercrime
SYN-0004390,Vandalism-4-layout2,Vandalism
INF-0018372,informal-Fraud-10,Fraud
INF-0046098,informal-Burglary-2,Burglary
INF-0006634,informal-Burglary-1,Burglary
INF-0043920,informal-Arson-0,Arson
SYN-0011553,Robbery-4-layout0,Robbery
SYN-0006106,Theft-3-layout5,Theft
INF-0025387,informal-Cybercrime-5,Cybercrime
INF-0000309,informal-Robbery-2,Robbery
INF-0033332,informal-Fraud-8,Fraud
INF-0014037,informal-Robbery-8,Robbery
INF-0015631,informal-Vandalism-9,Vandalism
INF-0035344,informal-Arson-8,Arson
SYN-0008604,Fraud-3-layout2,Fraud
INF-0045862,informal-Theft-8,Theft
INF-0033207,informal-Vandalism-10,Vandalism
SYN-0005012,Fraud-2-layout0,Fraud
INF-0034069,informal-Robbery-10,Robbery
SYN-0011145,Robbery-1-layout0,Robbery
INF-0014051,informal-Cybercrime-10,Cybercrime
INF-0022486,informal-Theft-2,Theft
INF-0026999,informal-Vandalism-8,Vandalism
INF-0005234,informal-Burglary-6,Burglary
INF-0021181,informal-Robbery-1,Robbery
INF-0002341,informal-Robbery-4,Robbery
SYN-0010691,Assault-0-layout5,Assault
INF-0018362,informal-Burglary-9,Burglary
INF-0040112,informal-Arson-10,Arson
INF-0036773,informal-Robbery-6,Robbery
INF-0003536,informal-Arson-10,Arson
SYN-0009309,Cybercrime-3-layout1,Cybercrime
SYN-0007137,Robbery-4-layout3,Robbery
INF-0019922,informal-Burglary-6,Burglary
INF-0029441,informal-Assault-8,Assault
INF-0046562,informal-Burglary-6,Burglary
SYN-0008594,Theft-2-layout2,Theft
INF-0025823,informal-Vandalism-5,Vandalism
INF-0038669,informal-Robbery-9,Robbery
SYN-0003527,Arson-0-layout1,Arson
INF-0044153,informal-Assault-11,Assault
SYN-0004112,Burglary-2-layout4,Burglary
INF-0046751,informal-Vandalism-11,Vandalism
SYN-0007320,Burglary-3-layout0,Burglary
INF-0003249,informal-Assault-10,Assault
INF-0045284,informal-Fraud-8,Fraud
INF-0044706,informal-Burglary-8,Burglary
INF-0005197,informal-Robbery-1,Robbery
INF-0047900,informal-Fraud-11,Fraud
INF-0006769,informal-Assault-0,Assault
INF-0037232,informal-Arson-10,Arson
INF-0025561,informal-Assault-9,Assault
INF-0028530,informal-Burglary-2,Burglary
SYN-0003937,Robbery-4-layout1,Robbery
INF-0000498,informal-Burglary-8,Burglary
SYN-0011725,Cybercrime-1-layout3,Cybercrime
INF-0022766,informal-Theft-1,Theft
INF-0005529,informal-Assault-7,Assault
INF-0039643,informal-Cybercrime-5,Cybercrime
INF-0015201,informal-Assault-10,Assault
INF-0044213,informal-Robbery-0,Robbery
INF-0029458,informal-Burglary-10,Burglary
INF-0023910,informal-Theft-0,Theft
INF-0042858,informal-Burglary-11,Burglary
INF-0021463,informal-Vandalism-0,Vandalism
INF-0006775,informal-Vandalism-0,Vandalism
INF-0031914,informal-Burglary-11,Burglary
SYN-0000772,Fraud-0-layout0,Fraud
INF-0044969,informal-Assault-5,Assault
INF-0044269,informal-Robbery-7,Robbery
INF-0045519,informal-Vandalism-1,Vandalism
INF-0040203,informal-Cybercrime-3,Cybercrime
INF-0031834,informal-Burglary-1,Burglary
INF-0006795,informal-Cybercrime-3,Cybercrime
INF-0037021,informal-Robbery-1,Robbery
INF-0020364,informal-Fraud-7,Fraud
INF-0029402,informal-Burglary-3,Burglary
INF-0014061,informal-Robbery-11,Robbery
INF-0047961,informal-Assault-1,Assault
INF-0012858,informal-Burglary-5,Burglary
INF-0017723,informal-Cybercrime-1,Cybercrime
SYN-0006337,Robbery-0-layout3,Robbery
INF-0018596,informal-Fraud-2,Fraud
SYN-0007003,Assault-3-layout1,Assault
INF-0008150,informal-Theft-10,Theft
INF-0020055,informal-Vandalism-4,Vandalism
INF-0006106,informal-Burglary-7,Burglary
INF-0013269,informal-Robbery-2,Robbery
INF-0001326,informal-Theft-3,Theft
INF-0017183,informal-Vandalism-5,Vandalism
INF-0026295,informal-Vandalism-10,Vandalism
INF-0045407,informal-Vandalism-5,Vandalism
INF-0044155,informal-Cybercrime-11,Cybercrime
INF-0032460,informal-Fraud-7,Fraud
INF-0012557,informal-Robbery-3,Robbery
INF-0031033,informal-Assault-9,Assault
INF-0007819,informal-Cybercrime-5,Cybercrime
INF-0020324,informal-Fraud-2,Fraud
INF-0007701,informal-Robbery-8,Robbery
INF-0031136,informal-Arson-4,Arson
INF-0036912,informal-Arson-6,Arson
INF-0033883,informal-Cybercrime-5,Cybercrime
INF-0024999,informal-Vandalism-10,Vandalism
INF-0020751,informal-Vandalism-1,Vandalism
INF-0033869,informal-Robbery-3,Robbery
INF-0022070,informal-Theft-4,Theft
INF-0038172,informal-Fraud-1,Fraud
INF-0030623,informal-Vandalism-11,Vandalism
INF-0025389,informal-Robbery-5,Robbery
INF-0042678,informal-Theft-6,Theft
INF-0028523,informal-Cybercrime-1,Cybercrime
INF-0042863,informal-Vandalism-11,Vandalism
INF-0047825,informal-Assault-2,Assault
INF-0046949,informal-Robbery-0,Robbery
SYN-0002963,Assault-2-layout4,Assault
INF-0034715,informal-Cybercrime-1,Cybercrime
INF-0038489,informal-Assault-5,Assault
INF-0021179,informal-Cybercrime-1,Cybercrime
SYN-0005193,Robbery-1-layout3,Robbery
INF-0046706,informal-Burglary-6,Burglary
INF-0029259,informal-Cybercrime-3,Cybercrime
INF-0021965,informal-Robbery-9,Robbery
INF-0004941,informal-Robbery-5,Robbery
INF-0009589,informal-Robbery-10,Robbery
INF-0044848,informal-Arson-8,Arson
SYN-0010020,Fraud-4-layout0,Fraud
INF-0016318,informal-Theft-5,Theft
INF-0005983,informal-Vandalism-9,Vandalism
INF-0000522,informal-Burglary-11,Burglary
INF-0021052,informal-Fraud-3,Fraud
INF-0042675,informal-Cybercrime-6,Cybercrime
INF-0035324,informal-Fraud-5,Fraud
INF-0040818,informal-Burglary-8,Burglary
SYN-0000524,Fraud-1-layout2,Fraud
SYN-0002642,Theft-2-layout5,Theft
INF-0046304,informal-Arson-10,Arson
INF-0009949,informal-Robbery-1,Robbery
INF-0031775,informal-Vandalism-11,Vandalism
INF-0017039,informal-Vandalism-5,Vandalism
INF-0011718,informal-Theft-6,Theft
INF-0007244,informal-Fraud-5,Fraud
INF-0005534,informal-Theft-7,Theft
INF-0010702,informal-Theft-5,Theft
INF-0006575,informal-Vandalism-11,Vandalism
INF-0002254,informal-Theft-11,Theft
SYN-0001767,Arson-4-layout3,Arson
SYN-0002880,Burglary-0-layout3,Burglary
INF-0002339,informal-Cybercrime-4,Cybercrime
INF-0008735,informal-Vandalism-11,Vandalism
INF-0001781,informal-Robbery-6,Robbery
SYN-0011721,Robbery-1-layout3,Robbery
SYN-0002062,Vandalism-1-layout2,Vandalism
SYN-0010019,Assault-4-layout0,Assault
INF-0015267,informal-Cybercrime-0,Cybercrime
SYN-0007304,Burglary-1-layout0,Burglary
SYN-0007004,Fraud-3-layout1,Fraud
INF-0021666,informal-Burglary-8,Burglary
INF-0015128,informal-Arson-1,Arson
INF-0002739,informal-Cybercrime-0,Cybercrime
SYN-0011020,Fraud-1-layout4,Fraud
INF-0039208,informal-Arson-5,Arson
INF-0010972,informal-Fraud-3,Fraud
INF-0015487,informal-Vandalism-9,Vandalism
INF-0034617,informal-Assault-7,Assault
INF-0002625,informal-Assault-4,Assault
INF-0002458,informal-Burglary-1,Burglary
INF-0031844,informal-Fraud-2,Fraud
SYN-0010777,Robbery-3-layout0,Robbery
INF-0032151,informal-Vandalism-4,Vandalism
INF-0043490,informal-Burglary-0,Burglary
SYN-0002195,Assault-2-layout4,Assault
INF-0026681,informal-Assault-5,Assault
INF-0021771,informal-Cybercrime-3,Cybercrime
INF-0017722,informal-Burglary-1,Burglary
INF-0039253,informal-Robbery-10,Robbery
INF-0014726,informal-Theft-4,Theft
SYN-0007392,Burglary-4-layout1,Burglary
SYN-0011544,Burglary-3-layout0,Burglary
INF-0020754,informal-Burglary-2,Burglary
INF-0015757,informal-Robbery-7,Robbery
INF-0032720,informal-Arson-4,Arson
INF-0000765,informal-Robbery-5,Robbery
INF-0030011,informal-Cybercrime-7,Cybercrime
SYN-0008848,Burglary-2-layout0,Burglary
INF-0026670,informal-Theft-3,Theft
INF-0032705,informal-Assault-2,Assault
INF-0006793,informal-Assault-3,Assault
INF-0002357,informal-Robbery-6,Robbery
INF-0040701,informal-Robbery-11,Robbery
INF-0042768,informal-Arson-0,Arson
SYN-0010946,Theft-0-layout3,Theft
INF-0022268,informal-Fraud-11,Fraud
INF-0022669,informal-Robbery-7,Robbery
SYN-0001312,Burglary-4-layout2,Burglary
INF-0041561,informal-Assault-11,Assault
INF-0038054,informal-Theft-4,Theft
INF-0034623,informal-Vandalism-7,Vandalism
INF-0032169,informal-Assault-7,Assault
INF-0001015,informal-Vandalism-0,Vandalism
INF-0004500,informal-Fraud-4,Fraud
INF-0012313,informal-Assault-9,Assault
INF-0013322,informal-Burglary-9,Burglary
SYN-0010561,Robbery-0-layout3,Robbery
INF-0035169,informal-Assault-4,Assault
INF-0030765,informal-Robbery-11,Robbery
INF-0003333,informal-Robbery-2,Robbery
INF-0041067,informal-Cybercrime-3,Cybercrime
INF-0003056,informal-Arson-4,Arson
INF-0031423,informal-Vandalism-3,Vandalism
INF-0032026,informal-Burglary-7,Burglary
INF-0000527,informal-Vandalism-11,Vandalism
INF-0041084,informal-Fraud-5,Fraud
INF-0002188,informal-Fraud-3,Fraud
INF-0018753,informal-Assault-4,Assault
INF-0020362,informal-Burglary-7,Burglary
INF-0026517,informal-Robbery-2,Robbery
INF-0008265,informal-Assault-7,Assault
SYN-0011019,Assault-1-layout4,Assault
INF-0041201,informal-Assault-2,Assault
INF-0025106,informal-Burglary-6,Burglary
INF-0045522,informal-Burglary-2,Burglary
INF-0014850,informal-Burglary-2,Burglary
INF-0008501,informal-Robbery-0,Robbery
SYN-0009755,Assault-3-layout2,Assault
INF-0038082,informal-Burglary-8,Burglary
SYN-0004485,Cybercrime-0-layout4,Cybercrime
SYN-0002782,Vandalism-3-layout1,Vandalism
SYN-0001933,Cybercrime-1-layout0,Cybercrime
SYN-0010273,Robbery-4-layout4,Robbery
INF-0032148,informal-Fraud-4,Fraud
INF-0042061,informal-Robbery-1,Robbery
INF-0017462,informal-Theft-4,Theft
INF-0019041,informal-Assault-4,Assault
INF-0015926,informal-Theft-10,Theft
INF-0018488,informal-Arson-7,Arson
SYN-0003085,Cybercrime-1-layout0,Cybercrime
INF-0007793,informal-Assault-2,Assault
SYN-0011550,Vandalism-3-layout0,Vandalism
INF-0009435,informal-Cybercrime-9,Cybercrime
INF-0000526,informal-Theft-11,Theft
SYN-0009442,Theft-4-layout3,Theft
INF-0020747,informal-Cybercrime-1,Cybercrime
INF-0026580,informal-Fraud-10,Fraud
INF-0009691,informal-Cybercrime-5,Cybercrime
INF-0007699,informal-Cybercrime-8,Cybercrime
INF-0013147,informal-Cybercrime-5,Cybercrime
SYN-0000023,Arson-2-layout0,Arson
INF-0047141,informal-Robbery-6,Robbery
INF-0000602,informal-Burglary-3,Burglary
INF-0043352,informal-Arson-1,Arson
INF-0046666,informal-Burglary-1,Burglary
INF-0044708,informal-Fraud-8,Fraud
INF-0003764,informal-Fraud-2,Fraud
SYN-0000787,Assault-2-layout0,Assault
INF-0016476,informal-Fraud-7,Fraud
SYN-0006406,Vandalism-0-layout4,Vandalism
INF-0016012,informal-Fraud-3,Fraud
SYN-0000966,Vandalism-0-layout3,Vandalism
SYN-0010779,Assault-3-layout0,Assault
INF-0009443,informal-Cybercrime-10,Cybercrime
SYN-0004389,Cybercrime-4-layout2,Cybercrime
SYN-0011101,Cybercrime-3-layout5,Cybercrime
INF-0044871,informal-Vandalism-10,Vandalism
INF-0031027,informal-Cybercrime-8,Cybercrime
INF-0017177,informal-Assault-5,Assault
INF-0046571,informal-Cybercrime-7,Cybercrime
INF-0044709,informal-Robbery-8,Robbery
SYN-0007006,Vandalism-3-layout1,Vandalism
SYN-0011534,Vandalism-1-layout0,Vandalism
INF-0035430,informal-Theft-0,Theft
SYN-0011027,Assault-2-layout4,Assault
INF-0002884,informal-Fraud-0,Fraud
INF-0001308,informal-Fraud-1,Fraud
INF-0038818,informal-Burglary-10,Burglary
INF-0033177,informal-Assault-7,Assault
INF-0021670,informal-Theft-8,Theft
INF-0032708,informal-Fraud-2,Fraud
INF-0042779,informal-Cybercrime-1,Cybercrime
INF-0003798,informal-Theft-6,Theft
SYN-0002260,Fraud-2-layout5,Fraud
INF-0002094,informal-Theft-9,Theft
INF-0019795,informal-Cybercrime-8,Cybercrime
INF-0021212,informal-Fraud-5,Fraud
INF-0020199,informal-Vandalism-4,Vandalism
INF-0009572,informal-Fraud-8,Fraud
SYN-0010789,Cybercrime-4-layout0,Cybercrime
INF-0034284,informal-Fraud-1,Fraud
INF-0023904,informal-Arson-0,Arson
INF-0017022,informal-Theft-3,Theft
INF-0020932,informal-Fraud-6,Fraud
SYN-0003217,Robbery-2-layout2,Robbery
INF-0022044,informal-Fraud-1,Fraud
INF-0009944,informal-Arson-1,Arson
INF-0044241,informal-Assault-4,Assault
INF-0020399,informal-Vandalism-11,Vandalism
INF-0017223,informal-Vandalism-10,Vandalism
INF-0006807,informal-Vandalism-4,Vandalism
SYN-0004382,Vandalism-3-layout2,Vandalism
INF-0027548,informal-Fraud-5,Fraud
INF-0013479,informal-Vandalism-10,Vandalism
INF-0020910,informal-Theft-3,Theft
INF-0016716,informal-Fraud-1,Fraud
INF-0000607,informal-Vandalism-3,Vandalism
INF-0002881,informal-Assault-0,Assault
INF-0028089,informal-Assault-1,Assault
INF-0031336,informal-Arson-11,Arson
SYN-0009101,Cybercrime-1-layout4,Cybercrime
INF-0031487,informal-Vandalism-11,Vandalism
SYN-0009827,Assault-4-layout3,Assault
SYN-0009932,Fraud-1-layout5,Fraud
INF-0013897,informal-Assault-9,Assault
INF-0025103,informal-Vandalism-5,Vandalism
INF-0000163,informal-Cybercrime-2,Cybercrime
INF-0020602,informal-Burglary-1,Burglary
SYN-0007397,Cybercrime-4-layout1,Cybercrime
INF-0031024,informal-Arson-8,Arson
INF-0004937,informal-Assault-5,Assault
INF-0039647,informal-Vandalism-5,Vandalism
INF-0031718,informal-Theft-4,Theft
INF-0041224,informal-Arson-5,Arson
SYN-0000676,Fraud-4-layout4,Fraud
SYN-0004580,Fraud-4-layout5,Fraud
INF-0028397,informal-Robbery-3,Robbery
SYN-0007233,Robbery-0-layout5,Robbery
INF-0016469,informal-Robbery-6,Robbery
INF-0029039,informal-Vandalism-11,Vandalism
INF-0012179,informal-Cybercrime-10,Cybercrime
INF-0026267,informal-Cybercrime-7,Cybercrime
INF-0008583,informal-Vandalism-10,Vandalism
INF-0026659,informal-Cybercrime-2,Cybercrime
INF-0001441,informal-Assault-0,Assault
INF-0023785,informal-Assault-3,Assault
INF-0047963,informal-Cybercrime-1,Cybercrime
INF-0001880,informal-Arson-1,Arson
INF-0029397,informal-Robbery-2,Robbery
INF-0009706,informal-Burglary-7,Burglary
INF-0043570,informal-Burglary-10,Burglary
INF-0044854,informal-Theft-8,Theft
SYN-0001887,Arson-3-layout5,Arson
INF-0037070,informal-Theft-7,Theft
INF-0040117,informal-Robbery-10,Robbery
SYN-0009108,Fraud-2-layout4,Fraud
INF-0024683,informal-Cybercrime-7,Cybercrime
INF-0026699,informal-Cybercrime-7,Cybercrime
INF-0023226,informal-Burglary-5,Burglary
INF-0004414,informal-Theft-11,Theft
SYN-0003289,Robbery-3-layout3,Robbery
INF-0013423,informal-Vandalism-3,Vandalism
SYN-0010694,Vandalism-0-layout5,Vandalism
INF-0034001,informal-Assault-2,Assault
INF-0015477,informal-Robbery-8,Robbery
INF-0012818,informal-Burglary-0,Burglary
INF-0029013,informal-Robbery-8,Robbery
INF-0022646,informal-Theft-4,Theft
INF-0010520,informal-Arson-1,Arson
INF-0023074,informal-Burglary-4,Burglary
INF-0008496,informal-Arson-0,Arson
INF-0007373,informal-Robbery-3,Robbery
INF-0025407,informal-Vandalism-7,Vandalism
INF-0020609,informal-Assault-2,Assault
INF-0044869,informal-Robbery-10,Robbery
SYN-0009996,Fraud-1-layout0,Fraud
INF-0003255,informal-Vandalism-10,Vandalism
INF-0031418,informal-Burglary-3,Burglary
SYN-0005527,Arson-2-layout2,Arson
INF-0041207,informal-Vandalism-2,Vandalism
SYN-0006156,Fraud-1-layout0,Fraud
INF-0013184,informal-Arson-10,Arson
INF-0010857,informal-Assault-7,Assault
SYN-0002887,Arson-0-layout3,Arson
INF-0037891,informal-Cybercrime-2,Cybercrime
INF-0016873,informal-Assault-3,Assault
INF-0040682,informal-Burglary-9,Burglary
INF-0002306,informal-Burglary-0,Burglary
INF-0038667,informal-Cybercrime-9,Cybercrime
INF-0046947,informal-Cybercrime-0,Cybercrime
SYN-0000102,Vandalism-4-layout1,Vandalism
SYN-0001168,Burglary-2-layout0,Burglary
INF-0033880,informal-Arson-5,Arson
INF-0010265,informal-Assault-5,Assault
SYN-0001857,Robbery-0-layout5,Robbery
INF-0023934,informal-Theft-3,Theft
SYN-0003721,Robbery-1-layout4,Robbery
INF-0022381,informal-Robbery-7,Robbery
INF-0029737,informal-Assault-9,Assault
SYN-0008534,Vandalism-2-layout1,Vandalism
SYN-0008601,Robbery-3-layout2,Robbery
INF-0040058,informal-Burglary-3,Burglary
INF-0042633,informal-Assault-1,Assault
SYN-0011017,Robbery-1-layout4,Robbery
INF-0023220,informal-Fraud-4,Fraud
SYN-0011975,Arson-0-layout1,Arson
INF-0023073,informal-Assault-4,Assault
INF-0044434,informal-Burglary-10,Burglary
INF-0008930,informal-Burglary-0,Burglary
INF-0000191,informal-Vandalism-5,Vandalism
SYN-0007507,Assault-2-layout3,Assault
SYN-0003722,Theft-1-layout4,Theft
INF-0046310,informal-Theft-10,Theft
INF-0018655,informal-Vandalism-9,Vandalism
INF-0042691,informal-Cybercrime-8,Cybercrime
SYN-0006424,Burglary-3-layout4,Burglary
INF-0003524,informal-Fraud-8,Fraud
INF-0017034,informal-Burglary-5,Burglary
SYN-0001048,Burglary-3-layout4,Burglary
INF-0006108,informal-Fraud-7,Fraud
SYN-0004890,Theft-3-layout4,Theft
INF-0000729,informal-Assault-1,Assault
INF-0031542,informal-Theft-0,Theft
INF-0009286,informal-Theft-8,Theft
INF-0039542,informal-Theft-10,Theft
INF-0027716,informal-Fraud-8,Fraud
INF-0023550,informal-Theft-9,Theft
INF-0046237,informal-Robbery-1,Robbery
INF-0042804,informal-Fraud-4,Fraud
INF-0001956,informal-Fraud-10,Fraud
INF-0010659,informal-Cybercrime-0,Cybercrime
SYN-0007173,Cybercrime-0-layout4,Cybercrime
INF-0026688,informal-Arson-6,Arson
INF-0018040,informal-Arson-5,Arson
INF-0037926,informal-Theft-6,Theft
INF-0034344,informal-Arson-9,Arson
INF-0006981,informal-Robbery-8,Robbery
INF-0012246,informal-Theft-0,Theft
INF-0017748,informal-Fraud-4,Fraud
INF-0044426,informal-Burglary-9,Burglary
INF-0001442,informal-Burglary-0,Burglary
INF-0042273,informal-Assault-10,Assault
INF-0047973,informal-Robbery-2,Robbery
SYN-0001383,Arson-4-layout3,Arson
INF-0030474,informal-Burglary-11,Burglary
INF-0038204,informal-Fraud-5,Fraud
INF-0000506,informal-Burglary-9,Burglary
INF-0032457,informal-Assault-7,Assault
SYN-0005217,Robbery-4-layout3,Robbery
INF-0017208,informal-Arson-9,Arson
INF-0007513,informal-Assault-3,Assault
INF-0011713,informal-Assault-6,Assault
INF-0042407,informal-Vandalism-8,Vandalism
INF-0008793,informal-Assault-1,Assault
INF-0028414,informal-Theft-5,Theft
SYN-0006496,Burglary-4-layout5,Burglary
INF-0035351,informal-Vandalism-8,Vandalism
INF-0044430,informal-Theft-9,Theft
INF-0016190,informal-Theft-7,Theft
INF-0021627,informal-Cybercrime-3,Cybercrime
SYN-0005004,Fraud-1-layout0,Fraud
INF-0012113,informal-Assault-2,Assault
INF-0047390,informal-Theft-1,Theft
INF-0010271,informal-Vandalism-5,Vandalism
INF-0021336,informal-Arson-3,Arson
INF-0047024,informal-Arson-10,Arson
INF-0013973,informal-Robbery-0,Robbery
INF-0025208,informal-Arson-1,Arson
INF-0021815,informal-Vandalism-8,Vandalism
INF-0011555,informal-Cybercrime-4,Cybercrime
SYN-0011422,Vandalism-3-layout4,Vandalism
INF-0021176,informal-Arson-1,Arson
INF-0021656,informal-Arson-7,Arson
SYN-0005141,Cybercrime-2-layout2,Cybercrime
SYN-0006477,Cybercrime-1-layout5,Cybercrime
SYN-0001937,Robbery-2-layout0,Robbery
INF-0005617,informal-Assault-0,Assault
INF-0019369,informal-Assault-9,Assault
SYN-0002528,Burglary-4-layout3,Burglary
INF-0046566,informal-Theft-6,Theft
SYN-0007136,Burglary-4-layout3,Burglary
INF-0031337,informal-Assault-11,Assault
INF-0032463,informal-Vandalism-7,Vandalism
SYN-0011144,Burglary-1-layout0,Burglary
INF-0022185,informal-Assault-1,Assault
INF-0031846,informal-Theft-2,Theft
INF-0022060,informal-Fraud-3,Fraud
INF-0017072,informal-Arson-10,Arson
INF-0039028,informal-Fraud-0,Fraud
INF-0017037,informal-Robbery-5,Robbery
INF-0014437,informal-Robbery-4,Robbery
INF-0014007,informal-Vandalism-4,Vandalism
INF-0033451,informal-Cybercrime-5,Cybercrime
INF-0040641,informal-Assault-4,Assault
INF-0007217,informal-Assault-2,Assault
SYN-0003524,Fraud-0-layout1,Fraud
INF-0045434,informal-Burglary-9,Burglary
INF-0028242,informal-Burglary-2,Burglary
SYN-0002327,Arson-2-layout0,Arson
INF-0037196,informal-Fraud-5,Fraud
INF-0038673,informal-Assault-10,Assault
INF-0016652,informal-Fraud-11,Fraud
SYN-0001024,Burglary-0-layout4,Burglary
INF-0046541,informal-Robbery-3,Robbery
INF-0030014,informal-Theft-7,Theft
INF-0029759,informal-Vandalism-11,Vandalism
INF-0042667,informal-Cybercrime-5,Cybercrime
INF-0011300,informal-Fraud-8,Fraud
INF-0039968,informal-Arson-10,Arson
INF-0006378,informal-Burglary-5,Burglary
INF-0031262,informal-Theft-1,Theft
INF-0043374,informal-Theft-3,Theft
INF-0004382,informal-Theft-7,Theft
INF-0025715,informal-Cybercrime-10,Cybercrime
INF-0040328,informal-Arson-1,Arson
INF-0014058,informal-Burglary-11,Burglary
INF-0046560,informal-Arson-6,Arson
INF-0041660,informal-Fraud-5,Fraud
INF-0010269,informal-Robbery-5,Robbery
INF-0030593,informal-Assault-8,Assault
INF-0035574,informal-Theft-0,Theft
INF-0042086,informal-Theft-4,Theft
INF-0011889,informal-Assault-10,Assault
INF-0029552,informal-Arson-4,Arson
INF-0002949,informal-Robbery-8,Robbery
INF-0013127,informal-Vandalism-2,Vandalism
INF-0045982,informal-Theft-5,Theft
SYN-0006083,Assault-0-layout5,Assault
SYN-0010245,Cybercrime-0-layout4,Cybercrime
INF-0002780,informal-Fraud-5,Fraud
INF-0017374,informal-Theft-11,Theft
INF-0006648,informal-Arson-3,Arson
SYN-0011873,Robbery-4-layout5,Robbery
INF-0042860,informal-Fraud-11,Fraud
INF-0016474,informal-Burglary-7,Burglary
SYN-0003978,Theft-1-layout2,Theft
INF-0033209,informal-Assault-11,Assault
INF-0025696,informal-Arson-8,Arson
SYN-0003463,Arson-0-layout0,Arson
INF-0026785,informal-Assault-0,Assault
INF-0041762,informal-Burglary-0,Burglary
INF-0037467,informal-Cybercrime-3,Cybercrime
INF-0029740,informal-Fraud-9,Fraud
INF-0007506,informal-Burglary-2,Burglary
INF-0026657,informal-Assault-2,Assault
INF-0029584,informal-Arson-8,Arson
INF-0044422,informal-Theft-8,Theft
INF-0012618,informal-Burglary-11,Burglary
INF-0014050,informal-Burglary-10,Burglary
SYN-0006678,Vandalism-2-layout2,Vandalism
INF-0002629,informal-Robbery-4,Robbery
INF-0009074,informal-Burglary-0,Burglary
SYN-0011859,Assault-2-layout5,Assault
INF-0015630,informal-Theft-9,Theft
INF-0016320,informal-Arson-6,Arson
INF-0032033,informal-Assault-8,Assault
INF-0003060,informal-Fraud-4,Fraud
INF-0043574,informal-Theft-10,Theft
INF-0009662,informal-Theft-1,Theft
INF-0047574,informal-Theft-6,Theft
INF-0001324,informal-Fraud-3,Fraud
INF-0021770,informal-Burglary-3,Burglary
INF-0035603,informal-Cybercrime-4,Cybercrime
INF-0020363,informal-Cybercrime-7,Cybercrime
INF-0003903,informal-Vandalism-1,Vandalism
INF-0030247,informal-Vandalism-0,Vandalism
INF-0046113,informal-Assault-4,Assault
SYN-0008387,Assault-0-layout5,Assault
INF-0047902,informal-Theft-11,Theft
INF-0009554,informal-Burglary-6,Burglary
INF-0028372,informal-Fraud-0,Fraud
SYN-0009814,Vandalism-2-layout3,Vandalism
INF-0031919,informal-Vandalism-11,Vandalism
INF-0024832,informal-Arson-8,Arson
INF-0032121,informal-Assault-1,Assault
INF-0040118,informal-Theft-10,Theft
SYN-0001862,Vandalism-0-layout5,Vandalism
INF-0011301,informal-Robbery-8,Robbery
INF-0008110,informal-Theft-5,Theft
INF-0027231,informal-Vandalism-1,Vandalism
INF-0027417,informal-Assault-7,Assault
INF-0041417,informal-Assault-11,Assault
INF-0035040,informal-Arson-6,Arson
INF-0006110,informal-Theft-7,Theft
INF-0030754,informal-Burglary-10,Burglary
SYN-0000197,Cybercrime-0-layout3,Cybercrime
INF-0014723,informal-Cybercrime-4,Cybercrime
INF-0005841,informal-Assault-10,Assault
INF-0039173,informal-Robbery-0,Robbery
INF-0003768,informal-Arson-3,Arson
INF-0010890,informal-Burglary-11,Burglary
INF-0040056,informal-Arson-3,Arson
SYN-0006883,Assault-4-layout5,Assault
INF-0007822,informal-Theft-5,Theft
INF-0022829,informal-Robbery-9,Robbery
INF-0041663,informal-Vandalism-5,Vandalism
SYN-0005719,Arson-2-layout5,Arson
INF-0022643,informal-Cybercrime-4,Cybercrime
INF-0031582,informal-Theft-5,Theft
SYN-0008084,Fraud-2-layout0,Fraud
SYN-0011606,Vandalism-2-layout1,Vandalism
INF-0020395,informal-Cybercrime-11,Cybercrime
INF-0014198,informal-Theft-10,Theft
SYN-0005122,Theft-0-layout2,Theft
INF-0025260,informal-Fraud-7,Fraud
INF-0015266,informal-Burglary-0,Burglary
INF-0041406,informal-Theft-9,Theft
INF-0018357,informal-Robbery-8,Robbery
SYN-0011973,Cybercrime-0-layout1,Cybercrime
INF-0016914,informal-Burglary-8,Burglary
INF-0036934,informal-Theft-8,Theft
SYN-0004420,Fraud-0-layout3,Fraud
INF-0035172,informal-Fraud-4,Fraud
INF-0037010,informal-Burglary-0,Burglary
INF-0013542,informal-Theft-0,Theft
INF-0029975,informal-Vandalism-2,Vandalism
INF-0008949,informal-Robbery-2,Robbery
SYN-0003520,Burglary-0-layout1,Burglary
INF-0036935,informal-Vandalism-8,Vandalism
INF-0013264,informal-Arson-2,Arson
INF-0027963,informal-Cybercrime-3,Cybercrime
INF-0028271,informal-Vandalism-5,Vandalism
INF-0040323,informal-Cybercrime-0,Cybercrime
INF-0009967,informal-Vandalism-3,Vandalism
INF-0041083,informal-Cybercrime-5,Cybercrime
INF-0020634,informal-Burglary-5,Burglary
INF-0028144,informal-Arson-8,Arson
INF-0010103,informal-Vandalism-2,Vandalism
SYN-0001935,Arson-1-layout0,Arson
INF-0032295,informal-Vandalism-4,Vandalism
INF-0004227,informal-Cybercrime-6,Cybercrime
SYN-0010266,Theft-3-layout4,Theft
SYN-0008899,Assault-0-layout1,Assault
INF-0035327,informal-Vandalism-5,Vandalism
INF-0042403,informal-Cybercrime-8,Cybercrime
INF-0025422,informal-Theft-9,Theft
INF-0041657,informal-Assault-5,Assault
SYN-0008474,Theft-3-layout0,Theft
SYN-0003410,Theft-2-layout5,Theft
INF-0015187,informal-Cybercrime-8,Cybercrime
INF-0026147,informal-Cybercrime-10,Cybercrime
INF-0032627,informal-Cybercrime-10,Cybercrime
INF-0004240,informal-Arson-8,Arson
INF-0038182,informal-Theft-2,Theft
INF-0025224,informal-Arson-3,Arson
INF-0017886,informal-Theft-3,Theft
INF-0028171,informal-Cybercrime-11,Cybercrime
INF-0046668,informal-Fraud-1,Fraud
INF-0014323,informal-Cybercrime-8,Cybercrime
INF-0023215,informal-Vandalism-3,Vandalism
INF-0009576,informal-Arson-9,Arson
SYN-0002325,Cybercrime-2-layout0,Cybercrime
INF-0027981,informal-Robbery-5,Robbery
INF-0028849,informal-Assault-6,Assault
INF-0045861,informal-Robbery-8,Robbery
INF-0008111,informal-Vandalism-5,Vandalism
INF-0041565,informal-Robbery-11,Robbery
INF-0018490,informal-Burglary-7,Burglary
SYN-0003657,Robbery-1-layout3,Robbery
INF-0040406,informal-Theft-10,Theft
SYN-0004060,Fraud-3-layout3,Fraud
INF-0018658,informal-Burglary-10,Burglary
INF-0025433,informal-Assault-11,Assault
INF-0037892,informal-Fraud-2,Fraud
INF-0000346,informal-Burglary-7,Burglary
INF-0043145,informal-Assault-11,Assault
INF-0034712,informal-Arson-1,Arson
INF-0033769,informal-Assault-9,Assault
INF-0026496,informal-Arson-0,Arson
INF-0004901,informal-Robbery-0,Robbery
INF-0002459,informal-Cybercrime-1,Cybercrime
INF-0003664,informal-Arson-8,Arson
INF-0036808,informal-Arson-11,Arson
INF-0009129,informal-Assault-7,Assault
INF-0036434,informal-Burglary-0,Burglary
SYN-0009177,Robbery-3-layout5,Robbery
INF-0019464,informal-Arson-3,Arson
INF-0010543,informal-Vandalism-3,Vandalism
INF-0009022,informal-Theft-11,Theft
INF-0017740,informal-Fraud-3,Fraud
INF-0039964,informal-Fraud-9,Fraud
INF-0021024,informal-Arson-0,Arson
INF-0027416,informal-Arson-7,Arson
INF-0019604,informal-Fraud-2,Fraud
INF-0002072,informal-Arson-7,Arson
SYN-0004957,Cybercrime-3-layout5,Cybercrime
SYN-0011016,Burglary-1-layout4,Burglary
INF-0022503,informal-Vandalism-4,Vandalism
SYN-0001858,Theft-0-layout5,Theft
INF-0032596,informal-Fraud-6,Fraud
INF-0025373,informal-Robbery-3,Robbery
SYN-0005223,Arson-4-layout3,Arson
INF-0037464,informal-Arson-3,Arson
INF-0026832,informal-Arson-6,Arson
SYN-0000530,Theft-2-layout2,Theft
INF-0029523,informal-Cybercrime-0,Cybercrime
INF-0046103,informal-Vandalism-2,Vandalism
INF-0005929,informal-Assault-3,Assault
INF-0022326,informal-Theft-0,Theft
SYN-0011858,Theft-2-layout5,Theft
INF-0027283,informal-Cybercrime-8,Cybercrime
INF-0031842,informal-Burglary-2,Burglary
SYN-0007885,Cybercrime-1-layout3,Cybercrime
INF-0000366,informal-Theft-9,Theft
SYN-0000526,Vandalism-1-layout2,Vandalism
INF-0017726,informal-Theft-1,Theft
INF-0026237,informal-Robbery-3,Robbery
INF-0008798,informal-Theft-1,Theft
INF-0003336,informal-Arson-3,Arson
INF-0011959,informal-Vandalism-0,Vandalism
INF-0007988,informal-Fraud-8,Fraud
INF-0026118,informal-Theft-6,Theft
INF-0032446,informal-Theft-5,Theft
INF-0035305,informal-Assault-3,Assault
INF-0036591,informal-Vandalism-1,Vandalism
INF-0047830,informal-Theft-2,Theft
INF-0005343,informal-Vandalism-1,Vandalism
INF-0010412,informal-Fraud-5,Fraud
INF-0046574,informal-Theft-7,Theft
SYN-0011078,Vandalism-0-layout5,Vandalism
INF-0001876,informal-Fraud-0,Fraud
INF-0010283,informal-Cybercrime-7,Cybercrime
INF-0005949,informal-Robbery-5,Robbery
INF-0043147,informal-Cybercrime-11,Cybercrime
INF-0044734,informal-Theft-11,Theft
INF-0021829,informal-Robbery-10,Robbery
INF-0011119,informal-Vandalism-3,Vandalism
INF-0008498,informal-Burglary-0,Burglary
INF-0039641,informal-Assault-5,Assault
INF-0038671,informal-Vandalism-9,Vandalism
INF-0035359,informal-Vandalism-9,Vandalism
INF-0011247,informal-Vandalism-1,Vandalism
INF-0025420,informal-Fraud-9,Fraud
INF-0029400,informal-Arson-3,Arson
INF-0013183,informal-Vandalism-9,Vandalism
INF-0016439,informal-Vandalism-2,Vandalism
SYN-0005018,Theft-3-layout0,Theft
INF-0046828,informal-Fraud-3,Fraud
INF-0032707,informal-Cybercrime-2,Cybercrime
INF-0012718,informal-Theft-5,Theft
SYN-0003869,Cybercrime-3-layout0,Cybercrime
INF-0004241,informal-Assault-8,Assault
INF-0004192,informal-Arson-2,Arson
INF-0001337,informal-Assault-5,Assault
INF-0011116,informal-Fraud-3,Fraud
INF-0025984,informal-Arson-8,Arson
INF-0042770,informal-Burglary-0,Burglary
SYN-0003022,Vandalism-1-layout5,Vandalism
INF-0020828,informal-Fraud-11,Fraud
SYN-0002910,Vandalism-3-layout3,Vandalism
INF-0001771,informal-Cybercrime-5,Cybercrime
INF-0023408,informal-Arson-10,Arson
INF-0002484,informal-Fraud-4,Fraud
INF-0042137,informal-Assault-11,Assault
INF-0043390,informal-Theft-5,Theft
INF-0034363,informal-Cybercrime-11,Cybercrime
INF-0003525,informal-Robbery-8,Robbery
SYN-0006751,Arson-3-layout3,Arson
SYN-0011972,Fraud-0-layout1,Fraud
INF-0013197,informal-Robbery-11,Robbery
SYN-0003295,Arson-3-layout3,Arson
SYN-0003980,Fraud-1-layout2,Fraud
INF-0032123,informal-Cybercrime-1,Cybercrime
INF-0021812,informal-Fraud-8,Fraud
INF-0010827,informal-Cybercrime-3,Cybercrime
INF-0003340,informal-Fraud-3,Fraud
INF-0019520,informal-Arson-10,Arson
INF-0028444,informal-Fraud-9,Fraud
INF-0017005,informal-Robbery-1,Robbery
INF-0021214,informal-Theft-5,Theft
INF-0045266,informal-Burglary-6,Burglary
SYN-0006726,Vandalism-0-layout3,Vandalism
INF-0014612,informal-Fraud-8,Fraud
INF-0014575,informal-Vandalism-3,Vandalism
INF-0045972,informal-Fraud-4,Fraud
INF-0007817,informal-Assault-5,Assault
INF-0010968,informal-Arson-3,Arson
INF-0004958,informal-Theft-7,Theft
INF-0000923,informal-Cybercrime-7,Cybercrime
INF-0017024,informal-Arson-4,Arson
INF-0022340,informal-Fraud-2,Fraud
INF-0001615,informal-Vandalism-3,Vandalism
SYN-0007962,Theft-3-layout4,Theft
INF-0017885,informal-Robbery-3,Robbery
INF-0040841,informal-Assault-11,Assault
INF-0041924,informal-Fraud-2,Fraud
INF-0003470,informal-Theft-1,Theft
SYN-0006476,Fraud-1-layout5,Fraud
INF-0029255,informal-Vandalism-2,Vandalism
INF-0013281,informal-Assault-4,Assault
SYN-0005396,Fraud-2-layout0,Fraud
SYN-0004050,Theft-2-layout3,Theft
INF-0005982,informal-Theft-9,Theft
INF-0017884,informal-Fraud-3,Fraud
INF-0044849,informal-Assault-8,Assault
INF-0007070,informal-Theft-1,Theft
INF-0045701,informal-Robbery-6,Robbery
INF-0027394,informal-Burglary-4,Burglary
SYN-0004236,Fraud-1-layout0,Fraud
INF-0004474,informal-Burglary-1,Burglary
SYN-0002758,Vandalism-0-layout1,Vandalism
INF-0004950,informal-Theft-6,Theft
SYN-0007719,Arson-4-layout0,Arson
SYN-0004366,Vandalism-1-layout2,Vandalism
SYN-0002059,Assault-1-layout2,Assault
INF-0015023,informal-Vandalism-5,Vandalism
INF-0030886,informal-Theft-8,Theft
INF-0022063,informal-Vandalism-3,Vandalism
INF-0046744,informal-Arson-11,Arson
INF-0013342,informal-Theft-11,Theft
SYN-0004756,Fraud-2-layout2,Fraud
INF-0034350,informal-Theft-9,Theft
SYN-0000664,Burglary-3-layout4,Burglary
SYN-0006884,Fraud-4-layout5,Fraud
INF-0016135,informal-Vandalism-0,Vandalism
INF-0039258,informal-Burglary-11,Burglary
INF-0002253,informal-Robbery-11,Robbery
INF-0001729,informal-Assault-0,Assault
INF-0020934,informal-Theft-6,Theft
INF-0020752,informal-Arson-2,Arson
INF-0031342,informal-Theft-11,Theft
INF-0018460,informal-Fraud-3,Fraud
INF-0025826,informal-Burglary-6,Burglary
INF-0007216,informal-Arson-2,Arson
INF-0020194,informal-Burglary-4,Burglary
INF-0038235,informal-Cybercrime-9,Cybercrime
SYN-0004238,Vandalism-1-layout0,Vandalism
INF-0047731,informal-Cybercrime-8,Cybercrime
INF-0017868,informal-Fraud-1,Fraud
INF-0047465,informal-Assault-11,Assault
INF-0012547,informal-Cybercrime-2,Cybercrime
INF-0017068,informal-Fraud-9,Fraud
INF-0040044,informal-Fraud-1,Fraud
SYN-0007139,Assault-4-layout3,Assault
INF-0038757,informal-Robbery-2,Robbery
SYN-0009816,Burglary-3-layout3,Burglary
INF-0027544,informal-Arson-5,Arson
INF-0046656,informal-Arson-0,Arson
INF-0031972,informal-Fraud-0,Fraud
SYN-0009178,Theft-3-layout5,Theft
INF-0023346,informal-Burglary-2,Burglary
SYN-0004492,Fraud-1-layout4,Fraud
SYN-0000096,Burglary-4-layout1,Burglary
INF-0017057,informal-Assault-8,Assault
INF-0047744,informal-Arson-10,Arson
SYN-0008143,Arson-1-layout1,Arson
INF-0019079,informal-Vandalism-8,Vandalism
INF-0027291,informal-Cybercrime-9,Cybercrime
INF-0022065,informal-Assault-4,Assault
INF-0043674,informal-Burglary-5,Burglary
INF-0007799,informal-Vandalism-2,Vandalism
INF-0017459,informal-Cybercrime-4,Cybercrime
INF-0017073,informal-Assault-10,Assault
INF-0011388,informal-Fraud-1,Fraud
INF-0004413,informal-Robbery-11,Robbery
SYN-0008093,Cybercrime-3-layout0,Cybercrime
INF-0009075,informal-Cybercrime-0,Cybercrime
INF-0008948,informal-Fraud-2,Fraud
INF-0027551,informal-Vandalism-5,Vandalism
INF-0041797,informal-Robbery-4,Robbery
INF-0022187,informal-Cybercrime-1,Cybercrime
INF-0029824,informal-Arson-2,Arson
INF-0002225,informal-Assault-8,Assault
SYN-0007713,Robbery-4-layout0,Robbery
SYN-0006879,Arson-3-layout5,Arson
INF-0002500,informal-Fraud-6,Fraud
INF-0000335,informal-Vandalism-5,Vandalism
INF-0008871,informal-Vandalism-10,Vandalism
SYN-0002845,Cybercrime-3-layout2,Cybercrime
SYN-0009283,Assault-0-layout1,Assault
SYN-0003220,Fraud-2-layout2,Fraud
INF-0005191,informal-Vandalism-0,Vandalism
INF-0023257,informal-Assault-9,Assault
INF-0000766,informal-Theft-5,Theft
SYN-0004955,Assault-3-layout5,Assault
INF-0045380,informal-Fraud-2,Fraud
INF-0012622,informal-Theft-11,Theft
INF-0001098,informal-Burglary-11,Burglary
INF-0015155,informal-Cybercrime-4,Cybercrime
INF-0039078,informal-Theft-6,Theft
SYN-0005022,Vandalism-3-layout0,Vandalism
INF-0022684,informal-Fraud-9,Fraud
INF-0024386,informal-Burglary-6,Burglary
INF-0018455,informal-Vandalism-2,Vandalism
INF-0026004,informal-Fraud-10,Fraud
INF-0035173,informal-Robbery-4,Robbery
INF-0037608,informal-Arson-3,Arson
INF-0001585,informal-Assault-0,Assault
INF-0008004,informal-Fraud-10,Fraud
INF-0028299,informal-Cybercrime-9,Cybercrime
INF-0030406,informal-Theft-2,Theft
SYN-0004115,Assault-2-layout4,Assault
INF-0022043,informal-Cybercrime-1,Cybercrime
INF-0000311,informal-Vandalism-2,Vandalism
SYN-0007395,Assault-4-layout1,Assault
INF-0014168,informal-Arson-7,Arson
INF-0020771,informal-Cybercrime-4,Cybercrime
INF-0029555,informal-Cybercrime-4,Cybercrime
SYN-0000273,Robbery-2-layout4,Robbery
INF-0042773,informal-Robbery-0,Robbery
INF-0002509,informal-Robbery-7,Robbery
INF-0029970,informal-Burglary-2,Burglary
INF-0046536,informal-Arson-3,Arson
INF-0012596,informal-Fraud-8,Fraud
INF-0038762,informal-Burglary-3,Burglary
INF-0044865,informal-Assault-10,Assault
INF-0044210,informal-Burglary-0,Burglary
INF-0006993,informal-Assault-10,Assault
INF-0021671,informal-Vandalism-8,Vandalism
INF-0010099,informal-Cybercrime-2,Cybercrime
INF-0019348,informal-Fraud-6,Fraud
INF-0020737,informal-Assault-0,Assault
INF-0001340,informal-Fraud-5,Fraud
INF-0009284,informal-Fraud-8,Fraud
INF-0014621,informal-Robbery-9,Robbery
INF-0042944,informal-Arson-4,Arson
INF-0028415,informal-Vandalism-5,Vandalism
INF-0025138,informal-Burglary-10,Burglary
SYN-0009303,Arson-2-layout1,Arson
SYN-0010628,Fraud-0-layout4,Fraud
INF-0033623,informal-Vandalism-8,Vandalism
INF-0028413,informal-Robbery-5,Robbery
INF-0046948,informal-Fraud-0,Fraud
INF-0038180,informal-Fraud-2,Fraud
INF-0038942,informal-Theft-7,Theft
SYN-0001054,Vandalism-3-layout4,Vandalism
INF-0042515,informal-Cybercrime-4,Cybercrime
INF-0045149,informal-Robbery-9,Robbery
INF-0029393,informal-Assault-2,Assault
INF-0032173,informal-Robbery-7,Robbery
SYN-0008851,Assault-2-layout0,Assault
INF-0035778,informal-Burglary-8,Burglary
INF-0036894,informal-Theft-3,Theft
INF-0037345,informal-Assault-6,Assault
INF-0040034,informal-Burglary-0,Burglary
INF-0016859,informal-Cybercrime-1,Cybercrime
INF-0012244,informal-Fraud-0,Fraud
INF-0044374,informal-Theft-2,Theft
INF-0000791,informal-Vandalism-8,Vandalism
INF-0024198,informal-Theft-0,Theft
INF-0040038,informal-Theft-0,Theft
INF-0021662,informal-Theft-7,Theft
INF-0047467,informal-Cybercrime-11,Cybercrime
INF-0018448,informal-Arson-2,Arson
INF-0016309,informal-Robbery-4,Robbery
SYN-0010690,Theft-0-layout5,Theft
INF-0039215,informal-Vandalism-5,Vandalism
INF-0018439,informal-Vandalism-0,Vandalism
SYN-0010598,Vandalism-4-layout3,Vandalism
INF-0027280,informal-Arson-8,Arson
INF-0043809,informal-Assault-4,Assault
INF-0028447,informal-Vandalism-9,Vandalism
INF-0014041,informal-Assault-9,Assault
INF-0046963,informal-Cybercrime-2,Cybercrime
SYN-0003466,Theft-1-layout0,Theft
SYN-0005158,Vandalism-4-layout2,Vandalism
INF-0039960,informal-Arson-9,Arson
SYN-0008031,Arson-3-layout5,Arson
INF-0021325,informal-Robbery-1,Robbery
INF-0030241,informal-Assault-0,Assault
INF-0043416,informal-Arson-9,Arson
INF-0021392,informal-Arson-10,Arson
INF-0019357,informal-Robbery-7,Robbery
SYN-0006110,Vandalism-3-layout5,Vandalism
INF-0020321,informal-Assault-2,Assault
INF-0030472,informal-Arson-11,Arson
INF-0042643,informal-Cybercrime-2,Cybercrime
INF-0007683,informal-Cybercrime-6,Cybercrime
INF-0014158,informal-Theft-5,Theft
INF-0018008,informal-Arson-1,Arson
INF-0030756,informal-Fraud-10,Fraud
INF-0011151,informal-Vandalism-7,Vandalism
INF-0043373,informal-Robbery-3,Robbery
SYN-0002529,Robbery-4-layout3,Robbery
INF-0047826,informal-Burglary-2,Burglary
INF-0012717,informal-Robbery-5,Robbery
INF-0028846,informal-Theft-5,Theft
INF-0040530,informal-Burglary-8,Burglary
INF-0028751,informal-Vandalism-11,Vandalism
INF-0029974,informal-Theft-2,Theft
INF-0033622,informal-Theft-8,Theft
SYN-0010468,Fraud-4-layout1,Fraud
INF-0003770,informal-Burglary-3,Burglary
INF-0037228,informal-Fraud-9,Fraud
SYN-0007001,Robbery-3-layout1,Robbery
INF-0013041,informal-Assault-10,Assault
SYN-0004482,Theft-0-layout4,Theft
INF-0010861,informal-Robbery-7,Robbery
INF-0017627,informal-Cybercrime-7,Cybercrime
INF-0031029,informal-Robbery-8,Robbery
INF-0021360,informal-Arson-6,Arson
INF-0002828,informal-Fraud-11,Fraud
INF-0047449,informal-Assault-9,Assault
SYN-0010331,Assault-3-layout5,Assault
INF-0012533,informal-Robbery-0,Robbery
INF-0040778,informal-Burglary-3,Burglary
INF-0013865,informal-Assault-5,Assault
INF-0026700,informal-Fraud-7,Fraud
SYN-0002886,Vandalism-0-layout3,Vandalism
SYN-0009299,Assault-2-layout1,Assault
INF-0043437,informal-Robbery-11,Robbery
INF-0008287,informal-Vandalism-9,Vandalism
INF-0017179,informal-Cybercrime-5,Cybercrime
INF-0030174,informal-Theft-9,Theft
INF-0002618,informal-Burglary-3,Burglary
SYN-0010385,Robbery-2-layout0,Robbery
INF-0017345,informal-Assault-8,Assault
INF-0042951,informal-Vandalism-4,Vandalism
INF-0013343,informal-Vandalism-11,Vandalism
SYN-0010785,Robbery-4-layout0,Robbery
INF-0019097,informal-Assault-11,Assault
INF-0007431,informal-Vandalism-10,Vandalism
INF-0047824,informal-Arson-2,Arson
SYN-0010982,Vandalism-4-layout3,Vandalism
SYN-0010983,Arson-4-layout3,Arson
INF-0031973,informal-Robbery-0,Robbery
INF-0029305,informal-Assault-9,Assault
INF-0045567,informal-Vandalism-7,Vandalism
SYN-0006539,Assault-1-layout0,Assault
INF-0002511,informal-Vandalism-7,Vandalism
INF-0003952,informal-Arson-8,Arson
INF-0017062,informal-Theft-8,Theft
INF-0042852,informal-Fraud-10,Fraud
INF-0005059,informal-Cybercrime-2,Cybercrime
INF-0040206,informal-Theft-3,Theft
INF-0024384,informal-Arson-6,Arson
INF-0018595,informal-Cybercrime-2,Cybercrime
INF-0001179,informal-Cybercrime-3,Cybercrime
INF-0018200,informal-Arson-7,Arson
INF-0007854,informal-Theft-9,Theft
INF-0012591,informal-Vandalism-7,Vandalism
INF-0045516,informal-Fraud-1,Fraud
SYN-0004166,Vandalism-0-layout5,Vandalism
SYN-0002896,Burglary-2-layout3,Burglary
INF-0044214,informal-Theft-0,Theft
INF-0010951,informal-Vandalism-0,Vandalism
INF-0034466,informal-Burglary-6,Burglary
INF-0047716,informal-Fraud-6,Fraud
SYN-0001316,Fraud-4-layout2,Fraud
INF-0026822,informal-Theft-4,Theft
INF-0042778,informal-Burglary-1,Burglary
SYN-0009498,Theft-3-layout4,Theft
INF-0043489,informal-Assault-0,Assault
INF-0017035,informal-Cybercrime-5,Cybercrime
INF-0004800,informal-Arson-6,Arson
INF-0044251,informal-Cybercrime-5,Cybercrime
SYN-0004565,Cybercrime-2-layout5,Cybercrime
INF-0030305,informal-Assault-8,Assault
INF-0010703,informal-Vandalism-5,Vandalism
INF-0000493,informal-Robbery-7,Robbery
SYN-0001162,Theft-1-layout0,Theft
INF-0037900,informal-Fraud-3,Fraud
INF-0021376,informal-Arson-8,Arson
INF-0012992,informal-Arson-4,Arson
INF-0046233,informal-Assault-1,Assault
INF-0046094,informal-Theft-1,Theft
INF-0034459,informal-Cybercrime-5,Cybercrime
INF-0013193,informal-Assault-11,Assault
INF-0020672,informal-Arson-10,Arson
INF-0017176,informal-Arson-5,Arson
INF-0018492,informal-Fraud-7,Fraud
SYN-0005850,Theft-3-layout1,Theft
INF-0014171,informal-Cybercrime-7,Cybercrime
INF-0005645,informal-Robbery-3,Robbery
INF-0038665,informal-Assault-9,Assault
INF-0000190,informal-Theft-5,Theft
SYN-0006667,Assault-1-layout2,Assault
INF-0024933,informal-Robbery-2,Robbery
INF-0032981,informal-Robbery-0,Robbery
INF-0000330,informal-Burglary-5,Burglary
INF-0008120,informal-Arson-7,Arson
INF-0019078,informal-Theft-8,Theft
INF-0000349,informal-Robbery-7,Robbery
INF-0019513,informal-Assault-9,Assault
INF-0003113,informal-Assault-11,Assault
INF-0003329,informal-Assault-2,Assault
INF-0013907,informal-Cybercrime-10,Cybercrime
INF-0028441,informal-Assault-9,Assault
INF-0014886,informal-Theft-6,Theft
INF-0019796,informal-Fraud-8,Fraud
INF-0034874,informal-Burglary-3,Burglary
INF-0006072,informal-Arson-3,Arson
INF-0047470,informal-Theft-11,Theft
INF-0014049,informal-Assault-10,Assault
INF-0028965,informal-Robbery-2,Robbery
INF-0028967,informal-Vandalism-2,Vandalism
INF-0038479,informal-Vandalism-3,Vandalism
SYN-0000791,Arson-2-layout0,Arson
SYN-0003082,Theft-1-layout0,Theft
INF-0006422,informal-Theft-10,Theft
INF-0037779,informal-Cybercrime-6,Cybercrime
INF-0023647,informal-Vandalism-3,Vandalism
INF-0002074,informal-Burglary-7,Burglary
INF-0030260,informal-Fraud-2,Fraud
INF-0006397,informal-Robbery-7,Robbery
INF-0011412,informal-Fraud-4,Fraud
INF-0040191,informal-Vandalism-1,Vandalism
INF-0035212,informal-Fraud-9,Fraud
INF-0022414,informal-Theft-11,Theft
INF-0018756,informal-Fraud-4,Fraud
INF-0036947,informal-Cybercrime-10,Cybercrime
INF-0046809,informal-Assault-1,Assault
SYN-0002055,Arson-0-layout2,Arson
INF-0019345,informal-Assault-6,Assault
INF-0033409,informal-Assault-0,Assault
INF-0024973,informal-Robbery-7,Robbery
SYN-0001817,Robbery-3-layout4,Robbery
INF-0013416,informal-Arson-3,Arson
INF-0033713,informal-Assault-2,Assault
INF-0019330,informal-Burglary-4,Burglary
INF-0031421,informal-Robbery-3,Robbery
INF-0017866,informal-Burglary-1,Burglary
INF-0025082,informal-Burglary-3,Burglary
INF-0028749,informal-Robbery-11,Robbery
INF-0028540,informal-Fraud-3,Fraud
INF-0006923,informal-Cybercrime-1,Cybercrime
INF-0024682,informal-Burglary-7,Burglary
INF-0039540,informal-Fraud-10,Fraud
INF-0037351,informal-Vandalism-6,Vandalism
INF-0030758,informal-Theft-10,Theft
SYN-0009097,Robbery-1-layout4,Robbery
SYN-0001927,Arson-0-layout0,Arson
INF-0036188,informal-Fraud-5,Fraud
INF-0043653,informal-Robbery-2,Robbery
SYN-0006670,Vandalism-1-layout2,Vandalism
SYN-0000404,Fraud-2-layout0,Fraud
INF-0023414,informal-Theft-10,Theft
INF-0015189,informal-Robbery-8,Robbery
INF-0017079,informal-Vandalism-10,Vandalism
INF-0028411,informal-Cybercrime-5,Cybercrime
INF-0012590,informal-Theft-7,Theft
SYN-0001317,Cybercrime-4-layout2,Cybercrime
INF-0041268,informal-Fraud-10,Fraud
INF-0037465,informal-Assault-3,Assault
INF-0012176,informal-Arson-10,Arson
INF-0019353,informal-Assault-7,Assault
INF-0000876,informal-Fraud-1,Fraud
INF-0031004,informal-Fraud-5,Fraud
INF-0019523,informal-Cybercrime-10,Cybercrime
INF-0033443,informal-Cybercrime-4,Cybercrime
SYN-0004773,Cybercrime-4-layout2,Cybercrime
INF-0041947,informal-Cybercrime-5,Cybercrime
INF-0033597,informal-Robbery-5,Robbery
SYN-0011546,Theft-3-layout0,Theft
INF-0043936,informal-Arson-2,Arson
SYN-0011545,Robbery-3-layout0,Robbery
INF-0043375,informal-Vandalism-3,Vandalism
INF-0016746,informal-Burglary-5,Burglary
INF-0001103,informal-Vandalism-11,Vandalism
INF-0000200,informal-Arson-7,Arson
SYN-0001930,Theft-1-layout0,Theft
INF-0020883,informal-Cybercrime-0,Cybercrime
INF-0036811,informal-Cybercrime-11,Cybercrime
INF-0038477,informal-Robbery-3,Robbery
INF-0009138,informal-Burglary-8,Burglary
INF-0018369,informal-Assault-10,Assault
INF-0047981,informal-Robbery-3,Robbery
SYN-0000582,Vandalism-0-layout3,Vandalism
SYN-0005016,Burglary-3-layout0,Burglary
INF-0039485,informal-Robbery-3,Robbery
INF-0024108,informal-Fraud-7,Fraud
INF-0031849,informal-Assault-3,Assault
SYN-0008090,Theft-3-layout0,Theft
SYN-0006086,Vandalism-0-layout5,Vandalism
INF-0005377,informal-Assault-6,Assault
INF-0003469,informal-Robbery-1,Robbery
SYN-0005848,Burglary-3-layout1,Burglary
INF-0027272,informal-Arson-7,Arson
INF-0047861,informal-Robbery-6,Robbery
INF-0011892,informal-Fraud-10,Fraud
INF-0026819,informal-Cybercrime-4,Cybercrime
INF-0042783,informal-Vandalism-1,Vandalism
INF-0013773,informal-Robbery-11,Robbery
INF-0032711,informal-Vandalism-2,Vandalism
SYN-0008789,Cybercrime-2-layout5,Cybercrime
INF-0045267,informal-Cybercrime-6,Cybercrime
INF-0012715,informal-Cybercrime-5,Cybercrime
INF-0005808,informal-Arson-6,Arson
INF-0001335,informal-Vandalism-4,Vandalism
INF-0004632,informal-Arson-3,Arson
INF-0010665,informal-Assault-1,Assault
SYN-0000998,Vandalism-4-layout3,Vandalism
INF-0032629,informal-Robbery-10,Robbery
INF-0034189,informal-Robbery-7,Robbery
INF-0013757,informal-Robbery-9,Robbery
SYN-0009304,Burglary-3-layout1,Burglary
INF-0017202,informal-Burglary-8,Burglary
INF-0001235,informal-Cybercrime-10,Cybercrime
INF-0021758,informal-Theft-1,Theft
INF-0008108,informal-Fraud-5,Fraud
INF-0009983,informal-Vandalism-5,Vandalism
INF-0035862,informal-Theft-0,Theft
SYN-0007234,Theft-0-layout5,Theft
SYN-0009280,Burglary-0-layout1,Burglary
INF-0007430,informal-Theft-10,Theft
INF-0002821,informal-Robbery-10,Robbery
INF-0000920,informal-Arson-7,Arson
INF-0008500,informal-Fraud-0,Fraud
INF-0009137,informal-Assault-8,Assault
INF-0037942,informal-Theft-8,Theft
INF-0003823,informal-Vandalism-9,Vandalism
INF-0040062,informal-Theft-3,Theft
INF-0004940,informal-Fraud-5,Fraud
INF-0016717,informal-Robbery-1,Robbery
SYN-0003411,Assault-2-layout5,Assault
SYN-0011777,Robbery-0-layout4,Robbery
SYN-0002008,Burglary-3-layout1,Burglary
INF-0029550,informal-Theft-3,Theft
INF-0028988,informal-Fraud-5,Fraud
INF-0000310,informal-Theft-2,Theft
INF-0014335,informal-Vandalism-9,Vandalism
INF-0021394,informal-Burglary-10,Burglary
INF-0023214,informal-Theft-3,Theft
INF-0008268,informal-Fraud-7,Fraud
INF-0036917,informal-Robbery-6,Robbery
INF-0016704,informal-Arson-0,Arson
INF-0008642,informal-Burglary-0,Burglary
SYN-0004007,Arson-4-layout2,Arson
SYN-0010568,Burglary-1-layout3,Burglary
SYN-0003083,Assault-1-layout0,Assault
INF-0012276,informal-Fraud-4,Fraud
INF-0031586,informal-Burglary-6,Burglary
INF-0024972,informal-Fraud-7,Fraud
INF-0024243,informal-Cybercrime-6,Cybercrime
INF-0018592,informal-Arson-2,Arson
INF-0040647,informal-Vandalism-4,Vandalism
INF-0038629,informal-Robbery-4,Robbery
INF-0022667,informal-Cybercrime-7,Cybercrime
INF-0029717,informal-Robbery-6,Robbery
INF-0032483,informal-Cybercrime-10,Cybercrime
SYN-0001931,Assault-1-layout0,Assault
INF-0026940,informal-Fraud-1,Fraud
INF-0018155,informal-Cybercrime-1,Cybercrime
INF-0019926,informal-Theft-6,Theft
SYN-0006677,Cybercrime-2-layout2,Cybercrime
INF-0032597,informal-Robbery-6,Robbery
INF-0022496,informal-Arson-4,Arson
INF-0014175,informal-Vandalism-7,Vandalism
SYN-0008974,Vandalism-1-layout2,Vandalism
SYN-0007814,Vandalism-0-layout2,Vandalism
INF-0011860,informal-Fraud-6,Fraud
INF-0032047,informal-Vandalism-9,Vandalism
INF-0046116,informal-Fraud-4,Fraud
SYN-0006674,Theft-2-layout2,Theft
INF-0002163,informal-Cybercrime-0,Cybercrime
SYN-0006876,Fraud-3-layout5,Fraud
INF-0031589,informal-Robbery-6,Robbery
INF-0047029,informal-Robbery-10,Robbery
SYN-0011276,Fraud-1-layout2,Fraud
SYN-0008137,Robbery-1-layout1,Robbery
SYN-0006157,Cybercrime-1-layout0,Cybercrime
SYN-0011275,Assault-1-layout2,Assault
INF-0047708,informal-Fraud-5,Fraud
INF-0017061,informal-Robbery-8,Robbery
SYN-0009920,Burglary-0-layout5,Burglary
SYN-0004056,Burglary-3-layout3,Burglary
SYN-0010948,Fraud-0-layout3,Fraud
INF-0022337,informal-Assault-2,Assault
SYN-0001035,Assault-1-layout4,Assault
INF-0041472,informal-Arson-0,Arson
INF-0022683,informal-Cybercrime-9,Cybercrime
SYN-0003977,Robbery-1-layout2,Robbery
INF-0011557,informal-Robbery-4,Robbery
INF-0009146,informal-Burglary-9,Burglary
INF-0006995,informal-Cybercrime-10,Cybercrime
INF-0005951,informal-Vandalism-5,Vandalism
INF-0018759,informal-Vandalism-4,Vandalism
INF-0035570,informal-Burglary-0,Burglary
INF-0034014,informal-Theft-3,Theft
INF-0012392,informal-Arson-1,Arson
INF-0024048,informal-Arson-0,Arson
SYN-0002268,Fraud-3-layout5,Fraud
INF-0018451,informal-Cybercrime-2,Cybercrime
INF-0047025,informal-Assault-10,Assault
INF-0009023,informal-Vandalism-11,Vandalism
INF-0044012,informal-Fraud-11,Fraud
INF-0047469,informal-Robbery-11,Robbery
INF-0006356,informal-Fraud-2,Fraud
INF-0032918,informal-Theft-10,Theft
INF-0025680,informal-Arson-6,Arson
SYN-0003293,Cybercrime-3-layout3,Cybercrime
INF-0004411,informal-Cybercrime-11,Cybercrime
INF-0007397,informal-Robbery-6,Robbery
INF-0018059,informal-Cybercrime-7,Cybercrime
INF-0045280,informal-Arson-8,Arson
INF-0044439,informal-Vandalism-10,Vandalism
INF-0043676,informal-Fraud-5,Fraud
INF-0038063,informal-Vandalism-5,Vandalism
SYN-0010596,Fraud-4-layout3,Fraud
SYN-0011148,Fraud-1-layout0,Fraud
INF-0026119,informal-Vandalism-6,Vandalism
INF-0014172,informal-Fraud-7,Fraud
INF-0004902,informal-Theft-0,Theft
INF-0002602,informal-Burglary-1,Burglary
INF-0040529,informal-Assault-8,Assault
SYN-0002082,Theft-4-layout2,Theft
INF-0031017,informal-Assault-7,Assault
INF-0021027,informal-Cybercrime-0,Cybercrime
INF-0026938,informal-Burglary-1,Burglary
INF-0041091,informal-Cybercrime-6,Cybercrime
INF-0002336,informal-Arson-4,Arson
INF-0007693,informal-Robbery-7,Robbery
INF-0039645,informal-Robbery-5,Robbery
INF-0043943,informal-Vandalism-2,Vandalism
INF-0028244,informal-Fraud-2,Fraud
INF-0018159,informal-Vandalism-1,Vandalism
SYN-0011234,Theft-4-layout1,Theft
INF-0033884,informal-Fraud-5,Fraud
INF-0013769,informal-Assault-11,Assault
INF-0003641,informal-Assault-5,Assault
INF-0006483,informal-Cybercrime-0,Cybercrime
INF-0046120,informal-Arson-5,Arson
INF-0027164,informal-Fraud-11,Fraud
INF-0044369,informal-Assault-2,Assault
INF-0044649,informal-Assault-1,Assault
INF-0046565,informal-Robbery-6,Robbery
INF-0004379,informal-Cybercrime-7,Cybercrime
SYN-0003330,Theft-0-layout4,Theft
INF-0032723,informal-Cybercrime-4,Cybercrime
INF-0005237,informal-Robbery-6,Robbery
INF-0016130,informal-Burglary-0,Burglary
INF-0023990,informal-Theft-10,Theft
INF-0032595,informal-Cybercrime-6,Cybercrime
INF-0046540,informal-Fraud-3,Fraud
INF-0021795,informal-Cybercrime-6,Cybercrime
SYN-0003020,Fraud-1-layout5,Fraud
INF-0036809,informal-Assault-11,Assault
INF-0032127,informal-Vandalism-1,Vandalism
INF-0034031,informal-Vandalism-5,Vandalism
INF-0017932,informal-Fraud-9,Fraud
INF-0027421,informal-Robbery-7,Robbery
INF-0040821,informal-Robbery-8,Robbery
INF-0014623,informal-Vandalism-9,Vandalism
INF-0047026,informal-Burglary-10,Burglary
SYN-0001049,Robbery-3-layout4,Robbery
INF-0024631,informal-Vandalism-0,Vandalism
INF-0029457,informal-Assault-10,Assault
INF-0046123,informal-Cybercrime-5,Cybercrime
SYN-0005017,Robbery-3-layout0,Robbery
INF-0018616,informal-Arson-5,Arson
INF-0042551,informal-Vandalism-8,Vandalism
INF-0040061,informal-Robbery-3,Robbery
INF-0040059,informal-Cybercrime-3,Cybercrime
INF-0027954,informal-Burglary-2,Burglary
INF-0001341,informal-Robbery-5,Robbery
INF-0013728,informal-Arson-6,Arson
INF-0034141,informal-Robbery-1,Robbery
INF-0012546,informal-Burglary-2,Burglary
INF-0040063,informal-Vandalism-3,Vandalism
INF-0008865,informal-Assault-10,Assault
INF-0020615,informal-Vandalism-2,Vandalism
INF-0030407,informal-Vandalism-2,Vandalism
SYN-0010469,Cybercrime-4-layout1,Cybercrime
INF-0013401,informal-Assault-1,Assault
SYN-0010898,Theft-2-layout2,Theft
INF-0020528,informal-Arson-10,Arson
INF-0045233,informal-Assault-2,Assault
INF-0012998,informal-Theft-4,Theft
INF-0045219,informal-Cybercrime-0,Cybercrime
INF-0039315,informal-Cybercrime-0,Cybercrime
INF-0045802,informal-Burglary-1,Burglary
SYN-0005019,Assault-3-layout0,Assault
SYN-0010498,Theft-0-layout2,Theft
SYN-0011479,Arson-2-layout5,Arson
INF-0000203,informal-Cybercrime-7,Cybercrime
INF-0018651,informal-Cybercrime-9,Cybercrime
INF-0009436,informal-Fraud-9,Fraud
INF-0027100,informal-Fraud-3,Fraud
INF-0008122,informal-Burglary-7,Burglary
INF-0008424,informal-Arson-9,Arson
INF-0012240,informal-Arson-0,Arson
INF-0025087,informal-Vandalism-3,Vandalism
INF-0002229,informal-Robbery-8,Robbery
INF-0002358,informal-Theft-6,Theft
SYN-0000778,Theft-1-layout0,Theft
SYN-0006724,Fraud-0-layout3,Fraud
INF-0036586,informal-Burglary-1,Burglary
INF-0033444,informal-Fraud-4,Fraud
SYN-0002535,Arson-4-layout3,Arson
INF-0009695,informal-Vandalism-5,Vandalism
INF-0046004,informal-Fraud-8,Fraud
INF-0042087,informal-Vandalism-4,Vandalism
SYN-0004768,Burglary-4-layout2,Burglary
INF-0013904,informal-Arson-10,Arson
INF-0015924,informal-Fraud-10,Fraud
SYN-0008083,Assault-2-layout0,Assault
SYN-0000403,Assault-2-layout0,Assault
INF-0043790,informal-Theft-1,Theft
INF-0027278,informal-Theft-7,Theft
INF-0003766,informal-Theft-2,Theft
INF-0045822,informal-Theft-3,Theft
INF-0022842,informal-Burglary-11,Burglary
INF-0012534,informal-Theft-0,Theft
INF-0027282,informal-Burglary-8,Burglary
INF-0039326,informal-Theft-1,Theft
INF-0013449,informal-Assault-7,Assault
INF-0016438,informal-Theft-2,Theft
INF-0028303,informal-Vandalism-9,Vandalism
INF-0037199,informal-Vandalism-5,Vandalism
INF-0036948,informal-Fraud-10,Fraud
INF-0014270,informal-Theft-1,Theft
INF-0032598,informal-Theft-6,Theft
INF-0024687,informal-Vandalism-7,Vandalism
INF-0044270,informal-Theft-7,Theft
INF-0016033,informal-Assault-6,Assault
INF-0035188,informal-Fraud-6,Fraud
INF-0000354,informal-Burglary-8,Burglary
INF-0019446,informal-Theft-0,Theft
INF-0026393,informal-Assault-5,Assault
INF-0036815,informal-Vandalism-11,Vandalism
INF-0032570,informal-Burglary-3,Burglary
SYN-0010086,Vandalism-4-layout1,Vandalism
INF-0038177,informal-Assault-2,Assault
SYN-0010023,Arson-4-layout0,Arson
INF-0016871,informal-Vandalism-2,Vandalism
INF-0045283,informal-Cybercrime-8,Cybercrime
INF-0015131,informal-Cybercrime-1,Cybercrime
INF-0030696,informal-Arson-3,Arson
INF-0015501,informal-Robbery-11,Robbery
SYN-0005573,Cybercrime-0-layout3,Cybercrime
INF-0040820,informal-Fraud-8,Fraud
INF-0025214,informal-Theft-1,Theft
INF-0010424,informal-Arson-7,Arson
INF-0003936,informal-Arson-6,Arson
SYN-0009282,Theft-0-layout1,Theft
INF-0014001,informal-Assault-4,Assault
INF-0042676,informal-Fraud-6,Fraud
INF-0000204,informal-Fraud-7,Fraud
INF-0008582,informal-Theft-10,Theft
INF-0021810,informal-Burglary-8,Burglary
INF-0038472,informal-Arson-3,Arson
INF-0027591,informal-Vandalism-10,Vandalism
INF-0034278,informal-Theft-0,Theft
INF-0013975,informal-Vandalism-0,Vandalism
INF-0035349,informal-Robbery-8,Robbery
INF-0030556,informal-Fraud-3,Fraud
INF-0039072,informal-Arson-6,Arson
SYN-0007250,Theft-2-layout5,Theft
INF-0020613,informal-Robbery-2,Robbery
INF-0040510,informal-Theft-5,Theft
INF-0022668,informal-Fraud-7,Fraud
SYN-0007961,Robbery-3-layout4,Robbery
INF-0038048,informal-Arson-4,Arson
INF-0008257,informal-Assault-6,Assault
INF-0030261,informal-Robbery-2,Robbery
INF-0001440,informal-Arson-0,Arson
INF-0035880,informal-Arson-3,Arson
INF-0009978,informal-Burglary-5,Burglary
INF-0032344,informal-Arson-11,Arson
SYN-0006402,Theft-0-layout4,Theft
INF-0029526,informal-Theft-0,Theft
INF-0003338,informal-Burglary-3,Burglary
INF-0019099,informal-Cybercrime-11,Cybercrime
INF-0042518,informal-Theft-4,Theft
INF-0033620,informal-Fraud-8,Fraud
INF-0032882,informal-Burglary-6,Burglary
INF-0013188,informal-Fraud-10,Fraud
INF-0007242,informal-Burglary-5,Burglary
INF-0042772,informal-Fraud-0,Fraud
SYN-0007140,Fraud-4-layout3,Fraud
INF-0005399,informal-Vandalism-8,Vandalism
INF-0046096,informal-Arson-2,Arson
SYN-0005664,Burglary-4-layout4,Burglary
INF-0038080,informal-Arson-8,Arson
INF-0041563,informal-Cybercrime-11,Cybercrime
SYN-0006666,Theft-1-layout2,Theft
INF-0019374,informal-Theft-9,Theft
INF-0009019,informal-Cybercrime-11,Cybercrime
INF-0019927,informal-Vandalism-6,Vandalism
INF-0045859,informal-Cybercrime-8,Cybercrime
INF-0046538,informal-Burglary-3,Burglary
INF-0014439,informal-Vandalism-4,Vandalism
INF-0005532,informal-Fraud-7,Fraud
INF-0028848,informal-Arson-6,Arson
SYN-0005020,Fraud-3-layout0,Fraud
INF-0014900,informal-Fraud-8,Fraud
INF-0041767,informal-Vandalism-0,Vandalism
INF-0039459,informal-Cybercrime-0,Cybercrime
INF-0026523,informal-Cybercrime-3,Cybercrime
INF-0032174,informal-Theft-7,Theft
INF-0018153,informal-Assault-1,Assault
INF-0031838,informal-Theft-1,Theft
INF-0020939,informal-Cybercrime-7,Cybercrime
INF-0002077,informal-Robbery-7,Robbery
INF-0020051,informal-Cybercrime-4,Cybercrime
INF-0019524,informal-Fraud-10,Fraud
INF-0039525,informal-Robbery-8,Robbery
INF-0034485,informal-Robbery-8,Robbery
INF-0016185,informal-Assault-7,Assault
INF-0027735,informal-Vandalism-10,Vandalism
INF-0029522,informal-Burglary-0,Burglary
INF-0012300,informal-Fraud-7,Fraud
INF-0025816,informal-Arson-5,Arson
INF-0019527,informal-Vandalism-10,Vandalism
INF-0032042,informal-Burglary-9,Burglary
INF-0040681,informal-Assault-9,Assault
INF-0016924,informal-Fraud-9,Fraud
INF-0007110,informal-Theft-6,Theft
INF-0046839,informal-Vandalism-4,Vandalism
SYN-0010570,Theft-1-layout3,Theft
INF-0001591,informal-Vandalism-0,Vandalism
INF-0043148,informal-Fraud-11,Fraud
INF-0042638,informal-Theft-1,Theft
INF-0006486,informal-Theft-0,Theft
INF-0001325,informal-Robbery-3,Robbery
SYN-0005796,Fraud-4-layout0,Fraud
INF-0001952,informal-Arson-10,Arson
SYN-0007044,Fraud-0-layout2,Fraud
INF-0025211,informal-Cybercrime-1,Cybercrime
SYN-0010951,Arson-0-layout3,Arson
SYN-0003334,Vandalism-0-layout4,Vandalism
INF-0012549,informal-Robbery-2,Robbery
SYN-0006684,Fraud-3-layout2,Fraud
SYN-0002124,Fraud-1-layout3,Fraud
SYN-0007325,Cybercrime-3-layout0,Cybercrime
INF-0018010,informal-Burglary-1,Burglary
INF-0043830,informal-Theft-6,Theft
INF-0006352,informal-Arson-2,Arson
INF-0017773,informal-Robbery-7,Robbery
SYN-0002962,Theft-2-layout4,Theft
INF-0002510,informal-Theft-7,Theft
INF-0026703,informal-Vandalism-7,Vandalism
INF-0033214,informal-Theft-11,Theft
INF-0033205,informal-Robbery-10,Robbery
INF-0031274,informal-Burglary-3,Burglary
INF-0009419,informal-Cybercrime-7,Cybercrime
INF-0034008,informal-Arson-3,Arson
INF-0022515,informal-Cybercrime-6,Cybercrime
INF-0028984,informal-Arson-5,Arson
INF-0006913,informal-Assault-0,Assault
INF-0002620,informal-Fraud-3,Fraud
INF-0046572,informal-Fraud-7,Fraud
INF-0011302,informal-Theft-8,Theft
SYN-0006659,Assault-0-layout2,Assault
INF-0033414,informal-Theft-0,Theft
SYN-0001172,Fraud-2-layout0,Fraud
SYN-0008788,Fraud-2-layout5,Fraud
INF-0008934,informal-Theft-0,Theft
SYN-0009105,Robbery-2-layout4,Robbery
SYN-0006343,Arson-0-layout3,Arson
SYN-0007686,Vandalism-0-layout0,Vandalism
INF-0003497,informal-Assault-5,Assault
SYN-0000994,Theft-4-layout3,Theft
INF-0019471,informal-Vandalism-3,Vandalism
INF-0021215,informal-Vandalism-5,Vandalism
INF-0042652,informal-Fraud-3,Fraud
INF-0043378,informal-Burglary-4,Burglary
INF-0006481,informal-Assault-0,Assault
INF-0007990,informal-Theft-8,Theft
SYN-0000647,Arson-0-layout4,Arson
INF-0014206,informal-Theft-11,Theft
INF-0045285,informal-Robbery-8,Robbery
INF-0010656,informal-Arson-0,Arson
INF-0017770,informal-Burglary-7,Burglary
INF-0037903,informal-Vandalism-3,Vandalism
INF-0045936,informal-Arson-0,Arson
INF-0023702,informal-Theft-10,Theft
INF-0033616,informal-Arson-8,Arson
SYN-0007169,Robbery-0-layout4,Robbery
INF-0040402,informal-Burglary-10,Burglary
SYN-0008528,Burglary-2-layout1,Burglary
INF-0043438,informal-Theft-11,Theft
INF-0038817,informal-Assault-10,Assault
INF-0012314,informal-Burglary-9,Burglary
INF-0031486,informal-Theft-11,Theft
INF-0023263,informal-Vandalism-9,Vandalism
SYN-0010599,Arson-4-layout3,Arson
INF-0008106,informal-Burglary-5,Burglary
SYN-0010752,Burglary-0-layout0,Burglary
INF-0013422,informal-Theft-3,Theft
INF-0004499,informal-Cybercrime-4,Cybercrime
INF-0004477,informal-Robbery-1,Robbery
INF-0020035,informal-Cybercrime-2,Cybercrime
INF-0007519,informal-Vandalism-3,Vandalism
SYN-0010625,Robbery-0-layout4,Robbery
INF-0020936,informal-Arson-7,Arson
INF-0034483,informal-Cybercrime-8,Cybercrime
INF-0020775,informal-Vandalism-4,Vandalism
INF-0046602,informal-Burglary-11,Burglary
INF-0035797,informal-Robbery-10,Robbery
INF-0008006,informal-Theft-10,Theft
SYN-0001942,Vandalism-2-layout0,Vandalism
SYN-0010774,Vandalism-2-layout0,Vandalism
INF-0000491,informal-Cybercrime-7,Cybercrime
SYN-0006336,Burglary-0-layout3,Burglary
INF-0034760,informal-Arson-7,Arson
INF-0045023,informal-Vandalism-11,Vandalism
INF-0020831,informal-Vandalism-11,Vandalism
INF-0000149,informal-Robbery-0,Robbery
INF-0017020,informal-Fraud-3,Fraud
INF-0044244,informal-Fraud-4,Fraud
INF-0040507,informal-Cybercrime-5,Cybercrime
INF-0046832,informal-Arson-4,Arson
INF-0008950,informal-Theft-2,Theft
SYN-0003982,Vandalism-1-layout2,Vandalism
INF-0019045,informal-Robbery-4,Robbery
INF-0006204,informal-Fraud-1,Fraud
INF-0013974,informal-Theft-0,Theft
INF-0031454,informal-Theft-7,Theft
INF-0010261,informal-Robbery-4,Robbery
INF-0022630,informal-Theft-2,Theft
INF-0021244,informal-Fraud-9,Fraud
SYN-0009992,Burglary-1-layout0,Burglary
INF-0023648,informal-Arson-4,Arson
INF-0010553,informal-Assault-5,Assault
INF-0013867,informal-Cybercrime-5,Cybercrime
INF-0019236,informal-Fraud-10,Fraud
SYN-0002076,Fraud-3-layout2,Fraud
INF-0036293,informal-Robbery-0,Robbery
INF-0045710,informal-Theft-7,Theft
INF-0001586,informal-Burglary-0,Burglary
INF-0026788,informal-Fraud-0,Fraud
INF-0038940,informal-Fraud-7,Fraud
INF-0043788,informal-Fraud-1,Fraud
INF-0016447,informal-Vandalism-3,Vandalism
SYN-0010330,Theft-3-layout5,Theft
INF-0040204,informal-Fraud-3,Fraud
SYN-0001038,Vandalism-1-layout4,Vandalism
INF-0013150,informal-Theft-5,Theft
SYN-0010567,Arson-0-layout3,Arson
INF-0039025,informal-Assault-0,Assault
SYN-0010267,Assault-3-layout4,Assault
INF-0034877,informal-Robbery-3,Robbery
SYN-0010197,Cybercrime-2-layout3,Cybercrime
SYN-0007394,Theft-4-layout1,Theft
SYN-0007815,Arson-0-layout2,Arson
INF-0023350,informal-Theft-2,Theft
SYN-0006812,Fraud-3-layout4,Fraud
INF-0041707,informal-Cybercrime-11,Cybercrime
SYN-0011096,Burglary-3-layout5,Burglary
INF-0013544,informal-Arson-1,Arson
INF-0003532,informal-Fraud-9,Fraud
INF-0029256,informal-Arson-3,Arson
INF-0016038,informal-Theft-6,Theft
SYN-0005458,Theft-2-layout1,Theft
INF-0044968,informal-Arson-5,Arson
INF-0034138,informal-Burglary-1,Burglary
INF-0027577,informal-Assault-9,Assault
INF-0025702,informal-Theft-8,Theft
INF-0028296,informal-Arson-9,Arson
INF-0031912,informal-Arson-11,Arson
SYN-0007682,Theft-0-layout0,Theft
SYN-0008603,Assault-3-layout2,Assault
INF-0003080,informal-Arson-7,Arson
INF-0020937,informal-Assault-7,Assault
INF-0003670,informal-Theft-8,Theft
INF-0046966,informal-Theft-2,Theft
INF-0015474,informal-Burglary-8,Burglary
INF-0045860,informal-Fraud-8,Fraud
SYN-0010470,Vandalism-4-layout1,Vandalism
INF-0015268,informal-Fraud-0,Fraud
INF-0047106,informal-Burglary-2,Burglary
INF-0031170,informal-Burglary-8,Burglary
INF-0010862,informal-Theft-7,Theft
INF-0012876,informal-Fraud-7,Fraud
INF-0003644,informal-Fraud-5,Fraud
INF-0010280,informal-Arson-7,Arson
INF-0034028,informal-Fraud-5,Fraud
INF-0036220,informal-Fraud-9,Fraud
INF-0002759,informal-Vandalism-2,Vandalism
SYN-0002884,Fraud-0-layout3,Fraud
INF-0020390,informal-Theft-10,Theft
INF-0008271,informal-Vandalism-7,Vandalism
INF-0035187,informal-Cybercrime-6,Cybercrime
SYN-0000533,Cybercrime-2-layout2,Cybercrime
INF-0025096,informal-Arson-5,Arson
SYN-0004495,Arson-1-layout4,Arson
INF-0044442,informal-Burglary-11,Burglary
SYN-0004560,Burglary-2-layout5,Burglary
INF-0023188,informal-Fraud-0,Fraud
INF-0035783,informal-Vandalism-8,Vandalism
INF-0045148,informal-Fraud-9,Fraud
INF-0003959,informal-Vandalism-8,Vandalism
INF-0031195,informal-Cybercrime-11,Cybercrime
INF-0013266,informal-Burglary-2,Burglary
INF-0046239,informal-Vandalism-1,Vandalism
INF-0047233,informal-Assault-0,Assault
INF-0039213,informal-Robbery-5,Robbery
INF-0009714,informal-Burglary-8,Burglary
INF-0015482,informal-Burglary-9,Burglary
SYN-0008209,Robbery-2-layout2,Robbery
INF-0035214,informal-Theft-9,Theft
INF-0029833,informal-Assault-3,Assault
INF-0012875,informal-Cybercrime-7,Cybercrime
INF-0014200,informal-Arson-11,Arson
INF-0019351,informal-Vandalism-6,Vandalism
INF-0046305,informal-Assault-10,Assault
INF-0018353,informal-Assault-8,Assault
INF-0008427,informal-Cybercrime-9,Cybercrime
SYN-0006095,Arson-1-layout5,Arson
INF-0022846,informal-Theft-11,Theft
SYN-0002588,Fraud-3-layout4,Fraud
INF-0043672,informal-Arson-5,Arson
INF-0029158,informal-Theft-8,Theft
INF-0038468,informal-Fraud-2,Fraud
INF-0016650,informal-Burglary-11,Burglary
INF-0037229,informal-Robbery-9,Robbery
SYN-0001027,Assault-0-layout4,Assault
INF-0025360,informal-Arson-2,Arson
SYN-0007112,Burglary-1-layout3,Burglary
INF-0026115,informal-Cybercrime-6,Cybercrime
INF-0029718,informal-Theft-6,Theft
INF-0024968,informal-Arson-7,Arson
SYN-0005714,Theft-2-layout5,Theft
SYN-0010626,Theft-0-layout4,Theft
INF-0015627,informal-Cybercrime-9,Cybercrime
SYN-0000674,Theft-4-layout4,Theft
INF-0025956,informal-Fraud-4,Fraud
INF-0000763,informal-Cybercrime-5,Cybercrime
INF-0012857,informal-Assault-5,Assault
INF-0010311,informal-Vandalism-10,Vandalism
INF-0038304,informal-Arson-0,Arson
INF-0018060,informal-Fraud-7,Fraud
INF-0021250,informal-Burglary-10,Burglary
INF-0028542,informal-Theft-3,Theft
SYN-0011585,Robbery-0-layout1,Robbery
INF-0000185,informal-Assault-5,Assault
SYN-0004886,Vandalism-2-layout4,Vandalism
INF-0031760,informal-Arson-10,Arson
INF-0000348,informal-Fraud-7,Fraud
INF-0037022,informal-Theft-1,Theft
INF-0001304,informal-Arson-1,Arson
INF-0000924,informal-Fraud-7,Fraud
SYN-0002532,Fraud-4-layout3,Fraud
INF-0033445,informal-Robbery-4,Robbery
SYN-0009998,Vandalism-1-layout0,Vandalism
SYN-0005891,Assault-0-layout2,Assault
INF-0039541,informal-Robbery-10,Robbery
INF-0014611,informal-Cybercrime-8,Cybercrime
SYN-0010695,Arson-0-layout5,Arson
INF-0046092,informal-Fraud-1,Fraud
INF-0029546,informal-Burglary-3,Burglary
INF-0030013,informal-Robbery-7,Robbery
INF-0008648,informal-Arson-1,Arson
INF-0009523,informal-Cybercrime-2,Cybercrime
INF-0006801,informal-Assault-4,Assault
INF-0016305,informal-Assault-4,Assault
INF-0018375,informal-Vandalism-10,Vandalism
INF-0016306,informal-Burglary-4,Burglary
SYN-0004929,Robbery-0-layout5,Robbery
INF-0038938,informal-Burglary-7,Burglary
INF-0002744,informal-Arson-1,Arson
INF-0019809,informal-Assault-10,Assault
INF-0025684,informal-Fraud-6,Fraud
INF-0021194,informal-Burglary-3,Burglary
INF-0018605,informal-Robbery-3,Robbery
INF-0037227,informal-Cybercrime-9,Cybercrime
INF-0040836,informal-Fraud-10,Fraud
INF-0030240,informal-Arson-0,Arson
INF-0043144,informal-Arson-11,Arson
SYN-0011993,Robbery-3-layout1,Robbery
INF-0014616,informal-Arson-9,Arson
INF-0009960,informal-Arson-3,Arson
INF-0038200,informal-Arson-5,Arson
INF-0007816,informal-Arson-5,Arson
SYN-0011235,Assault-4-layout1,Assault
INF-0010541,informal-Robbery-3,Robbery
SYN-0004234,Theft-1-layout0,Theft
INF-0012682,informal-Burglary-1,Burglary
INF-0043422,informal-Theft-9,Theft
INF-0011106,informal-Burglary-2,Burglary
SYN-0002653,Cybercrime-3-layout5,Cybercrime
INF-0021797,informal-Robbery-6,Robbery
INF-0040544,informal-Arson-10,Arson
INF-0021398,informal-Theft-10,Theft
INF-0014610,informal-Burglary-8,Burglary
SYN-0002756,Fraud-0-layout1,Fraud
INF-0022625,informal-Assault-2,Assault
INF-0028449,informal-Assault-10,Assault
INF-0046256,informal-Arson-4,Arson
INF-0018164,informal-Fraud-2,Fraud
INF-0009557,informal-Robbery-6,Robbery
INF-0047559,informal-Vandalism-4,Vandalism
INF-0035455,informal-Vandalism-3,Vandalism
INF-0019757,informal-Robbery-3,Robbery
SYN-0010466,Theft-4-layout1,Theft
INF-0009584,informal-Arson-10,Arson
INF-0004914,informal-Burglary-2,Burglary
INF-0042225,informal-Assault-4,Assault
INF-0044240,informal-Arson-4,Arson
INF-0003676,informal-Fraud-9,Fraud
INF-0040842,informal-Burglary-11,Burglary
SYN-0002759,Arson-0-layout1,Arson
INF-0039909,informal-Robbery-2,Robbery
SYN-0000780,Fraud-1-layout0,Fraud
INF-0012673,informal-Assault-0,Assault
INF-0002092,informal-Fraud-9,Fraud
INF-0009672,informal-Arson-3,Arson
INF-0023933,informal-Robbery-3,Robbery
SYN-0007236,Fraud-0-layout5,Fraud
INF-0012118,informal-Theft-2,Theft
SYN-0002374,Vandalism-0-layout1,Vandalism
SYN-0011979,Assault-1-layout1,Assault
INF-0047829,informal-Robbery-2,Robbery
INF-0004903,informal-Vandalism-0,Vandalism
SYN-0011600,Burglary-2-layout1,Burglary
INF-0043839,informal-Vandalism-7,Vandalism
INF-0036310,informal-Theft-2,Theft
INF-0015058,informal-Burglary-10,Burglary
INF-0007680,informal-Arson-6,Arson
INF-0029832,informal-Arson-3,Arson
INF-0022410,informal-Burglary-11,Burglary
SYN-0004958,Vandalism-3-layout5,Vandalism
INF-0047137,informal-Assault-6,Assault
SYN-0005889,Robbery-0-layout2,Robbery
INF-0040779,informal-Cybercrime-3,Cybercrime
SYN-0008092,Fraud-3-layout0,Fraud
INF-0026238,informal-Theft-3,Theft
INF-0043837,informal-Robbery-7,Robbery
INF-0016502,informal-Theft-10,Theft
INF-0025982,informal-Theft-7,Theft
INF-0020605,informal-Robbery-1,Robbery
INF-0031970,informal-Burglary-0,Burglary
SYN-0004752,Burglary-2-layout2,Burglary
SYN-0005249,Robbery-0-layout4,Robbery
INF-0042856,informal-Arson-11,Arson
INF-0003087,informal-Vandalism-7,Vandalism
INF-0016719,informal-Vandalism-1,Vandalism
INF-0045856,informal-Arson-8,Arson
INF-0036892,informal-Fraud-3,Fraud
INF-0029463,informal-Vandalism-10,Vandalism
INF-0022487,informal-Vandalism-2,Vandalism
INF-0027143,informal-Vandalism-8,Vandalism
INF-0037919,informal-Vandalism-5,Vandalism
INF-0022357,informal-Robbery-4,Robbery
SYN-0005195,Assault-1-layout3,Assault
INF-0028409,informal-Assault-5,Assault
INF-0033714,informal-Burglary-2,Burglary
INF-0016864,informal-Arson-2,Arson
SYN-0005665,Robbery-4-layout4,Robbery
INF-0033441,informal-Assault-4,Assault
INF-0040202,informal-Burglary-3,Burglary
INF-0010411,informal-Cybercrime-5,Cybercrime
INF-0041917,informal-Robbery-1,Robbery
INF-0035356,informal-Fraud-9,Fraud
INF-0034464,informal-Arson-6,Arson
INF-0027420,informal-Fraud-7,Fraud
SYN-0010624,Burglary-0-layout4,Burglary
INF-0005184,informal-Arson-0,Arson
INF-0045221,informal-Robbery-0,Robbery
INF-0022845,informal-Robbery-11,Robbery
INF-0005946,informal-Burglary-5,Burglary
INF-0003250,informal-Burglary-10,Burglary
INF-0041275,informal-Cybercrime-11,Cybercrime
INF-0024247,informal-Vandalism-6,Vandalism
SYN-0010252,Fraud-1-layout4,Fraud
INF-0013195,informal-Cybercrime-11,Cybercrime
SYN-0002643,Assault-2-layout5,Assault
INF-0014170,informal-Burglary-7,Burglary
SYN-0001822,Vandalism-3-layout4,Vandalism
INF-0022468,informal-Fraud-0,Fraud
INF-0041231,informal-Vandalism-5,Vandalism
INF-0018510,informal-Theft-9,Theft
INF-0026520,informal-Arson-3,Arson
INF-0000645,informal-Robbery-8,Robbery
INF-0002882,informal-Burglary-0,Burglary
INF-0003334,informal-Theft-2,Theft
INF-0001609,informal-Assault-3,Assault
INF-0026066,informal-Burglary-0,Burglary
INF-0001176,informal-Arson-3,Arson
INF-0014852,informal-Fraud-2,Fraud
INF-0019499,informal-Cybercrime-7,Cybercrime
INF-0028145,informal-Assault-8,Assault
INF-0025682,informal-Burglary-6,Burglary
INF-0000732,informal-Fraud-1,Fraud
INF-0036914,informal-Burglary-6,Burglary
INF-0001792,informal-Arson-8,Arson
INF-0000609,informal-Assault-4,Assault
INF-0029834,informal-Burglary-3,Burglary
SYN-0011861,Cybercrime-2-layout5,Cybercrime
INF-0032146,informal-Burglary-4,Burglary
INF-0010970,informal-Burglary-3,Burglary
INF-0028393,informal-Assault-3,Assault
INF-0003335,informal-Vandalism-2,Vandalism
INF-0011520,informal-Arson-0,Arson
INF-0002065,informal-Assault-6,Assault
INF-0000926,informal-Theft-7,Theft
INF-0027418,informal-Burglary-7,Burglary
INF-0036512,informal-Arson-10,Arson
INF-0034644,informal-Fraud-10,Fraud
SYN-0004062,Vandalism-3-layout3,Vandalism
INF-0034349,informal-Robbery-9,Robbery
INF-0046114,informal-Burglary-4,Burglary
SYN-0011418,Theft-3-layout4,Theft
INF-0046709,informal-Robbery-6,Robbery
INF-0000238,informal-Theft-11,Theft
INF-0014477,informal-Robbery-9,Robbery
INF-0015479,informal-Vandalism-8,Vandalism
SYN-0002267,Assault-3-layout5,Assault
INF-0047139,informal-Cybercrime-6,Cybercrime
INF-0020931,informal-Cybercrime-6,Cybercrime
INF-0019061,informal-Robbery-6,Robbery
INF-0037011,informal-Cybercrime-0,Cybercrime
INF-0020365,informal-Robbery-7,Robbery
INF-0012528,informal-Arson-0,Arson
SYN-0004237,Cybercrime-1-layout0,Cybercrime
INF-0027956,informal-Fraud-2,Fraud
INF-0026513,informal-Assault-2,Assault
INF-0024796,informal-Fraud-3,Fraud
INF-0033595,informal-Cybercrime-5,Cybercrime
INF-0032573,informal-Robbery-3,Robbery
INF-0009017,informal-Assault-11,Assault
SYN-0004954,Theft-3-layout5,Theft
SYN-0010249,Robbery-1-layout4,Robbery
INF-0008678,informal-Theft-4,Theft
INF-0042088,informal-Arson-5,Arson
INF-0039468,informal-Fraud-1,Fraud
INF-0029440,informal-Arson-8,Arson
INF-0005279,informal-Vandalism-11,Vandalism
INF-0003220,informal-Fraud-6,Fraud
INF-0033048,informal-Arson-9,Arson
INF-0012571,informal-Cybercrime-5,Cybercrime
INF-0041278,informal-Theft-11,Theft
INF-0007838,informal-Theft-7,Theft
INF-0026689,informal-Assault-6,Assault
INF-0000184,informal-Arson-5,Arson
INF-0022376,informal-Arson-7,Arson
INF-0027582,informal-Theft-9,Theft
INF-0019371,informal-Cybercrime-9,Cybercrime
INF-0025395,informal-Cybercrime-6,Cybercrime
INF-0011240,informal-Arson-1,Arson
SYN-0006485,Cybercrime-2-layout5,Cybercrime
INF-0039319,informal-Vandalism-0,Vandalism
INF-0002777,informal-Assault-5,Assault
INF-0039520,informal-Arson-8,Arson
INF-0026694,informal-Theft-6,Theft
INF-0014331,informal-Cybercrime-9,Cybercrime
INF-0028990,informal-Theft-5,Theft
SYN-0002079,Arson-3-layout2,Arson
INF-0019318,informal-Theft-2,Theft
INF-0020038,informal-Theft-2,Theft
INF-0013901,informal-Robbery-9,Robbery
INF-0047305,informal-Assault-9,Assault
INF-0037902,informal-Theft-3,Theft
SYN-0005136,Burglary-2-layout2,Burglary
INF-0012535,informal-Vandalism-0,Vandalism
INF-0028522,informal-Burglary-1,Burglary
INF-0025959,informal-Vandalism-4,Vandalism
INF-0039753,informal-Assault-1,Assault
INF-0017751,informal-Vandalism-4,Vandalism
INF-0029979,informal-Cybercrime-3,Cybercrime
INF-0014321,informal-Assault-8,Assault
INF-0006998,informal-Theft-10,Theft
INF-0022624,informal-Arson-2,Arson
INF-0035047,informal-Vandalism-6,Vandalism
INF-0033643,informal-Cybercrime-11,Cybercrime
INF-0005057,informal-Assault-2,Assault
INF-0040506,informal-Burglary-5,Burglary
INF-0025818,informal-Burglary-5,Burglary
INF-0045238,informal-Theft-2,Theft
INF-0013873,informal-Assault-6,Assault
INF-0020824,informal-Arson-11,Arson
INF-0021468,informal-Fraud-1,Fraud
SYN-0008027,Assault-3-layout5,Assault
INF-0043385,informal-Assault-5,Assault
INF-0036938,informal-Burglary-9,Burglary
SYN-0002651,Assault-3-layout5,Assault
INF-0007780,informal-Fraud-0,Fraud
INF-0033842,informal-Burglary-0,Burglary
SYN-0002586,Theft-3-layout4,Theft
INF-0014264,informal-Arson-1,Arson
SYN-0006374,Vandalism-4-layout3,Vandalism
SYN-0011232,Burglary-4-layout1,Burglary
SYN-0007748,Fraud-0-layout1,Fraud
INF-0016009,informal-Assault-3,Assault
INF-0040367,informal-Vandalism-5,Vandalism
INF-0044993,informal-Assault-8,Assault
INF-0037937,informal-Assault-8,Assault
INF-0017736,informal-Arson-3,Arson
SYN-0011018,Theft-1-layout4,Theft
INF-0046155,informal-Cybercrime-9,Cybercrime
INF-0015475,informal-Cybercrime-8,Cybercrime
SYN-0005440,Burglary-0-layout1,Burglary
INF-0031261,informal-Robbery-1,Robbery
INF-0037362,informal-Burglary-8,Burglary
INF-0047310,informal-Theft-9,Theft
INF-0035861,informal-Robbery-0,Robbery
INF-0009590,informal-Theft-10,Theft
INF-0038491,informal-Cybercrime-5,Cybercrime
INF-0015130,informal-Burglary-1,Burglary
INF-0027363,informal-Cybercrime-0,Cybercrime
INF-0040042,informal-Burglary-1,Burglary
INF-0028744,informal-Arson-11,Arson
INF-0022692,informal-Fraud-10,Fraud
INF-0023230,informal-Theft-5,Theft
INF-0039656,informal-Arson-7,Arson
INF-0014174,informal-Theft-7,Theft
INF-0009422,informal-Theft-7,Theft
INF-0020054,informal-Theft-4,Theft
SYN-0007766,Vandalism-2-layout1,Vandalism
SYN-0011021,Cybercrime-1-layout4,Cybercrime
INF-0013399,informal-Vandalism-0,Vandalism
INF-0009982,informal-Theft-5,Theft
SYN-0002060,Fraud-1-layout2,Fraud
SYN-0010947,Assault-0-layout3,Assault
INF-0020648,informal-Arson-7,Arson
INF-0011856,informal-Arson-6,Arson
SYN-0011531,Assault-1-layout0,Assault
INF-0023227,informal-Cybercrime-5,Cybercrime
SYN-0011722,Theft-1-layout3,Theft
INF-0005480,informal-Arson-1,Arson
INF-0006772,informal-Fraud-0,Fraud
INF-0046011,informal-Cybercrime-9,Cybercrime
INF-0006357,informal-Robbery-2,Robbery
INF-0029757,informal-Robbery-11,Robbery
INF-0012271,informal-Vandalism-3,Vandalism
INF-0003902,informal-Theft-1,Theft
INF-0004918,informal-Theft-2,Theft
INF-0017609,informal-Assault-5,Assault
SYN-0004193,Robbery-4-layout5,Robbery
SYN-0006082,Theft-0-layout5,Theft
SYN-0004754,Theft-2-layout2,Theft
INF-0016465,informal-Assault-6,Assault
INF-0012817,informal-Assault-0,Assault
INF-0043376,informal-Arson-4,Arson
SYN-0011548,Fraud-3-layout0,Fraud
SYN-0007617,Robbery-0-layout5,Robbery
INF-0028169,informal-Assault-11,Assault
INF-0002338,informal-Burglary-4,Burglary
INF-0005644,informal-Fraud-3,Fraud
SYN-0006687,Arson-3-layout2,Arson
INF-0004201,informal-Assault-3,Assault
SYN-0004119,Arson-2-layout4,Arson
INF-0028300,informal-Fraud-9,Fraud
INF-0014720,informal-Arson-4,Arson
INF-0002778,informal-Burglary-5,Burglary
INF-0039318,informal-Theft-0,Theft
INF-0046563,informal-Cybercrime-6,Cybercrime
INF-0031853,informal-Robbery-3,Robbery
INF-0037811,informal-Cybercrime-10,Cybercrime
INF-0001085,informal-Robbery-9,Robbery
INF-0002089,informal-Assault-9,Assault
INF-0029029,informal-Robbery-10,Robbery
INF-0008300,informal-Fraud-11,Fraud
INF-0009710,informal-Theft-7,Theft
INF-0019072,informal-Arson-8,Arson
INF-0042339,informal-Cybercrime-0,Cybercrime
INF-0029815,informal-Vandalism-0,Vandalism
INF-0028854,informal-Theft-6,Theft
INF-0003487,informal-Vandalism-3,Vandalism
INF-0000503,informal-Vandalism-8,Vandalism
INF-0036950,informal-Theft-10,Theft
INF-0010974,informal-Theft-3,Theft
INF-0034013,informal-Robbery-3,Robbery
INF-0022629,informal-Robbery-2,Robbery
INF-0027154,informal-Burglary-10,Burglary
INF-0035345,informal-Assault-8,Assault
INF-0012319,informal-Vandalism-9,Vandalism
INF-0000613,informal-Robbery-4,Robbery
INF-0046005,informal-Robbery-8,Robbery
INF-0014293,informal-Robbery-4,Robbery
INF-0045938,informal-Burglary-0,Burglary
INF-0003400,informal-Arson-11,Arson
INF-0039644,informal-Fraud-5,Fraud
INF-0028961,informal-Assault-2,Assault
INF-0039975,informal-Vandalism-10,Vandalism
SYN-0000407,Arson-2-layout0,Arson
SYN-0002371,Assault-0-layout1,Assault
SYN-0004224,Burglary-0-layout0,Burglary
INF-0022378,informal-Burglary-7,Burglary
INF-0023186,informal-Burglary-0,Burglary
SYN-0009817,Robbery-3-layout3,Robbery
SYN-0006878,Vandalism-3-layout5,Vandalism
INF-0039484,informal-Fraud-3,Fraud
INF-0042794,informal-Burglary-3,Burglary
SYN-0000642,Theft-0-layout4,Theft
INF-0017201,informal-Assault-8,Assault
INF-0011890,informal-Burglary-10,Burglary
INF-0017200,informal-Arson-8,Arson
SYN-0006681,Robbery-3-layout2,Robbery
INF-0023929,informal-Assault-3,Assault
INF-0020918,informal-Theft-4,Theft
SYN-0005398,Vandalism-2-layout0,Vandalism
SYN-0007512,Burglary-3-layout3,Burglary
INF-0013406,informal-Theft-1,Theft
INF-0022538,informal-Burglary-9,Burglary
INF-0044112,informal-Arson-6,Arson
INF-0001770,informal-Burglary-5,Burglary
INF-0002189,informal-Robbery-3,Robbery
SYN-0009761,Robbery-4-layout2,Robbery
INF-0028398,informal-Theft-3,Theft
INF-0035191,informal-Vandalism-6,Vandalism
INF-0015125,informal-Robbery-0,Robbery
INF-0040776,informal-Arson-3,Arson
INF-0005623,informal-Vandalism-0,Vandalism
INF-0002196,informal-Fraud-4,Fraud
INF-0018917,informal-Robbery-6,Robbery
INF-0000509,informal-Robbery-9,Robbery
INF-0019500,informal-Fraud-7,Fraud
INF-0023986,informal-Burglary-10,Burglary
INF-0027585,informal-Assault-10,Assault
INF-0011592,informal-Arson-9,Arson
INF-0001613,informal-Robbery-3,Robbery
INF-0031969,informal-Assault-0,Assault
INF-0023412,informal-Fraud-10,Fraud
INF-0021754,informal-Burglary-1,Burglary
SYN-0006090,Theft-1-layout5,Theft
INF-0026501,informal-Robbery-0,Robbery
INF-0005483,informal-Cybercrime-1,Cybercrime
INF-0005272,informal-Arson-11,Arson
SYN-0001886,Vandalism-3-layout5,Vandalism
INF-0007720,informal-Arson-11,Arson
INF-0041226,informal-Burglary-5,Burglary
INF-0023698,informal-Burglary-10,Burglary
INF-0033614,informal-Theft-7,Theft
INF-0009569,informal-Assault-8,Assault
INF-0024259,informal-Cybercrime-8,Cybercrime
SYN-0002072,Burglary-3-layout2,Burglary
INF-0037924,informal-Fraud-6,Fraud
INF-0001785,informal-Assault-7,Assault
INF-0007150,informal-Theft-11,Theft
INF-0014617,informal-Assault-9,Assault
INF-0014631,informal-Vandalism-10,Vandalism
INF-0042650,informal-Burglary-3,Burglary
INF-0042053,informal-Robbery-0,Robbery
INF-0020973,informal-Robbery-11,Robbery
INF-0002186,informal-Burglary-3,Burglary
SYN-0002903,Arson-2-layout3,Arson
INF-0017007,informal-Vandalism-1,Vandalism
INF-0017180,informal-Fraud-5,Fraud
INF-0045947,informal-Cybercrime-1,Cybercrime
INF-0021061,informal-Robbery-4,Robbery
INF-0008651,informal-Cybercrime-1,Cybercrime
INF-0043359,informal-Vandalism-1,Vandalism
INF-0040509,informal-Robbery-5,Robbery
SYN-0001033,Robbery-1-layout4,Robbery
INF-0007695,informal-Vandalism-7,Vandalism
SYN-0008080,Burglary-2-layout0,Burglary
INF-0034471,informal-Vandalism-6,Vandalism
INF-0047388,informal-Fraud-1,Fraud
SYN-0010901,Cybercrime-2-layout2,Cybercrime
INF-0017215,informal-Vandalism-9,Vandalism
INF-0019756,informal-Fraud-3,Fraud
SYN-0004363,Assault-1-layout2,Assault
INF-0013875,informal-Cybercrime-6,Cybercrime
INF-0044257,informal-Assault-6,Assault
INF-0001063,informal-Vandalism-6,Vandalism
INF-0004247,informal-Vandalism-8,Vandalism
INF-0018304,informal-Arson-2,Arson
INF-0044013,informal-Robbery-11,Robbery
INF-0020608,informal-Arson-2,Arson
INF-0044159,informal-Vandalism-11,Vandalism
INF-0032349,informal-Robbery-11,Robbery
INF-0002194,informal-Burglary-4,Burglary
INF-0030592,informal-Arson-8,Arson
INF-0033439,informal-Vandalism-3,Vandalism
INF-0047858,informal-Burglary-6,Burglary
INF-0046812,informal-Fraud-1,Fraud
SYN-0010784,Burglary-4-layout0,Burglary
SYN-0010754,Theft-0-layout0,Theft
INF-0026705,informal-Assault-8,Assault
INF-0031836,informal-Fraud-1,Fraud
INF-0045436,informal-Fraud-9,Fraud
INF-0023642,informal-Burglary-3,Burglary
INF-0027098,informal-Burglary-3,Burglary
INF-0029982,informal-Theft-3,Theft
INF-0037933,informal-Robbery-7,Robbery
INF-0010306,informal-Burglary-10,Burglary
INF-0007223,informal-Vandalism-2,Vandalism
INF-0007687,informal-Vandalism-6,Vandalism
INF-0010020,informal-Fraud-10,Fraud
INF-0022057,informal-Assault-3,Assault
INF-0011598,informal-Theft-9,Theft
INF-0019808,informal-Arson-10,Arson
SYN-0010271,Arson-3-layout4,Arson
INF-0040035,informal-Cybercrime-0,Cybercrime
INF-0001603,informal-Cybercrime-2,Cybercrime
INF-0014329,informal-Assault-9,Assault
INF-0047553,informal-Assault-4,Assault
INF-0010521,informal-Assault-1,Assault
SYN-0011601,Robbery-2-layout1,Robbery
INF-0033408,informal-Arson-0,Arson
SYN-0006111,Arson-3-layout5,Arson
SYN-0007964,Fraud-3-layout4,Fraud
INF-0040845,informal-Robbery-11,Robbery
SYN-0011996,Fraud-3-layout1,Fraud
INF-0003529,informal-Assault-9,Assault
INF-0013733,informal-Robbery-6,Robbery
INF-0044853,informal-Robbery-8,Robbery
INF-0000934,informal-Theft-8,Theft
INF-0043431,informal-Vandalism-10,Vandalism
INF-0003116,informal-Fraud-11,Fraud
INF-0012860,informal-Fraud-5,Fraud
INF-0024795,informal-Cybercrime-3,Cybercrime
INF-0022841,informal-Assault-11,Assault
SYN-0010388,Fraud-2-layout0,Fraud
INF-0026994,informal-Burglary-8,Burglary
INF-0035280,informal-Arson-0,Arson
INF-0016927,informal-Vandalism-9,Vandalism
INF-0012285,informal-Robbery-5,Robbery
SYN-0010066,Theft-2-layout1,Theft
INF-0041927,informal-Vandalism-2,Vandalism
INF-0029903,informal-Vandalism-11,Vandalism
INF-0029846,informal-Theft-4,Theft
INF-0042063,informal-Vandalism-1,Vandalism
INF-0021962,informal-Burglary-9,Burglary
INF-0024845,informal-Robbery-9,Robbery
INF-0017178,informal-Burglary-5,Burglary
INF-0015863,informal-Vandalism-2,Vandalism
INF-0013755,informal-Cybercrime-9,Cybercrime
INF-0014145,informal-Assault-4,Assault
INF-0045400,informal-Arson-5,Arson
SYN-0004933,Cybercrime-0-layout5,Cybercrime
INF-0014154,informal-Burglary-5,Burglary
INF-0021343,informal-Vandalism-3,Vandalism
SYN-0004488,Burglary-1-layout4,Burglary
INF-0020935,informal-Vandalism-6,Vandalism
INF-0046575,informal-Vandalism-7,Vandalism
INF-0030170,informal-Burglary-9,Burglary
INF-0031537,informal-Assault-0,Assault
INF-0002830,informal-Theft-11,Theft
INF-0029901,informal-Robbery-11,Robbery
INF-0008100,informal-Fraud-4,Fraud
INF-0003901,informal-Robbery-1,Robbery
INF-0009386,informal-Burglary-3,Burglary
SYN-0011423,Arson-3-layout4,Arson
INF-0023223,informal-Vandalism-4,Vandalism
INF-0025257,informal-Assault-7,Assault
INF-0036496,informal-Arson-8,Arson
INF-0018205,informal-Robbery-7,Robbery
SYN-0007963,Assault-3-layout4,Assault
INF-0025700,informal-Fraud-8,Fraud
INF-0044419,informal-Cybercrime-8,Cybercrime
SYN-0004884,Fraud-2-layout4,Fraud
INF-0045287,informal-Vandalism-8,Vandalism
SYN-0000777,Robbery-1-layout0,Robbery
INF-0026395,informal-Cybercrime-5,Cybercrime
INF-0038062,informal-Theft-5,Theft
INF-0010662,informal-Theft-0,Theft
INF-0032175,informal-Vandalism-7,Vandalism
INF-0032912,informal-Arson-10,Arson
INF-0009807,informal-Vandalism-1,Vandalism
INF-0017190,informal-Theft-6,Theft
INF-0040045,informal-Robbery-1,Robbery
INF-0026791,informal-Vandalism-0,Vandalism
INF-0029033,informal-Assault-11,Assault
INF-0008129,informal-Assault-8,Assault
INF-0003896,informal-Arson-1,Arson
INF-0025987,informal-Cybercrime-8,Cybercrime
INF-0036772,informal-Fraud-6,Fraud
INF-0038752,informal-Arson-2,Arson
SYN-0002265,Robbery-3-layout5,Robbery
SYN-0010334,Vandalism-3-layout5,Vandalism
INF-0034185,informal-Assault-7,Assault
INF-0005513,informal-Assault-5,Assault
INF-0042050,informal-Burglary-0,Burglary
INF-0017185,informal-Assault-6,Assault
INF-0003771,informal-Cybercrime-3,Cybercrime
INF-0035306,informal-Burglary-3,Burglary
INF-0004807,informal-Vandalism-6,Vandalism
INF-0039513,informal-Assault-7,Assault
INF-0025681,informal-Assault-6,Assault
INF-0032480,informal-Arson-10,Arson
INF-0038207,informal-Vandalism-5,Vandalism
INF-0047471,informal-Vandalism-11,Vandalism
SYN-0009036,Fraud-1-layout3,Fraud
SYN-0009375,Arson-3-layout2,Arson
INF-0025576,informal-Arson-11,Arson
INF-0015865,informal-Assault-3,Assault
INF-0045703,informal-Vandalism-6,Vandalism
INF-0001011,informal-Cybercrime-0,Cybercrime
SYN-0001766,Vandalism-4-layout3,Vandalism
INF-0036499,informal-Cybercrime-8,Cybercrime
SYN-0002576,Burglary-2-layout4,Burglary
INF-0004684,informal-Fraud-9,Fraud
INF-0019372,informal-Fraud-9,Fraud
SYN-0001810,Theft-2-layout4,Theft
INF-0025981,informal-Robbery-7,Robbery
INF-0028986,informal-Burglary-5,Burglary
INF-0014320,informal-Arson-8,Arson
INF-0024214,informal-Theft-2,Theft
INF-0046426,informal-Burglary-7,Burglary
SYN-0005520,Burglary-2-layout2,Burglary
SYN-0008416,Burglary-4-layout5,Burglary
SYN-0004163,Assault-0-layout5,Assault
INF-0007725,informal-Robbery-11,Robbery
INF-0010826,informal-Burglary-3,Burglary
INF-0032628,informal-Fraud-10,Fraud
INF-0022640,informal-Arson-4,Arson
INF-0026704,informal-Arson-8,Arson
INF-0041203,informal-Cybercrime-2,Cybercrime
INF-0046660,informal-Fraud-0,Fraud
INF-0006805,informal-Robbery-4,Robbery
INF-0019755,informal-Cybercrime-3,Cybercrime
SYN-0007237,Cybercrime-0-layout5,Cybercrime
INF-0006777,informal-Assault-1,Assault
SYN-0005274,Theft-3-layout4,Theft
SYN-0010021,Cybercrime-4-layout0,Cybercrime
INF-0029559,informal-Vandalism-4,Vandalism
SYN-0008902,Vandalism-0-layout1,Vandalism
SYN-0002624,Burglary-0-layout5,Burglary
INF-0018058,informal-Burglary-7,Burglary
SYN-0002881,Robbery-0-layout3,Robbery
INF-0005196,informal-Fraud-1,Fraud
INF-0026684,informal-Fraud-5,Fraud
SYN-0008896,Burglary-0-layout1,Burglary
SYN-0007632,Burglary-2-layout5,Burglary
INF-0033300,informal-Fraud-4,Fraud
SYN-0010977,Robbery-4-layout3,Robbery
INF-0028151,informal-Vandalism-8,Vandalism
INF-0019059,informal-Cybercrime-6,Cybercrime
INF-0032432,informal-Arson-4,Arson
INF-0005650,informal-Burglary-4,Burglary
SYN-0009822,Vandalism-3-layout3,Vandalism
INF-0017765,informal-Robbery-6,Robbery
SYN-0002631,Arson-0-layout5,Arson
INF-0005978,informal-Burglary-9,Burglary
INF-0042340,informal-Fraud-0,Fraud
INF-0020350,informal-Theft-5,Theft
SYN-0009927,Arson-0-layout5,Arson
INF-0005091,informal-Cybercrime-6,Cybercrime
INF-0017749,informal-Robbery-4,Robbery
SYN-0011872,Burglary-4-layout5,Burglary
SYN-0004004,Fraud-4-layout2,Fraud
INF-0043571,informal-Cybercrime-10,Cybercrime
INF-0047030,informal-Theft-10,Theft
INF-0038811,informal-Cybercrime-9,Cybercrime
INF-0030262,informal-Theft-2,Theft
INF-0035215,informal-Vandalism-9,Vandalism
INF-0042859,informal-Cybercrime-11,Cybercrime
SYN-0011420,Fraud-3-layout4,Fraud
INF-0029739,informal-Cybercrime-9,Cybercrime
INF-0036304,informal-Arson-2,Arson
SYN-0010891,Assault-1-layout2,Assault
SYN-0002014,Vandalism-3-layout1,Vandalism
INF-0033844,informal-Fraud-0,Fraud
INF-0000933,informal-Robbery-8,Robbery
SYN-0005894,Vandalism-0-layout2,Vandalism
INF-0010523,informal-Cybercrime-1,Cybercrime
INF-0010527,informal-Vandalism-1,Vandalism
SYN-0007883,Assault-1-layout3,Assault
INF-0028537,informal-Assault-3,Assault
INF-0034277,informal-Robbery-0,Robbery
INF-0044152,informal-Arson-11,Arson
INF-0028845,informal-Robbery-5,Robbery
INF-0042401,informal-Assault-8,Assault
INF-0019062,informal-Theft-6,Theft
SYN-0000210,Theft-2-layout3,Theft
INF-0012617,informal-Assault-11,Assault
INF-0045446,informal-Theft-10,Theft
INF-0043922,informal-Burglary-0,Burglary
INF-0041676,informal-Fraud-7,Fraud
INF-0022190,informal-Theft-1,Theft
SYN-0001861,Cybercrime-0-layout5,Cybercrime
INF-0031861,informal-Robbery-4,Robbery
INF-0011114,informal-Burglary-3,Burglary
INF-0031034,informal-Burglary-9,Burglary
SYN-0002855,Arson-4-layout2,Arson
INF-0005618,informal-Burglary-0,Burglary
SYN-0006229,Cybercrime-2-layout1,Cybercrime
INF-0017608,informal-Arson-5,Arson
INF-0012287,informal-Vandalism-5,Vandalism
SYN-0007002,Theft-3-layout1,Theft
INF-0013321,informal-Assault-9,Assault
INF-0017019,informal-Cybercrime-3,Cybercrime
INF-0002631,informal-Vandalism-4,Vandalism
INF-0019380,informal-Fraud-10,Fraud
INF-0019587,informal-Cybercrime-0,Cybercrime
INF-0042946,informal-Burglary-4,Burglary
INF-0006963,informal-Cybercrime-6,Cybercrime
INF-0005113,informal-Assault-9,Assault
INF-0025976,informal-Arson-7,Arson
INF-0002619,informal-Cybercrime-3,Cybercrime
INF-0033455,informal-Vandalism-5,Vandalism
INF-0019948,informal-Fraud-9,Fraud
INF-0032170,informal-Burglary-7,Burglary
INF-0005116,informal-Fraud-9,Fraud
INF-0021197,informal-Robbery-3,Robbery
INF-0015759,informal-Vandalism-7,Vandalism
INF-0026789,informal-Robbery-0,Robbery
INF-0040413,informal-Robbery-11,Robbery
INF-0003485,informal-Robbery-3,Robbery
SYN-0000990,Vandalism-3-layout3,Vandalism
INF-0002361,informal-Assault-7,Assault
INF-0017032,informal-Arson-5,Arson
INF-0002749,informal-Robbery-1,Robbery
INF-0027429,informal-Robbery-8,Robbery
INF-0022354,informal-Burglary-4,Burglary
SYN-0009308,Fraud-3-layout1,Fraud
INF-0033770,informal-Burglary-9,Burglary
INF-0025109,informal-Robbery-6,Robbery
INF-0007142,informal-Theft-10,Theft
SYN-0001812,Fraud-2-layout4,Fraud
INF-0018625,informal-Assault-6,Assault
SYN-0000973,Cybercrime-1-layout3,Cybercrime
INF-0030244,informal-Fraud-0,Fraud
INF-0030475,informal-Cybercrime-11,Cybercrime
INF-0025090,informal-Burglary-4,Burglary
INF-0045513,informal-Assault-1,Assault
SYN-0007142,Vandalism-4-layout3,Vandalism
INF-0038521,informal-Assault-9,Assault
INF-0024994,informal-Burglary-10,Burglary
INF-0026702,informal-Theft-7,Theft
INF-0003401,informal-Assault-11,Assault
INF-0004378,informal-Burglary-7,Burglary
INF-0006418,informal-Burglary-10,Burglary
INF-0046815,informal-Vandalism-1,Vandalism
INF-0035569,informal-Assault-0,Assault
INF-0043810,informal-Burglary-4,Burglary
INF-0002090,informal-Burglary-9,Burglary
INF-0037236,informal-Fraud-10,Fraud
INF-0039487,informal-Vandalism-3,Vandalism
INF-0047387,informal-Cybercrime-1,Cybercrime
INF-0010524,informal-Fraud-1,Fraud
INF-0035213,informal-Robbery-9,Robbery
SYN-0001926,Vandalism-0-layout0,Vandalism
INF-0033608,informal-Arson-7,Arson
INF-0017803,informal-Cybercrime-11,Cybercrime
INF-0005378,informal-Burglary-6,Burglary
INF-0004938,informal-Burglary-5,Burglary
INF-0026268,informal-Fraud-7,Fraud
SYN-0000968,Burglary-1-layout3,Burglary
INF-0009096,informal-Arson-3,Arson
INF-0027398,informal-Theft-4,Theft
INF-0009525,informal-Robbery-2,Robbery
INF-0045440,informal-Arson-10,Arson
INF-0030405,informal-Robbery-2,Robbery
INF-0011862,informal-Theft-6,Theft
INF-0013407,informal-Vandalism-1,Vandalism
INF-0022641,informal-Assault-4,Assault
INF-0040333,informal-Robbery-1,Robbery
INF-0004919,informal-Vandalism-2,Vandalism
INF-0018032,informal-Arson-4,Arson
INF-0015480,informal-Arson-9,Arson
INF-0020772,informal-Fraud-4,Fraud
INF-0001087,informal-Vandalism-9,Vandalism
SYN-0009373,Cybercrime-3-layout2,Cybercrime
INF-0002329,informal-Assault-3,Assault
SYN-0005962,Theft-1-layout3,Theft
SYN-0011279,Arson-1-layout2,Arson
INF-0002191,informal-Vandalism-3,Vandalism
INF-0026796,informal-Fraud-1,Fraud
INF-0013393,informal-Assault-0,Assault
INF-0037016,informal-Arson-1,Arson
INF-0021458,informal-Burglary-0,Burglary
SYN-0006464,Burglary-0-layout5,Burglary
INF-0044249,informal-Assault-5,Assault
INF-0045417,informal-Assault-7,Assault
INF-0015063,informal-Vandalism-10,Vandalism
INF-0046570,informal-Burglary-7,Burglary
INF-0023077,informal-Robbery-4,Robbery
SYN-0003460,Fraud-0-layout0,Fraud
INF-0023935,informal-Vandalism-3,Vandalism
INF-0012268,informal-Fraud-3,Fraud
INF-0030172,informal-Fraud-9,Fraud
INF-0005809,informal-Assault-6,Assault
INF-0020635,informal-Cybercrime-5,Cybercrime
INF-0020078,informal-Theft-7,Theft
INF-0017169,informal-Assault-4,Assault
SYN-0007323,Assault-3-layout0,Assault
INF-0007107,informal-Cybercrime-6,Cybercrime
INF-0015849,informal-Assault-1,Assault
INF-0042680,informal-Arson-7,Arson
INF-0039064,informal-Arson-5,Arson
INF-0021831,informal-Vandalism-10,Vandalism
INF-0041673,informal-Assault-7,Assault
INF-0035504,informal-Arson-10,Arson
SYN-0009695,Arson-3-layout1,Arson
INF-0000734,informal-Theft-1,Theft
INF-0003957,informal-Robbery-8,Robbery
INF-0013190,informal-Theft-10,Theft
INF-0045235,informal-Cybercrime-2,Cybercrime
INF-0041979,informal-Cybercrime-9,Cybercrime
SYN-0008421,Cybercrime-4-layout5,Cybercrime
INF-0038821,informal-Robbery-10,Robbery
INF-0007515,informal-Cybercrime-3,Cybercrime
INF-0022469,informal-Robbery-0,Robbery
INF-0005840,informal-Arson-10,Arson
INF-0044711,informal-Vandalism-8,Vandalism
INF-0029443,informal-Cybercrime-8,Cybercrime
INF-0031549,informal-Robbery-1,Robbery
INF-0027425,informal-Assault-8,Assault
INF-0006282,informal-Burglary-11,Burglary
INF-0038478,informal-Theft-3,Theft
INF-0027546,informal-Burglary-5,Burglary
INF-0016441,informal-Assault-3,Assault
INF-0031858,informal-Burglary-4,Burglary
INF-0034064,informal-Arson-10,Arson
INF-0003537,informal-Assault-10,Assault
INF-0022353,informal-Assault-4,Assault
INF-0006982,informal-Theft-8,Theft
SYN-0009819,Assault-3-layout3,Assault
SYN-0008597,Cybercrime-2-layout2,Cybercrime
INF-0006107,informal-Cybercrime-7,Cybercrime
INF-0000643,informal-Cybercrime-8,Cybercrime
SYN-0010892,Fraud-1-layout2,Fraud
INF-0038181,informal-Robbery-2,Robbery
INF-0022644,informal-Fraud-4,Fraud
INF-0019102,informal-Theft-11,Theft
INF-0002230,informal-Theft-8,Theft
INF-0004687,informal-Vandalism-9,Vandalism
INF-0004199,informal-Vandalism-2,Vandalism
INF-0001601,informal-Assault-2,Assault
SYN-0004623,Arson-1-layout0,Arson
INF-0032168,informal-Arson-7,Arson
INF-0013186,informal-Burglary-10,Burglary
INF-0046711,informal-Vandalism-6,Vandalism
SYN-0004953,Robbery-3-layout5,Robbery
SYN-0004959,Arson-3-layout5,Arson
INF-0021213,informal-Robbery-5,Robbery
SYN-0009931,Assault-1-layout5,Assault
INF-0019379,informal-Cybercrime-10,Cybercrime
INF-0032262,informal-Theft-0,Theft
INF-0006799,informal-Vandalism-3,Vandalism
INF-0016468,informal-Fraud-6,Fraud
SYN-0006226,Theft-2-layout1,Theft
INF-0015126,informal-Theft-0,Theft
INF-0033773,informal-Robbery-9,Robbery
INF-0044971,informal-Cybercrime-5,Cybercrime
INF-0004939,informal-Cybercrime-5,Cybercrime
INF-0005802,informal-Burglary-5,Burglary
INF-0034579,informal-Cybercrime-2,Cybercrime
INF-0018953,informal-Assault-11,Assault
INF-0010663,informal-Vandalism-0,Vandalism
INF-0044997,informal-Robbery-8,Robbery
SYN-0000099,Assault-4-layout1,Assault
SYN-0006469,Cybercrime-0-layout5,Cybercrime
INF-0000802,informal-Burglary-10,Burglary
INF-0007517,informal-Robbery-3,Robbery
INF-0020625,informal-Assault-4,Assault
INF-0047391,informal-Vandalism-1,Vandalism
INF-0016032,informal-Arson-6,Arson
INF-0032977,informal-Assault-0,Assault
INF-0012405,informal-Robbery-2,Robbery
SYN-0007634,Theft-2-layout5,Theft
INF-0005114,informal-Burglary-9,Burglary
INF-0021775,informal-Vandalism-3,Vandalism
INF-0010721,informal-Assault-8,Assault
INF-0038945,informal-Assault-8,Assault
INF-0001607,informal-Vandalism-2,Vandalism
INF-0003527,informal-Vandalism-8,Vandalism
INF-0020744,informal-Arson-1,Arson
SYN-0011473,Robbery-2-layout5,Robbery
INF-0044433,informal-Assault-10,Assault
INF-0016923,informal-Cybercrime-9,Cybercrime
INF-0018617,informal-Assault-5,Assault
SYN-0006342,Vandalism-0-layout3,Vandalism
INF-0039209,informal-Assault-5,Assault
INF-0018358,informal-Theft-8,Theft
INF-0036516,informal-Fraud-10,Fraud
INF-0022512,informal-Arson-6,Arson
INF-0034007,informal-Vandalism-2,Vandalism
INF-0035006,informal-Theft-1,Theft
INF-0032150,informal-Theft-4,Theft
SYN-0003216,Burglary-2-layout2,Burglary
INF-0016865,informal-Assault-2,Assault
INF-0001796,informal-Fraud-8,Fraud
INF-0007690,informal-Burglary-7,Burglary
INF-0004377,informal-Assault-7,Assault
SYN-0010067,Assault-2-layout1,Assault
INF-0004206,informal-Theft-3,Theft
INF-0005548,informal-Fraud-9,Fraud
INF-0020679,informal-Vandalism-10,Vandalism
INF-0030404,informal-Fraud-2,Fraud
INF-0018626,informal-Burglary-6,Burglary
INF-0033712,informal-Arson-2,Arson
INF-0005221,informal-Robbery-4,Robbery
SYN-0009762,Theft-4-layout2,Theft
INF-0039910,informal-Theft-2,Theft
INF-0010556,informal-Fraud-5,Fraud
INF-0032447,informal-Vandalism-5,Vandalism
SYN-0000646,Vandalism-0-layout4,Vandalism
INF-0020928,informal-Arson-6,Arson
SYN-0009096,Burglary-1-layout4,Burglary
INF-0018955,informal-Cybercrime-11,Cybercrime
INF-0003465,informal-Assault-1,Assault
SYN-0011607,Arson-2-layout1,Arson
INF-0019365,informal-Robbery-8,Robbery
INF-0007723,informal-Cybercrime-11,Cybercrime
SYN-0005521,Robbery-2-layout2,Robbery
INF-0004245,informal-Robbery-8,Robbery
SYN-0006660,Fraud-0-layout2,Fraud
INF-0020912,informal-Arson-4,Arson
INF-0036379,informal-Cybercrime-11,Cybercrime
INF-0002950,informal-Theft-8,Theft
INF-0042143,informal-Vandalism-11,Vandalism
INF-0038946,informal-Burglary-8,Burglary
INF-0043488,informal-Arson-0,Arson
SYN-0010787,Assault-4-layout0,Assault
SYN-0007889,Robbery-2-layout3,Robbery
INF-0001310,informal-Theft-1,Theft
INF-0034002,informal-Burglary-2,Burglary
INF-0044247,informal-Vandalism-4,Vandalism
INF-0017626,informal-Burglary-7,Burglary
INF-0034764,informal-Fraud-7,Fraud
SYN-0002830,Vandalism-1-layout2,Vandalism
INF-0041476,informal-Fraud-0,Fraud
INF-0026579,informal-Cybercrime-10,Cybercrime
INF-0009585,informal-Assault-10,Assault
INF-0005545,informal-Assault-9,Assault
SYN-0004006,Vandalism-4-layout2,Vandalism
INF-0028375,informal-Vandalism-0,Vandalism
SYN-0010022,Vandalism-4-layout0,Vandalism
INF-0021630,informal-Theft-3,Theft
INF-0006202,informal-Burglary-1,Burglary
INF-0020079,informal-Vandalism-7,Vandalism
SYN-0002630,Vandalism-0-layout5,Vandalism
INF-0031974,informal-Theft-0,Theft
SYN-0007171,Assault-0-layout4,Assault
SYN-0008005,Cybercrime-0-layout5,Cybercrime
SYN-0010563,Assault-0-layout3,Assault
INF-0046095,informal-Vandalism-1,Vandalism
INF-0015129,informal-Assault-1,Assault
INF-0040508,informal-Fraud-5,Fraud
INF-0023652,informal-Fraud-4,Fraud
INF-0027293,informal-Robbery-9,Robbery
INF-0012182,informal-Theft-10,Theft
SYN-0001816,Burglary-3-layout4,Burglary
INF-0011708,informal-Fraud-5,Fraud
SYN-0010698,Theft-1-layout5,Theft
INF-0016478,informal-Theft-7,Theft
SYN-0005218,Theft-4-layout3,Theft
INF-0026112,informal-Arson-6,Arson
INF-0042573,informal-Robbery-11,Robbery
INF-0002757,informal-Robbery-2,Robbery
INF-0038494,informal-Theft-5,Theft
INF-0010668,informal-Fraud-1,Fraud
INF-0013042,informal-Burglary-10,Burglary
INF-0013756,informal-Fraud-9,Fraud
INF-0002683,informal-Cybercrime-11,Cybercrime
INF-0002360,informal-Arson-7,Arson
INF-0004197,informal-Robbery-2,Robbery
INF-0006516,informal-Fraud-4,Fraud
INF-0044416,informal-Arson-8,Arson
INF-0006417,informal-Assault-10,Assault
INF-0007111,informal-Vandalism-6,Vandalism
INF-0010263,informal-Vandalism-4,Vandalism
INF-0010270,informal-Theft-5,Theft
INF-0029843,informal-Cybercrime-4,Cybercrime
INF-0030557,informal-Robbery-3,Robbery
INF-0029810,informal-Burglary-0,Burglary
SYN-0005006,Vandalism-1-layout0,Vandalism
INF-0026692,informal-Fraud-6,Fraud
INF-0044999,informal-Vandalism-8,Vandalism
INF-0012317,informal-Robbery-9,Robbery
INF-0018034,informal-Burglary-4,Burglary
INF-0040645,informal-Robbery-4,Robbery
SYN-0006430,Vandalism-3-layout4,Vandalism
INF-0033707,informal-Cybercrime-1,Cybercrime
INF-0032260,informal-Fraud-0,Fraud
INF-0038809,informal-Assault-9,Assault
SYN-0010279,Arson-4-layout4,Arson
INF-0034361,informal-Assault-11,Assault
INF-0017787,informal-Cybercrime-9,Cybercrime
SYN-0005005,Cybercrime-1-layout0,Cybercrime
INF-0008155,informal-Cybercrime-11,Cybercrime
INF-0038676,informal-Fraud-10,Fraud
INF-0004960,informal-Arson-8,Arson
INF-0035793,informal-Assault-10,Assault
INF-0029981,informal-Robbery-3,Robbery
SYN-0007881,Robbery-1-layout3,Robbery
INF-0015864,informal-Arson-3,Arson
INF-0038936,informal-Arson-7,Arson
INF-0009144,informal-Arson-9,Arson
INF-0007823,informal-Vandalism-5,Vandalism
INF-0033843,informal-Cybercrime-0,Cybercrime
INF-0041272,informal-Arson-11,Arson
INF-0040198,informal-Theft-2,Theft
INF-0047898,informal-Burglary-11,Burglary
INF-0036890,informal-Burglary-3,Burglary
INF-0014042,informal-Burglary-9,Burglary
INF-0018489,informal-Assault-7,Assault
INF-0031588,informal-Fraud-6,Fraud
INF-0036814,informal-Theft-11,Theft
INF-0016878,informal-Theft-3,Theft
INF-0036435,informal-Cybercrime-0,Cybercrime
INF-0005239,informal-Vandalism-6,Vandalism
INF-0036230,informal-Theft-10,Theft
SYN-0011028,Fraud-2-layout4,Fraud
SYN-0010268,Fraud-3-layout4,Fraud
INF-0025398,informal-Theft-6,Theft
INF-0032462,informal-Theft-7,Theft
INF-0020345,informal-Assault-5,Assault
INF-0025105,informal-Assault-6,Assault
INF-0030304,informal-Arson-8,Arson
INF-0046012,informal-Fraud-9,Fraud
INF-0040828,informal-Fraud-9,Fraud
INF-0042788,informal-Fraud-2,Fraud
INF-0002826,informal-Burglary-11,Burglary
INF-0018959,informal-Vandalism-11,Vandalism
INF-0019187,informal-Cybercrime-4,Cybercrime
INF-0000511,informal-Vandalism-9,Vandalism
SYN-0009305,Robbery-3-layout1,Robbery
INF-0027221,informal-Robbery-0,Robbery
INF-0044268,informal-Fraud-7,Fraud
INF-0032710,informal-Theft-2,Theft
INF-0017344,informal-Arson-8,Arson
INF-0011306,informal-Burglary-9,Burglary
SYN-0000991,Arson-3-layout3,Arson
INF-0030154,informal-Burglary-7,Burglary
INF-0047001,informal-Assault-7,Assault
INF-0015133,informal-Robbery-1,Robbery
INF-0011110,informal-Theft-2,Theft
INF-0016014,informal-Theft-3,Theft
INF-0001885,informal-Robbery-1,Robbery
INF-0012716,informal-Fraud-5,Fraud
INF-0033436,informal-Fraud-3,Fraud
INF-0046020,informal-Fraud-10,Fraud
SYN-0010700,Fraud-1-layout5,Fraud
SYN-0007561,Robbery-1-layout4,Robbery
SYN-0004231,Arson-0-layout0,Arson
INF-0045980,informal-Fraud-5,Fraud
INF-0006353,informal-Assault-2,Assault
SYN-0008968,Burglary-1-layout2,Burglary
INF-0025100,informal-Fraud-5,Fraud
INF-0028850,informal-Burglary-6,Burglary
INF-0039483,informal-Cybercrime-3,Cybercrime
INF-0019525,informal-Robbery-10,Robbery
INF-0012247,informal-Vandalism-0,Vandalism
INF-0022762,informal-Burglary-1,Burglary
INF-0015755,informal-Cybercrime-7,Cybercrime
INF-0028538,informal-Burglary-3,Burglary
INF-0009689,informal-Assault-5,Assault
INF-0039043,informal-Cybercrime-2,Cybercrime
INF-0020386,informal-Burglary-10,Burglary
INF-0031852,informal-Fraud-3,Fraud
INF-0038760,informal-Arson-3,Arson
INF-0031196,informal-Fraud-11,Fraud
INF-0016707,informal-Cybercrime-0,Cybercrime
INF-0008801,informal-Assault-2,Assault
INF-0020974,informal-Theft-11,Theft
INF-0008109,informal-Robbery-5,Robbery
INF-0004946,informal-Burglary-6,Burglary
INF-0045515,informal-Cybercrime-1,Cybercrime
INF-0038763,informal-Cybercrime-3,Cybercrime
INF-0013179,informal-Cybercrime-9,Cybercrime
INF-0013599,informal-Vandalism-7,Vandalism
INF-0008429,informal-Robbery-9,Robbery
INF-0018794,informal-Burglary-9,Burglary
INF-0017000,informal-Arson-1,Arson
INF-0006070,informal-Theft-2,Theft
INF-0040847,informal-Vandalism-11,Vandalism
SYN-0009764,Fraud-4-layout2,Fraud
SYN-0002370,Theft-0-layout1,Theft
INF-0021500,informal-Fraud-5,Fraud
INF-0017629,informal-Robbery-7,Robbery
INF-0001772,informal-Fraud-5,Fraud
INF-0043942,informal-Theft-2,Theft
SYN-0009926,Vandalism-0-layout5,Vandalism
INF-0045700,informal-Fraud-6,Fraud
INF-0020750,informal-Theft-1,Theft
INF-0024995,informal-Cybercrime-10,Cybercrime
INF-0007782,informal-Theft-0,Theft
INF-0012315,informal-Cybercrime-9,Cybercrime
INF-0013404,informal-Fraud-1,Fraud
INF-0009016,informal-Arson-11,Arson
SYN-0006088,Burglary-1-layout5,Burglary
INF-0007777,informal-Assault-0,Assault
INF-0040187,informal-Cybercrime-1,Cybercrime
SYN-0001036,Fraud-1-layout4,Fraud
INF-0042094,informal-Theft-5,Theft
INF-0021339,informal-Cybercrime-3,Cybercrime
INF-0028373,informal-Robbery-0,Robbery
INF-0004805,informal-Robbery-6,Robbery
INF-0019445,informal-Robbery-0,Robbery
INF-0040408,informal-Arson-11,Arson
INF-0041798,informal-Theft-4,Theft
INF-0006914,informal-Burglary-0,Burglary
SYN-0006727,Arson-0-layout3,Arson
INF-0043542,informal-Theft-6,Theft
SYN-0004889,Robbery-3-layout4,Robbery
INF-0001584,informal-Arson-0,Arson
SYN-0010386,Theft-2-layout0,Theft
SYN-0010564,Fraud-0-layout3,Fraud
INF-0035506,informal-Burglary-10,Burglary
SYN-0004250,Theft-3-layout0,Theft
INF-0028838,informal-Theft-4,Theft
INF-0006419,informal-Cybercrime-10,Cybercrime
INF-0024931,informal-Cybercrime-2,Cybercrime
SYN-0004621,Cybercrime-1-layout0,Cybercrime
INF-0027581,informal-Robbery-9,Robbery
SYN-0004063,Arson-3-layout3,Arson
SYN-0009038,Vandalism-1-layout3,Vandalism
INF-0047705,informal-Assault-5,Assault
INF-0041227,informal-Cybercrime-5,Cybercrime
INF-0032172,informal-Fraud-7,Fraud
INF-0007428,informal-Fraud-10,Fraud
INF-0039626,informal-Burglary-3,Burglary
INF-0033179,informal-Cybercrime-7,Cybercrime
SYN-0006478,Vandalism-1-layout5,Vandalism
INF-0005383,informal-Vandalism-6,Vandalism
SYN-0001380,Fraud-4-layout3,Fraud
INF-0037812,informal-Fraud-10,Fraud
INF-0027224,informal-Arson-1,Arson
SYN-0006661,Cybercrime-0-layout2,Cybercrime
INF-0001646,informal-Theft-7,Theft
SYN-0000790,Vandalism-2-layout0,Vandalism
INF-0009073,informal-Assault-0,Assault
INF-0018061,informal-Robbery-7,Robbery
INF-0037224,informal-Arson-9,Arson
INF-0040528,informal-Arson-8,Arson
SYN-0006502,Vandalism-4-layout5,Vandalism
INF-0026695,informal-Vandalism-6,Vandalism
INF-0002070,informal-Theft-6,Theft
INF-0031401,informal-Assault-1,Assault
INF-0001959,informal-Vandalism-10,Vandalism
INF-0014899,informal-Cybercrime-8,Cybercrime
INF-0046967,informal-Vandalism-2,Vandalism
INF-0001100,informal-Fraud-11,Fraud
INF-0040906,informal-Burglary-1,Burglary
SYN-0011856,Burglary-2-layout5,Burglary
INF-0021364,informal-Fraud-6,Fraud
INF-0034581,informal-Robbery-2,Robbery
SYN-0004379,Assault-3-layout2,Assault
SYN-0002258,Theft-2-layout5,Theft
INF-0028832,informal-Arson-4,Arson
INF-0030027,informal-Cybercrime-9,Cybercrime
SYN-0005156,Fraud-4-layout2,Fraud
INF-0000340,informal-Fraud-6,Fraud
SYN-0006657,Robbery-0-layout2,Robbery
INF-0009801,informal-Assault-1,Assault
INF-0015336,informal-Arson-9,Arson
INF-0039526,informal-Theft-8,Theft
INF-0018305,informal-Assault-2,Assault
INF-0038179,informal-Cybercrime-2,Cybercrime
SYN-0002831,Arson-1-layout2,Arson
SYN-0005964,Fraud-1-layout3,Fraud
INF-0013323,informal-Cybercrime-9,Cybercrime
INF-0007850,informal-Burglary-9,Burglary
INF-0046589,informal-Robbery-9,Robbery
INF-0044441,informal-Assault-11,Assault
INF-0044215,informal-Vandalism-0,Vandalism
INF-0021464,informal-Arson-1,Arson
SYN-0009371,Assault-3-layout2,Assault
INF-0023351,informal-Vandalism-2,Vandalism
INF-0005805,informal-Robbery-5,Robbery
INF-0002684,informal-Fraud-11,Fraud
INF-0010259,informal-Cybercrime-4,Cybercrime
INF-0014268,informal-Fraud-1,Fraud
SYN-0001764,Fraud-4-layout3,Fraud
INF-0023700,informal-Fraud-10,Fraud
SYN-0011552,Burglary-4-layout0,Burglary
SYN-0011877,Cybercrime-4-layout5,Cybercrime
INF-0027675,informal-Cybercrime-3,Cybercrime
INF-0002623,informal-Vandalism-3,Vandalism
INF-0031480,informal-Arson-11,Arson
INF-0027588,informal-Fraud-10,Fraud
INF-0007425,informal-Assault-10,Assault
INF-0039210,informal-Burglary-5,Burglary
SYN-0010900,Fraud-2-layout2,Fraud
SYN-0006154,Theft-1-layout0,Theft
INF-0019602,informal-Burglary-2,Burglary
INF-0031832,informal-Arson-1,Arson
INF-0008141,informal-Robbery-9,Robbery
INF-0039263,informal-Vandalism-11,Vandalism
INF-0020077,informal-Robbery-7,Robbery
INF-0025955,informal-Cybercrime-4,Cybercrime
INF-0030311,informal-Vandalism-8,Vandalism
INF-0029831,informal-Vandalism-2,Vandalism
INF-0030256,informal-Arson-2,Arson
SYN-0008532,Fraud-2-layout1,Fraud
SYN-0000534,Vandalism-2-layout2,Vandalism
INF-0022101,informal-Robbery-8,Robbery
INF-0010305,informal-Assault-10,Assault
SYN-0007560,Burglary-1-layout4,Burglary
INF-0040405,informal-Robbery-10,Robbery
INF-0040702,informal-Theft-11,Theft
INF-0012570,informal-Burglary-5,Burglary
INF-0009103,informal-Vandalism-3,Vandalism
INF-0017171,informal-Cybercrime-4,Cybercrime
INF-0046010,informal-Burglary-9,Burglary
SYN-0003423,Arson-3-layout5,Arson
INF-0032292,informal-Fraud-4,Fraud
INF-0039974,informal-Theft-10,Theft
INF-0011979,informal-Cybercrime-3,Cybercrime
SYN-0005278,Vandalism-3-layout4,Vandalism
INF-0035799,informal-Vandalism-10,Vandalism
INF-0021242,informal-Burglary-9,Burglary
SYN-0000525,Cybercrime-1-layout2,Cybercrime
INF-0001305,informal-Assault-1,Assault
INF-0016140,informal-Fraud-1,Fraud
INF-0038951,informal-Vandalism-8,Vandalism
INF-0034481,informal-Assault-8,Assault
INF-0031400,informal-Arson-1,Arson
INF-0025363,informal-Cybercrime-2,Cybercrime
SYN-0002271,Arson-3-layout5,Arson
INF-0026000,informal-Arson-10,Arson
INF-0039317,informal-Robbery-0,Robbery
INF-0012713,informal-Assault-5,Assault
SYN-0011551,Arson-3-layout0,Arson
INF-0021624,informal-Arson-3,Arson
INF-0011310,informal-Theft-9,Theft
INF-0000804,informal-Fraud-10,Fraud
INF-0030698,informal-Burglary-3,Burglary
INF-0026998,informal-Theft-8,Theft
INF-0017318,informal-Theft-4,Theft
INF-0029814,informal-Theft-0,Theft
INF-0026269,informal-Robbery-7,Robbery
INF-0031916,informal-Fraud-11,Fraud
INF-0032886,informal-Theft-6,Theft
INF-0025546,informal-Burglary-7,Burglary
SYN-0009766,Vandalism-4-layout2,Vandalism
INF-0013539,informal-Cybercrime-0,Cybercrime
INF-0014779,informal-Cybercrime-11,Cybercrime
INF-0017186,informal-Burglary-6,Burglary
INF-0030263,informal-Vandalism-2,Vandalism
INF-0006509,informal-Robbery-3,Robbery
INF-0000162,informal-Burglary-2,Burglary
INF-0012550,informal-Theft-2,Theft
INF-0047571,informal-Cybercrime-6,Cybercrime
SYN-0005011,Assault-2-layout0,Assault
INF-0040700,informal-Fraud-11,Fraud
SYN-0007635,Assault-2-layout5,Assault
SYN-0009176,Burglary-3-layout5,Burglary
SYN-0011796,Fraud-2-layout4,Fraud
INF-0004194,informal-Burglary-2,Burglary
SYN-0010978,Theft-4-layout3,Theft
SYN-0004354,Theft-0-layout2,Theft
INF-0038944,informal-Arson-8,Arson
INF-0014266,informal-Burglary-1,Burglary
INF-0027156,informal-Fraud-10,Fraud
INF-0005845,informal-Robbery-10,Robbery
INF-0022910,informal-Theft-1,Theft
INF-0004325,informal-Robbery-0,Robbery
INF-0002831,informal-Vandalism-11,Vandalism
INF-0046126,informal-Theft-5,Theft
INF-0002822,informal-Theft-10,Theft
INF-0000927,informal-Vandalism-7,Vandalism
INF-0008131,informal-Cybercrime-8,Cybercrime
INF-0007068,informal-Fraud-1,Fraud
INF-0003337,informal-Assault-3,Assault
INF-0000494,informal-Theft-7,Theft
SYN-0009027,Assault-0-layout3,Assault
INF-0043543,informal-Vandalism-6,Vandalism
INF-0012183,informal-Vandalism-10,Vandalism
INF-0046708,informal-Fraud-6,Fraud
INF-0004320,informal-Arson-0,Arson
SYN-0011277,Cybercrime-1-layout2,Cybercrime
INF-0023697,informal-Assault-10,Assault
SYN-0001940,Fraud-2-layout0,Fraud
INF-0031049,informal-Assault-11,Assault
INF-0034136,informal-Arson-1,Arson
INF-0003940,informal-Fraud-6,Fraud
SYN-0002908,Fraud-3-layout3,Fraud
INF-0009131,informal-Cybercrime-7,Cybercrime
INF-0047572,informal-Fraud-6,Fraud
INF-0019101,informal-Robbery-11,Robbery
INF-0016050,informal-Burglary-8,Burglary
INF-0014853,informal-Robbery-2,Robbery
INF-0002531,informal-Cybercrime-10,Cybercrime
INF-0016052,informal-Fraud-8,Fraud
INF-0004478,informal-Theft-1,Theft
INF-0006515,informal-Cybercrime-4,Cybercrime
INF-0018204,informal-Fraud-7,Fraud
INF-0042775,informal-Vandalism-0,Vandalism
SYN-0006373,Cybercrime-4-layout3,Cybercrime
SYN-0010693,Cybercrime-0-layout5,Cybercrime
INF-0009941,informal-Robbery-0,Robbery
INF-0034025,informal-Assault-5,Assault
INF-0045144,informal-Arson-9,Arson
INF-0017951,informal-Vandalism-11,Vandalism
INF-0031968,informal-Arson-0,Arson
INF-0001602,informal-Burglary-2,Burglary
SYN-0006537,Robbery-1-layout0,Robbery
INF-0008499,informal-Cybercrime-0,Cybercrime
INF-0001447,informal-Vandalism-0,Vandalism
SYN-0007684,Fraud-0-layout0,Fraud
INF-0039466,informal-Burglary-1,Burglary
INF-0002748,informal-Fraud-1,Fraud
INF-0032439,informal-Vandalism-4,Vandalism
INF-0001611,informal-Cybercrime-3,Cybercrime
SYN-0006497,Robbery-4-layout5,Robbery
INF-0027959,informal-Vandalism-2,Vandalism
INF-0000731,informal-Cybercrime-1,Cybercrime
INF-0045217,informal-Assault-0,Assault
INF-0015200,informal-Arson-10,Arson
INF-0022270,informal-Theft-11,Theft
SYN-0009763,Assault-4-layout2,Assault
INF-0041402,informal-Burglary-9,Burglary
INF-0018450,informal-Burglary-2,Burglary
INF-0026933,informal-Robbery-0,Robbery
INF-0006071,informal-Vandalism-2,Vandalism
INF-0018648,informal-Arson-9,Arson
INF-0000164,informal-Fraud-2,Fraud
INF-0047831,informal-Vandalism-2,Vandalism
INF-0026834,informal-Burglary-6,Burglary
SYN-0004895,Arson-3-layout4,Arson
INF-0034719,informal-Vandalism-1,Vandalism
INF-0006773,informal-Robbery-0,Robbery
INF-0010947,informal-Cybercrime-0,Cybercrime
INF-0041659,informal-Cybercrime-5,Cybercrime
INF-0034273,informal-Assault-0,Assault
INF-0007151,informal-Vandalism-11,Vandalism
INF-0023483,informal-Cybercrime-1,Cybercrime
SYN-0010384,Burglary-2-layout0,Burglary
INF-0001234,informal-Burglary-10,Burglary
INF-0043540,informal-Fraud-6,Fraud
INF-0019076,informal-Fraud-8,Fraud
INF-0015022,informal-Theft-5,Theft
INF-0047713,informal-Assault-6,Assault
INF-0020195,informal-Cybercrime-4,Cybercrime
SYN-0010253,Cybercrime-1-layout4,Cybercrime
INF-0036313,informal-Assault-3,Assault
INF-0030394,informal-Burglary-1,Burglary
INF-0026576,informal-Arson-10,Arson
INF-0025817,informal-Assault-5,Assault
SYN-0007051,Assault-1-layout2,Assault
INF-0018025,informal-Assault-3,Assault
INF-0036227,informal-Cybercrime-10,Cybercrime
INF-0010661,informal-Robbery-0,Robbery
INF-0009079,informal-Vandalism-0,Vandalism
INF-0022764,informal-Fraud-1,Fraud
INF-0035856,informal-Arson-0,Arson
INF-0000069,informal-Robbery-8,Robbery
SYN-0006481,Robbery-2-layout5,Robbery
INF-0004224,informal-Arson-6,Arson
SYN-0008526,Vandalism-1-layout1,Vandalism
INF-0004502,informal-Theft-4,Theft
INF-0007427,informal-Cybercrime-10,Cybercrime
INF-0010669,informal-Robbery-1,Robbery
SYN-0001055,Arson-3-layout4,Arson
INF-0031002,informal-Burglary-5,Burglary
INF-0028746,informal-Burglary-11,Burglary
INF-0014325,informal-Robbery-8,Robbery
INF-0019077,informal-Robbery-8,Robbery
INF-0004376,informal-Arson-7,Arson
INF-0025439,informal-Vandalism-11,Vandalism
INF-0028718,informal-Theft-7,Theft
INF-0047732,informal-Fraud-8,Fraud
SYN-0007049,Robbery-1-layout2,Robbery
INF-0040703,informal-Vandalism-11,Vandalism
INF-0038087,informal-Vandalism-8,Vandalism
INF-0026929,informal-Assault-0,Assault
INF-0032045,informal-Robbery-9,Robbery
INF-0046023,informal-Vandalism-10,Vandalism
INF-0005090,informal-Burglary-6,Burglary
INF-0034283,informal-Cybercrime-1,Cybercrime
INF-0020882,informal-Burglary-0,Burglary
INF-0008103,informal-Vandalism-4,Vandalism
INF-0011858,informal-Burglary-6,Burglary
INF-0021757,informal-Robbery-1,Robbery
INF-0002624,informal-Arson-4,Arson
INF-0029554,informal-Burglary-4,Burglary
SYN-0005445,Cybercrime-0-layout1,Cybercrime
INF-0027965,informal-Robbery-3,Robbery
INF-0016315,informal-Cybercrime-5,Cybercrime
INF-0042651,informal-Cybercrime-3,Cybercrime
INF-0031025,informal-Assault-8,Assault
INF-0040547,informal-Cybercrime-10,Cybercrime
INF-0033618,informal-Burglary-8,Burglary
SYN-0004226,Theft-0-layout0,Theft
INF-0019441,informal-Assault-0,Assault
INF-0027980,informal-Fraud-5,Fraud
INF-0046006,informal-Theft-8,Theft
INF-0001881,informal-Assault-1,Assault
INF-0015032,informal-Arson-7,Arson
INF-0003028,informal-Fraud-0,Fraud
INF-0000070,informal-Theft-8,Theft
INF-0018491,informal-Cybercrime-7,Cybercrime
INF-0039493,informal-Robbery-4,Robbery
INF-0023209,informal-Assault-3,Assault
SYN-0003414,Vandalism-2-layout5,Vandalism
INF-0002947,informal-Cybercrime-8,Cybercrime
INF-0034646,informal-Theft-10,Theft
INF-0038206,informal-Theft-5,Theft
SYN-0005462,Vandalism-2-layout1,Vandalism
INF-0026006,informal-Theft-10,Theft
SYN-0005715,Assault-2-layout5,Assault
INF-0043420,informal-Fraud-9,Fraud
INF-0003084,informal-Fraud-7,Fraud
INF-0022647,informal-Vandalism-4,Vandalism
INF-0002601,informal-Assault-1,Assault
INF-0029548,informal-Fraud-3,Fraud
SYN-0001885,Cybercrime-3-layout5,Cybercrime
INF-0035942,informal-Theft-10,Theft
INF-0025850,informal-Burglary-9,Burglary
INF-0039046,informal-Theft-2,Theft
SYN-0003660,Fraud-1-layout3,Fraud
INF-0009102,informal-Theft-3,Theft
INF-0012404,informal-Fraud-2,Fraud
INF-0024105,informal-Assault-7,Assault
INF-0037636,informal-Fraud-6,Fraud
INF-0037454,informal-Theft-1,Theft
INF-0008799,informal-Vandalism-1,Vandalism
INF-0034463,informal-Vandalism-5,Vandalism
INF-0030873,informal-Assault-7,Assault
SYN-0007518,Vandalism-3-layout3,Vandalism
SYN-0002853,Cybercrime-4-layout2,Cybercrime
INF-0014047,informal-Vandalism-9,Vandalism
INF-0025713,informal-Assault-10,Assault
INF-0006212,informal-Fraud-2,Fraud
INF-0032258,informal-Burglary-0,Burglary
INF-0009977,informal-Assault-5,Assault
INF-0035882,informal-Burglary-3,Burglary
INF-0004634,informal-Burglary-3,Burglary
INF-0001445,informal-Robbery-0,Robbery
INF-0008302,informal-Theft-11,Theft
INF-0018028,informal-Fraud-3,Fraud
INF-0002816,informal-Arson-10,Arson
INF-0044998,informal-Theft-8,Theft
INF-0028434,informal-Burglary-8,Burglary
INF-0015498,informal-Burglary-11,Burglary
INF-0013148,informal-Fraud-5,Fraud
INF-0040642,informal-Burglary-4,Burglary
INF-0012384,informal-Arson-0,Arson
INF-0037923,informal-Cybercrime-6,Cybercrime
INF-0042341,informal-Robbery-0,Robbery
INF-0018207,informal-Vandalism-7,Vandalism
INF-0014400,informal-Arson-0,Arson
SYN-0005783,Arson-2-layout0,Arson
INF-0012273,informal-Assault-4,Assault
SYN-0008026,Theft-3-layout5,Theft
INF-0014625,informal-Assault-10,Assault
INF-0011527,informal-Vandalism-0,Vandalism
INF-0026992,informal-Arson-8,Arson
INF-0029265,informal-Assault-4,Assault
INF-0021363,informal-Cybercrime-6,Cybercrime
INF-0010893,informal-Robbery-11,Robbery
INF-0047901,informal-Robbery-11,Robbery
INF-0003943,informal-Vandalism-6,Vandalism
INF-0042787,informal-Cybercrime-2,Cybercrime
INF-0045264,informal-Arson-6,Arson
INF-0039397,informal-Robbery-10,Robbery
INF-0022323,informal-Cybercrime-0,Cybercrime
INF-0034351,informal-Vandalism-9,Vandalism
INF-0035431,informal-Vandalism-0,Vandalism
INF-0022464,informal-Arson-0,Arson
INF-0038962,informal-Burglary-10,Burglary
INF-0006964,informal-Fraud-6,Fraud
INF-0026149,informal-Robbery-10,Robbery
INF-0030396,informal-Fraud-1,Fraud
INF-0017612,informal-Fraud-5,Fraud
INF-0014546,informal-Burglary-0,Burglary
INF-0039492,informal-Fraud-4,Fraud
SYN-0007746,Theft-0-layout1,Theft
INF-0005376,informal-Arson-6,Arson
SYN-0004941,Cybercrime-1-layout5,Cybercrime
INF-0014435,informal-Cybercrime-4,Cybercrime
INF-0026683,informal-Cybercrime-5,Cybercrime
INF-0047856,informal-Arson-6,Arson
INF-0005698,informal-Burglary-10,Burglary
INF-0004323,informal-Cybercrime-0,Cybercrime
INF-0010098,informal-Burglary-2,Burglary
INF-0001311,informal-Vandalism-1,Vandalism
INF-0013969,informal-Assault-0,Assault
INF-0000786,informal-Burglary-8,Burglary
INF-0033051,informal-Cybercrime-9,Cybercrime
INF-0044014,informal-Theft-11,Theft
INF-0015341,informal-Robbery-9,Robbery
INF-0011148,informal-Fraud-7,Fraud
INF-0020028,informal-Fraud-1,Fraud
INF-0007392,informal-Arson-6,Arson
INF-0034143,informal-Vandalism-1,Vandalism
INF-0025256,informal-Arson-7,Arson
INF-0008578,informal-Burglary-10,Burglary
INF-0029898,informal-Burglary-11,Burglary
INF-0026512,informal-Arson-2,Arson
INF-0013398,informal-Theft-0,Theft
SYN-0004566,Vandalism-2-layout5,Vandalism
SYN-0011797,Cybercrime-2-layout4,Cybercrime
INF-0021342,informal-Theft-3,Theft
INF-0005276,informal-Fraud-11,Fraud
INF-0007420,informal-Fraud-9,Fraud
INF-0022502,informal-Theft-4,Theft
INF-0009663,informal-Vandalism-1,Vandalism
INF-0037778,informal-Burglary-6,Burglary
INF-0003797,informal-Robbery-6,Robbery
INF-0009708,informal-Fraud-7,Fraud
INF-0030753,informal-Assault-10,Assault
INF-0033899,informal-Cybercrime-7,Cybercrime
INF-0031141,informal-Robbery-4,Robbery
INF-0035369,informal-Assault-11,Assault
INF-0010427,informal-Cybercrime-7,Cybercrime
INF-0029252,informal-Fraud-2,Fraud
INF-0027141,informal-Robbery-8,Robbery
INF-0004639,informal-Vandalism-3,Vandalism
INF-0036497,informal-Assault-8,Assault
INF-0008299,informal-Cybercrime-11,Cybercrime
INF-0024680,informal-Arson-7,Arson
INF-0020393,informal-Assault-11,Assault
INF-0003899,informal-Cybercrime-1,Cybercrime
SYN-0005397,Cybercrime-2-layout0,Cybercrime
SYN-0001820,Fraud-3-layout4,Fraud
INF-0038476,informal-Fraud-3,Fraud
INF-0019813,informal-Robbery-10,Robbery
INF-0013045,informal-Robbery-10,Robbery
INF-0024391,informal-Vandalism-6,Vandalism
INF-0029672,informal-Arson-1,Arson
INF-0000336,informal-Arson-6,Arson
INF-0006519,informal-Vandalism-4,Vandalism
SYN-0008095,Arson-3-layout0,Arson
INF-0008653,informal-Robbery-1,Robbery
INF-0015338,informal-Burglary-9,Burglary
INF-0042049,informal-Assault-0,Assault
INF-0018599,informal-Vandalism-2,Vandalism
INF-0003674,informal-Burglary-9,Burglary
INF-0009580,informal-Fraud-9,Fraud
INF-0037930,informal-Burglary-7,Burglary
INF-0007369,informal-Assault-3,Assault
INF-0018649,informal-Assault-9,Assault
INF-0010539,informal-Cybercrime-3,Cybercrime
INF-0038024,informal-Arson-1,Arson
INF-0025548,informal-Fraud-7,Fraud
INF-0040771,informal-Cybercrime-2,Cybercrime
INF-0016137,informal-Assault-1,Assault
INF-0013870,informal-Theft-5,Theft
SYN-0010897,Robbery-2-layout2,Robbery
SYN-0000960,Burglary-0-layout3,Burglary
INF-0031850,informal-Burglary-3,Burglary
INF-0042519,informal-Vandalism-4,Vandalism
SYN-0011684,Fraud-4-layout2,Fraud
INF-0019585,informal-Assault-0,Assault
SYN-0006815,Arson-3-layout4,Arson
INF-0026838,informal-Theft-6,Theft
INF-0032288,informal-Arson-4,Arson
INF-0003774,informal-Theft-3,Theft
INF-0040699,informal-Cybercrime-11,Cybercrime
INF-0014056,informal-Arson-11,Arson
INF-0018631,informal-Vandalism-6,Vandalism
INF-0039512,informal-Arson-7,Arson
INF-0003472,informal-Arson-2,Arson
SYN-0010768,Burglary-2-layout0,Burglary
INF-0040039,informal-Vandalism-0,Vandalism
INF-0018952,informal-Arson-11,Arson
INF-0017023,informal-Vandalism-3,Vandalism
SYN-0006224,Burglary-2-layout1,Burglary
INF-0039480,informal-Arson-3,Arson
INF-0009719,informal-Vandalism-8,Vandalism
INF-0021945,informal-Assault-7,Assault
INF-0042062,informal-Theft-1,Theft
INF-0023212,informal-Fraud-3,Fraud
INF-0004501,informal-Robbery-4,Robbery
INF-0009981,informal-Robbery-5,Robbery
INF-0006207,informal-Vandalism-1,Vandalism
INF-0046827,informal-Cybercrime-3,Cybercrime
SYN-0007745,Robbery-0-layout1,Robbery
SYN-0006874,Theft-3-layout5,Theft
INF-0022413,informal-Robbery-11,Robbery
INF-0026239,informal-Vandalism-3,Vandalism
INF-0039075,informal-Cybercrime-6,Cybercrime
SYN-0006538,Theft-1-layout0,Theft
INF-0043828,informal-Fraud-6,Fraud
INF-0009659,informal-Cybercrime-1,Cybercrime
SYN-0005671,Arson-4-layout4,Arson
INF-0045514,informal-Burglary-1,Burglary
SYN-0007005,Cybercrime-3-layout1,Cybercrime
INF-0004951,informal-Vandalism-6,Vandalism
INF-0044733,informal-Robbery-11,Robbery
INF-0031338,informal-Burglary-11,Burglary
INF-0026497,informal-Assault-0,Assault
INF-0025108,informal-Fraud-6,Fraud
INF-0027160,informal-Arson-11,Arson
INF-0000730,informal-Burglary-1,Burglary
SYN-0002369,Robbery-0-layout1,Robbery
INF-0034366,informal-Theft-11,Theft
INF-0019591,informal-Vandalism-0,Vandalism
INF-0016311,informal-Vandalism-4,Vandalism
INF-0046671,informal-Vandalism-1,Vandalism
INF-0016035,informal-Cybercrime-6,Cybercrime
INF-0032874,informal-Burglary-5,Burglary
INF-0005192,informal-Arson-1,Arson
INF-0023556,informal-Fraud-10,Fraud
INF-0039214,informal-Theft-5,Theft
INF-0038050,informal-Burglary-4,Burglary
INF-0002499,informal-Cybercrime-6,Cybercrime
INF-0031142,informal-Theft-4,Theft
INF-0008146,informal-Burglary-10,Burglary
INF-0031772,informal-Fraud-11,Fraud
INF-0038195,informal-Cybercrime-4,Cybercrime
INF-0019373,informal-Robbery-9,Robbery
INF-0012456,informal-Arson-9,Arson
SYN-0009286,Vandalism-0-layout1,Vandalism
INF-0019921,informal-Assault-6,Assault
INF-0003818,informal-Burglary-9,Burglary
INF-0003483,informal-Cybercrime-3,Cybercrime
INF-0003057,informal-Assault-4,Assault
INF-0038105,informal-Assault-11,Assault
INF-0000232,informal-Arson-11,Arson
INF-0013455,informal-Vandalism-7,Vandalism
INF-0046089,informal-Assault-1,Assault
INF-0007503,informal-Vandalism-1,Vandalism
INF-0025397,informal-Robbery-6,Robbery
INF-0038194,informal-Burglary-4,Burglary
INF-0040686,informal-Theft-9,Theft
INF-0031051,informal-Cybercrime-11,Cybercrime
INF-0008425,informal-Assault-9,Assault
INF-0013718,informal-Theft-4,Theft
SYN-0002654,Vandalism-3-layout5,Vandalism
INF-0015188,informal-Fraud-8,Fraud
INF-0033644,informal-Fraud-11,Fraud
INF-0003394,informal-Burglary-10,Burglary
SYN-0011151,Arson-1-layout0,Arson
INF-0010089,informal-Assault-1,Assault
INF-0027286,informal-Theft-8,Theft
SYN-0008592,Burglary-2-layout2,Burglary
INF-0033868,informal-Fraud-3,Fraud
INF-0034070,informal-Theft-10,Theft
SYN-0011860,Fraud-2-layout5,Fraud
SYN-0000992,Burglary-4-layout3,Burglary
INF-0035171,informal-Cybercrime-4,Cybercrime
INF-0020755,informal-Cybercrime-2,Cybercrime
INF-0027097,informal-Assault-3,Assault
INF-0042278,informal-Theft-10,Theft
INF-0010733,informal-Robbery-9,Robbery
INF-0006215,informal-Vandalism-2,Vandalism
INF-0003528,informal-Arson-9,Arson
INF-0047983,informal-Vandalism-3,Vandalism
INF-0047978,informal-Burglary-3,Burglary
SYN-0008541,Cybercrime-3-layout1,Cybercrime
INF-0002332,informal-Fraud-3,Fraud
INF-0047557,informal-Robbery-4,Robbery
INF-0009709,informal-Robbery-7,Robbery
INF-0009145,informal-Assault-9,Assault
SYN-0002533,Cybercrime-4-layout3,Cybercrime
INF-0008303,informal-Vandalism-11,Vandalism
SYN-0009443,Assault-4-layout3,Assault
INF-0029756,informal-Fraud-11,Fraud
INF-0016131,informal-Cybercrime-0,Cybercrime
SYN-0006747,Assault-3-layout3,Assault
INF-0042513,informal-Assault-4,Assault
INF-0005341,informal-Robbery-1,Robbery
INF-0015497,informal-Assault-11,Assault
INF-0043353,informal-Assault-1,Assault
INF-0034057,informal-Assault-9,Assault
INF-0011111,informal-Vandalism-2,Vandalism
SYN-0008521,Robbery-1-layout1,Robbery
SYN-0009179,Assault-3-layout5,Assault
SYN-0011074,Theft-0-layout5,Theft
INF-0033996,informal-Fraud-1,Fraud
INF-0011524,informal-Fraud-0,Fraud
INF-0033841,informal-Assault-0,Assault
INF-0028440,informal-Arson-9,Arson
INF-0034766,informal-Theft-7,Theft
INF-0022265,informal-Assault-11,Assault
INF-0017031,informal-Vandalism-4,Vandalism
INF-0045218,informal-Burglary-0,Burglary
INF-0024246,informal-Theft-6,Theft
INF-0029455,informal-Vandalism-9,Vandalism
INF-0028853,informal-Robbery-6,Robbery
INF-0042140,informal-Fraud-11,Fraud
INF-0023185,informal-Assault-0,Assault
INF-0010428,informal-Fraud-7,Fraud
INF-0015184,informal-Arson-8,Arson
INF-0033053,informal-Robbery-9,Robbery
INF-0018009,informal-Assault-1,Assault
INF-0021629,informal-Robbery-3,Robbery
INF-0009097,informal-Assault-3,Assault
INF-0014722,informal-Burglary-4,Burglary
SYN-0001025,Robbery-0-layout4,Robbery
INF-0005194,informal-Burglary-1,Burglary
INF-0028535,informal-Vandalism-2,Vandalism
SYN-0008519,Arson-0-layout1,Arson
INF-0019098,informal-Burglary-11,Burglary
INF-0014627,informal-Cybercrime-10,Cybercrime
INF-0002507,informal-Cybercrime-7,Cybercrime
INF-0040910,informal-Theft-1,Theft
INF-0022691,informal-Cybercrime-10,Cybercrime
INF-0010559,informal-Vandalism-5,Vandalism
INF-0038201,informal-Assault-5,Assault
INF-0040643,informal-Cybercrime-4,Cybercrime
SYN-0003997,Cybercrime-3-layout2,Cybercrime
INF-0042807,informal-Vandalism-4,Vandalism
INF-0009700,informal-Fraud-6,Fraud
INF-0007783,informal-Vandalism-0,Vandalism
SYN-0004581,Cybercrime-4-layout5,Cybercrime
INF-0044365,informal-Robbery-1,Robbery
INF-0000784,informal-Arson-8,Arson
INF-0045523,informal-Cybercrime-2,Cybercrime
INF-0008262,informal-Theft-6,Theft
SYN-0004167,Arson-0-layout5,Arson
SYN-0003814,Vandalism-4-layout5,Vandalism
SYN-0009502,Vandalism-3-layout4,Vandalism
INF-0018370,informal-Burglary-10,Burglary
INF-0008097,informal-Assault-4,Assault
INF-0013900,informal-Fraud-9,Fraud
SYN-0002625,Robbery-0-layout5,Robbery
INF-0019519,informal-Vandalism-9,Vandalism
INF-0039962,informal-Burglary-9,Burglary
INF-0022688,informal-Arson-10,Arson
INF-0024260,informal-Fraud-8,Fraud
INF-0024793,informal-Assault-3,Assault
SYN-0000781,Cybercrime-1-layout0,Cybercrime
INF-0041922,informal-Burglary-2,Burglary
INF-0038178,informal-Burglary-2,Burglary
INF-0037776,informal-Arson-6,Arson
INF-0033887,informal-Vandalism-5,Vandalism
INF-0010725,informal-Robbery-8,Robbery
INF-0042641,informal-Assault-2,Assault
SYN-0007767,Arson-2-layout1,Arson
INF-0047730,informal-Burglary-8,Burglary
INF-0045946,informal-Burglary-1,Burglary
INF-0044651,informal-Cybercrime-1,Cybercrime
INF-0006571,informal-Cybercrime-11,Cybercrime
INF-0032725,informal-Robbery-4,Robbery
INF-0044285,informal-Robbery-9,Robbery
INF-0020326,informal-Theft-2,Theft
INF-0025827,informal-Cybercrime-6,Cybercrime
INF-0018607,informal-Vandalism-3,Vandalism
SYN-0006404,Fraud-0-layout4,Fraud
INF-0020392,informal-Arson-11,Arson
INF-0020460,informal-Fraud-1,Fraud
INF-0037894,informal-Theft-2,Theft
INF-0031023,informal-Vandalism-7,Vandalism
INF-0021059,informal-Cybercrime-4,Cybercrime
INF-0001878,informal-Theft-0,Theft
INF-0017934,informal-Theft-9,Theft
INF-0022497,informal-Assault-4,Assault
INF-0042683,informal-Cybercrime-7,Cybercrime
INF-0005223,informal-Vandalism-4,Vandalism
INF-0021183,informal-Vandalism-1,Vandalism
INF-0042370,informal-Burglary-4,Burglary
INF-0022681,informal-Assault-9,Assault
INF-0009423,informal-Vandalism-7,Vandalism
INF-0039030,informal-Theft-0,Theft
INF-0019895,informal-Vandalism-2,Vandalism
INF-0017743,informal-Vandalism-3,Vandalism
INF-0005219,informal-Cybercrime-4,Cybercrime
SYN-0004192,Burglary-4-layout5,Burglary
INF-0021055,informal-Vandalism-3,Vandalism
INF-0037790,informal-Theft-7,Theft
INF-0032332,informal-Fraud-9,Fraud
INF-0003216,informal-Arson-6,Arson
INF-0008099,informal-Cybercrime-4,Cybercrime
SYN-0008600,Burglary-3-layout2,Burglary
INF-0047105,informal-Assault-2,Assault
INF-0005484,informal-Fraud-1,Fraud
SYN-0006092,Fraud-1-layout5,Fraud
INF-0032917,informal-Robbery-10,Robbery
INF-0017017,informal-Assault-3,Assault
INF-0019044,informal-Fraud-4,Fraud
INF-0002331,informal-Cybercrime-3,Cybercrime
INF-0000357,informal-Robbery-8,Robbery
SYN-0009812,Fraud-2-layout3,Fraud
INF-0020649,informal-Assault-7,Assault
INF-0037928,informal-Arson-7,Arson
INF-0021341,informal-Robbery-3,Robbery
INF-0000640,informal-Arson-8,Arson
INF-0002508,informal-Fraud-7,Fraud
INF-0040949,informal-Robbery-6,Robbery
INF-0001331,informal-Cybercrime-4,Cybercrime
INF-0046259,informal-Cybercrime-4,Cybercrime
INF-0031448,informal-Arson-7,Arson
INF-0036226,informal-Burglary-10,Burglary
INF-0002252,informal-Fraud-11,Fraud
INF-0025142,informal-Theft-10,Theft
SYN-0002324,Fraud-2-layout0,Fraud
INF-0027960,informal-Arson-3,Arson
INF-0017084,informal-Fraud-11,Fraud
INF-0024264,informal-Arson-9,Arson
INF-0024842,informal-Burglary-9,Burglary
INF-0025215,informal-Vandalism-1,Vandalism
INF-0014173,informal-Robbery-7,Robbery
INF-0022627,informal-Cybercrime-2,Cybercrime
INF-0015062,informal-Theft-10,Theft
INF-0029525,informal-Robbery-0,Robbery
SYN-0000678,Vandalism-4-layout4,Vandalism
INF-0035001,informal-Assault-1,Assault
INF-0032877,informal-Robbery-5,Robbery
INF-0019367,informal-Vandalism-8,Vandalism
INF-0039657,informal-Assault-7,Assault
SYN-0001108,Fraud-2-layout5,Fraud
INF-0032978,informal-Burglary-0,Burglary
INF-0005485,informal-Robbery-1,Robbery
INF-0038668,informal-Fraud-9,Fraud
INF-0012874,informal-Burglary-7,Burglary
INF-0006980,informal-Fraud-8,Fraud
SYN-0009994,Theft-1-layout0,Theft
SYN-0011072,Burglary-0-layout5,Burglary
INF-0020459,informal-Cybercrime-1,Cybercrime
INF-0005800,informal-Arson-5,Arson
INF-0018660,informal-Fraud-10,Fraud
SYN-0007773,Cybercrime-3-layout1,Cybercrime
INF-0042571,informal-Cybercrime-11,Cybercrime
INF-0027550,informal-Theft-5,Theft
INF-0014745,informal-Assault-7,Assault
INF-0019233,informal-Assault-10,Assault
INF-0001955,informal-Cybercrime-10,Cybercrime
INF-0019169,informal-Assault-2,Assault
INF-0032261,informal-Robbery-0,Robbery
INF-0015120,informal-Arson-0,Arson
INF-0042265,informal-Assault-9,Assault
SYN-0006405,Cybercrime-0-layout4,Cybercrime
INF-0018628,informal-Fraud-6,Fraud
SYN-0004881,Robbery-2-layout4,Robbery
INF-0009445,informal-Robbery-10,Robbery
INF-0003772,informal-Fraud-3,Fraud
SYN-0003461,Cybercrime-0-layout0,Cybercrime
INF-0047003,informal-Cybercrime-7,Cybercrime
INF-0037198,informal-Theft-5,Theft
INF-0012280,informal-Arson-5,Arson
INF-0003645,informal-Robbery-5,Robbery
SYN-0006473,Robbery-1-layout5,Robbery
INF-0037932,informal-Fraud-7,Fraud
INF-0016709,informal-Robbery-0,Robbery
INF-0027580,informal-Fraud-9,Fraud
SYN-0004937,Robbery-1-layout5,Robbery
SYN-0002263,Arson-2-layout5,Arson
INF-0039646,informal-Theft-5,Theft
INF-0036933,informal-Robbery-8,Robbery
SYN-0008542,Vandalism-3-layout1,Vandalism
INF-0039456,informal-Arson-0,Arson
INF-0022478,informal-Theft-1,Theft
INF-0038810,informal-Burglary-9,Burglary
SYN-0003727,Arson-1-layout4,Arson
INF-0021243,informal-Cybercrime-9,Cybercrime
INF-0007108,informal-Fraud-6,Fraud
INF-0003542,informal-Theft-10,Theft
INF-0000333,informal-Robbery-5,Robbery
INF-0014330,informal-Burglary-9,Burglary
INF-0042343,informal-Vandalism-0,Vandalism
INF-0045823,informal-Vandalism-3,Vandalism
INF-0025088,informal-Arson-4,Arson
INF-0012866,informal-Burglary-6,Burglary
INF-0015869,informal-Robbery-3,Robbery
INF-0022642,informal-Burglary-4,Burglary
SYN-0010195,Assault-2-layout3,Assault
INF-0026270,informal-Theft-7,Theft
INF-0042666,informal-Burglary-5,Burglary
INF-0043381,informal-Robbery-4,Robbery
SYN-0011559,Arson-4-layout0,Arson
INF-0014783,informal-Vandalism-11,Vandalism
INF-0035782,informal-Theft-8,Theft
INF-0034188,informal-Fraud-7,Fraud
INF-0034763,informal-Cybercrime-7,Cybercrime
INF-0016036,informal-Fraud-6,Fraud
INF-0022046,informal-Theft-1,Theft
INF-0008132,informal-Fraud-8,Fraud
SYN-0001811,Assault-2-layout4,Assault
INF-0014205,informal-Robbery-11,Robbery
SYN-0011022,Vandalism-1-layout4,Vandalism
INF-0007374,informal-Theft-3,Theft
INF-0001181,informal-Robbery-3,Robbery
INF-0006214,informal-Theft-2,Theft
INF-0015871,informal-Vandalism-3,Vandalism
SYN-0002193,Robbery-2-layout4,Robbery
INF-0012119,informal-Vandalism-2,Vandalism
INF-0025107,informal-Cybercrime-6,Cybercrime
INF-0002823,informal-Vandalism-10,Vandalism
INF-0029269,informal-Robbery-4,Robbery
INF-0042082,informal-Burglary-4,Burglary
INF-0022626,informal-Burglary-2,Burglary
INF-0043151,informal-Vandalism-11,Vandalism
INF-0030169,informal-Assault-9,Assault
INF-0010264,informal-Arson-5,Arson
INF-0043357,informal-Robbery-1,Robbery
INF-0037161,informal-Assault-1,Assault
INF-0031763,informal-Cybercrime-10,Cybercrime
INF-0020914,informal-Burglary-4,Burglary
INF-0007689,informal-Assault-7,Assault
INF-0008864,informal-Arson-10,Arson
SYN-0005138,Theft-2-layout2,Theft
INF-0038822,informal-Theft-10,Theft
INF-0040193,informal-Assault-2,Assault
INF-0020049,informal-Assault-4,Assault
INF-0013541,informal-Robbery-0,Robbery
INF-0013545,informal-Assault-1,Assault
SYN-0006882,Theft-4-layout5,Theft
INF-0042805,informal-Robbery-4,Robbery
INF-0013047,informal-Vandalism-10,Vandalism
INF-0021324,informal-Fraud-1,Fraud
INF-0043426,informal-Burglary-10,Burglary
INF-0015867,informal-Cybercrime-3,Cybercrime
SYN-0004887,Arson-2-layout4,Arson
SYN-0010772,Fraud-2-layout0,Fraud
INF-0029035,informal-Cybercrime-11,Cybercrime
INF-0039395,informal-Cybercrime-10,Cybercrime
INF-0001177,informal-Assault-3,Assault
INF-0039044,informal-Fraud-2,Fraud
SYN-0004774,Vandalism-4-layout2,Vandalism
INF-0008576,informal-Arson-10,Arson
INF-0010017,informal-Assault-10,Assault
INF-0026709,informal-Robbery-8,Robbery
INF-0006391,informal-Vandalism-6,Vandalism
INF-0037935,informal-Vandalism-7,Vandalism
INF-0039527,informal-Vandalism-8,Vandalism
INF-0002355,informal-Cybercrime-6,Cybercrime
INF-0036946,informal-Burglary-10,Burglary
SYN-0004567,Arson-2-layout5,Arson
SYN-0010084,Fraud-4-layout1,Fraud
INF-0007691,informal-Cybercrime-7,Cybercrime
INF-0029679,informal-Vandalism-1,Vandalism
INF-0013775,informal-Vandalism-11,Vandalism
SYN-0009501,Cybercrime-3-layout4,Cybercrime
INF-0042083,informal-Cybercrime-4,Cybercrime
INF-0001640,informal-Arson-7,Arson
INF-0004900,informal-Fraud-0,Fraud
